会员ID,性别,会员等级,注册渠道,年龄,职业,所在城市,家庭阶段,是否付费会员
A001,女,银卡,微信小程序,34,服务业,其他,二人世界,否
A002,男,银卡,微信小程序,47,企业职员,广州,三口之家,否
A003,女,黑金,微信小程序,37,公务员,武汉,三口之家,是
A004,女,银卡,微信小程序,44,企业职员,青岛,单身青年,否
A005,女,普通,社群裂变,28,自由职业,武汉,多口之家,否
A006,女,普通,线下扫码,28,其他,重庆,三口之家,否
A007,男,金卡,线下扫码,46,全职主妇,上海,三口之家,是
A008,女,黑金,地推活动,43,企业职员,上海,单身青年,是
A009,男,金卡,App自然注册,43,企业职员,北京,三口之家,否
A010,女,普通,线下扫码,38,企业职员,苏州,三口之家,否
A011,女,银卡,App自然注册,54,其他,天津,单身青年,否
A012,女,金卡,线下扫码,55,自由职业,重庆,二人世界,是
A013,男,金卡,App自然注册,40,互联网从业,西安,三口之家,是
A014,男,金卡,微信小程序,40,企业职员,杭州,单身青年,是
A015,男,银卡,App自然注册,33,服务业,广州,单身青年,否
A016,男,银卡,App自然注册,45,企业职员,武汉,三口之家,否
A017,男,金卡,微信小程序,43,服务业,上海,多口之家,是
A018,女,黑金,线下扫码,38,学生,上海,三口之家,是
A019,男,普通,外卖平台导流,33,企业职员,上海,二人世界,否
A020,男,银卡,外卖平台导流,47,全职主妇,广州,三口之家,否
A021,女,金卡,微信小程序,52,企业职员,西安,三口之家,是
A022,男,银卡,社群裂变,41,全职主妇,苏州,单身青年,否
A023,男,银卡,微信小程序,38,企业职员,北京,二人世界,否
A024,男,银卡,微信小程序,41,自由职业,北京,单身青年,否
A025,女,金卡,社群裂变,45,服务业,北京,三口之家,是
A026,男,黑金,微信小程序,51,互联网从业,郑州,三口之家,是
A027,女,银卡,微信小程序,55,企业职员,苏州,三口之家,否
A028,女,金卡,微信小程序,40,互联网从业,北京,多口之家,是
A029,女,普通,微信小程序,46,企业职员,上海,三口之家,否
A030,男,金卡,App自然注册,34,互联网从业,深圳,三口之家,是
A031,男,银卡,线下扫码,32,互联网从业,其他,二人世界,否
A032,女,银卡,外卖平台导流,42,互联网从业,南京,多口之家,否
A033,女,黑金,社群裂变,37,企业职员,其他,银发族,是
A034,女,银卡,App自然注册,48,自由职业,其他,三口之家,否
A035,女,银卡,外卖平台导流,39,学生,上海,多口之家,否
A036,女,银卡,微信小程序,41,互联网从业,南京,单身青年,否
A037,男,银卡,微信小程序,35,全职主妇,深圳,单身青年,否
A038,女,银卡,微信小程序,38,企业职员,北京,三口之家,否
A039,女,普通,地推活动,28,互联网从业,郑州,三口之家,否
A040,女,金卡,社群裂变,37,全职主妇,深圳,银发族,否
A041,男,金卡,微信小程序,38,全职主妇,北京,单身青年,否
A042,女,金卡,外卖平台导流,53,企业职员,成都,银发族,是
A043,女,金卡,线下扫码,35,自由职业,杭州,三口之家,是
A044,男,黑金,微信小程序,48,企业职员,北京,单身青年,是
A045,男,金卡,社群裂变,36,企业职员,深圳,二人世界,否
A046,男,金卡,微信小程序,44,企业职员,广州,银发族,是
A047,男,普通,微信小程序,47,其他,其他,三口之家,否
A048,女,金卡,社群裂变,49,全职主妇,上海,三口之家,是
A049,男,金卡,社群裂变,28,企业职员,成都,单身青年,是
A050,女,银卡,微信小程序,44,自由职业,广州,二人世界,否
A051,女,金卡,线下扫码,40,互联网从业,其他,多口之家,否
A052,女,普通,线下扫码,41,企业职员,深圳,三口之家,否
A053,女,金卡,App自然注册,53,企业职员,上海,单身青年,否
A054,男,金卡,微信小程序,35,企业职员,深圳,银发族,是
A055,女,黑金,微信小程序,32,学生,武汉,三口之家,是
A056,男,普通,社群裂变,45,全职主妇,武汉,二人世界,否
A057,女,银卡,App自然注册,38,服务业,北京,三口之家,否
A058,男,金卡,微信小程序,42,自由职业,长沙,三口之家,否
A059,男,普通,微信小程序,53,互联网从业,杭州,银发族,否
A060,男,金卡,App自然注册,34,自由职业,武汉,单身青年,是
A061,女,银卡,微信小程序,28,其他,上海,银发族,否
A062,男,普通,线下扫码,55,全职主妇,苏州,三口之家,否
A063,女,银卡,外卖平台导流,48,企业职员,上海,多口之家,否
A064,男,银卡,社群裂变,35,其他,苏州,单身青年,否
A065,男,银卡,微信小程序,48,学生,上海,单身青年,否
A066,男,银卡,微信小程序,47,学生,深圳,三口之家,否
A067,女,金卡,微信小程序,37,服务业,成都,二人世界,是
A068,女,黑金,App自然注册,34,互联网从业,杭州,三口之家,是
A069,女,金卡,社群裂变,51,全职主妇,上海,三口之家,否
A070,女,黑金,线下扫码,44,自由职业,上海,三口之家,是
A071,女,普通,社群裂变,36,公务员,成都,多口之家,否
A072,女,黑金,线下扫码,43,服务业,其他,二人世界,是
A073,男,金卡,微信小程序,36,企业职员,天津,二人世界,是
A074,女,金卡,微信小程序,29,全职主妇,广州,多口之家,是
A075,男,金卡,社群裂变,38,其他,武汉,单身青年,是
A076,女,银卡,线下扫码,37,企业职员,北京,二人世界,否
A077,男,普通,社群裂变,32,其他,其他,单身青年,否
A078,女,金卡,App自然注册,40,全职主妇,其他,三口之家,是
A079,女,银卡,外卖平台导流,55,学生,广州,三口之家,否
A080,男,银卡,外卖平台导流,42,全职主妇,武汉,银发族,否
A081,男,普通,App自然注册,38,企业职员,成都,二人世界,否
A082,女,黑金,外卖平台导流,46,企业职员,北京,三口之家,是
A083,男,金卡,App自然注册,35,公务员,其他,三口之家,是
A084,男,黑金,微信小程序,50,企业职员,上海,三口之家,是
A085,女,金卡,社群裂变,51,全职主妇,南京,三口之家,否
A086,女,黑金,外卖平台导流,35,全职主妇,苏州,二人世界,是
A087,女,银卡,App自然注册,28,自由职业,郑州,单身青年,否
A088,女,金卡,外卖平台导流,42,服务业,成都,单身青年,是
A089,男,银卡,微信小程序,47,其他,广州,多口之家,否
A090,女,金卡,线下扫码,40,全职主妇,苏州,三口之家,否
A091,女,普通,外卖平台导流,42,企业职员,重庆,多口之家,否
A092,男,黑金,微信小程序,49,企业职员,深圳,二人世界,是
A093,女,银卡,App自然注册,40,全职主妇,成都,三口之家,否
A094,男,黑金,微信小程序,47,公务员,南京,三口之家,是
A095,男,银卡,App自然注册,44,学生,苏州,三口之家,否
A096,男,金卡,微信小程序,32,企业职员,深圳,多口之家,是
A097,女,普通,线下扫码,41,全职主妇,苏州,单身青年,否
A098,女,普通,地推活动,36,自由职业,西安,二人世界,否
A099,男,普通,社群裂变,35,互联网从业,北京,多口之家,否
A100,男,金卡,微信小程序,55,公务员,上海,单身青年,是
A101,女,普通,微信小程序,48,全职主妇,成都,单身青年,否
A102,男,金卡,微信小程序,47,全职主妇,上海,多口之家,否
A103,男,金卡,线下扫码,28,企业职员,成都,三口之家,是
A104,女,金卡,微信小程序,36,互联网从业,广州,多口之家,是
A105,女,金卡,微信小程序,39,自由职业,重庆,银发族,否
A106,女,普通,外卖平台导流,38,全职主妇,武汉,三口之家,否
A107,女,银卡,线下扫码,28,其他,北京,单身青年,否
A108,女,金卡,外卖平台导流,35,服务业,北京,三口之家,是
A109,男,银卡,微信小程序,39,服务业,北京,三口之家,否
A110,男,银卡,线下扫码,47,自由职业,上海,单身青年,否
A111,女,银卡,App自然注册,42,企业职员,深圳,单身青年,否
A112,男,银卡,微信小程序,28,互联网从业,成都,三口之家,否
A113,男,金卡,外卖平台导流,34,互联网从业,青岛,银发族,是
A114,女,银卡,地推活动,30,其他,杭州,三口之家,否
A115,女,金卡,外卖平台导流,44,企业职员,天津,单身青年,是
A116,女,银卡,App自然注册,46,学生,北京,二人世界,否
A117,男,银卡,微信小程序,51,企业职员,广州,单身青年,否
A118,男,金卡,App自然注册,45,企业职员,郑州,三口之家,是
A119,女,普通,线下扫码,39,服务业,西安,三口之家,否
A120,男,金卡,微信小程序,47,企业职员,郑州,单身青年,是
A121,女,银卡,App自然注册,37,学生,北京,单身青年,否
A122,女,金卡,地推活动,55,互联网从业,杭州,单身青年,否
A123,女,银卡,微信小程序,28,服务业,北京,多口之家,否
A124,女,金卡,微信小程序,38,学生,青岛,三口之家,否
A125,女,普通,外卖平台导流,39,学生,北京,三口之家,否
A126,女,金卡,线下扫码,33,全职主妇,西安,多口之家,是
A127,男,银卡,微信小程序,37,服务业,上海,银发族,否
A128,男,普通,App自然注册,39,自由职业,广州,三口之家,否
A129,女,黑金,微信小程序,34,学生,苏州,三口之家,是
A130,男,金卡,微信小程序,41,全职主妇,深圳,二人世界,是
A131,女,金卡,App自然注册,37,其他,青岛,单身青年,是
A132,男,普通,App自然注册,47,全职主妇,广州,银发族,否
A133,女,普通,线下扫码,28,全职主妇,北京,三口之家,否
A134,女,金卡,社群裂变,49,学生,成都,多口之家,是
A135,女,银卡,微信小程序,55,企业职员,深圳,单身青年,否
A136,女,普通,微信小程序,47,全职主妇,成都,银发族,否
A137,女,普通,微信小程序,47,企业职员,杭州,三口之家,否
A138,女,普通,社群裂变,37,服务业,深圳,三口之家,否
A139,男,金卡,微信小程序,36,全职主妇,青岛,单身青年,是
A140,女,金卡,App自然注册,47,其他,天津,二人世界,否
A141,女,银卡,线下扫码,55,全职主妇,深圳,三口之家,否
A142,女,金卡,微信小程序,39,学生,上海,单身青年,是
A143,男,金卡,微信小程序,38,自由职业,重庆,单身青年,是
A144,女,金卡,地推活动,41,全职主妇,成都,三口之家,是
A145,女,银卡,微信小程序,49,企业职员,上海,三口之家,否
A146,男,银卡,线下扫码,28,企业职员,成都,三口之家,否
A147,女,普通,微信小程序,31,其他,南京,三口之家,否
A148,女,金卡,社群裂变,48,全职主妇,北京,单身青年,是
A149,男,银卡,微信小程序,39,全职主妇,重庆,二人世界,否
A150,女,银卡,地推活动,36,公务员,武汉,二人世界,否
A151,女,银卡,线下扫码,40,互联网从业,天津,单身青年,否
A152,男,金卡,微信小程序,29,其他,南京,三口之家,是
A153,女,黑金,地推活动,41,其他,深圳,三口之家,是
A154,男,银卡,微信小程序,30,企业职员,苏州,二人世界,否
A155,男,银卡,社群裂变,46,全职主妇,北京,单身青年,否
A156,女,普通,微信小程序,48,全职主妇,上海,单身青年,否
A157,女,黑金,App自然注册,48,互联网从业,北京,二人世界,是
A158,男,普通,地推活动,37,企业职员,上海,三口之家,否
A159,男,银卡,线下扫码,41,互联网从业,郑州,银发族,否
A160,男,金卡,线下扫码,33,企业职员,上海,三口之家,否
A161,女,金卡,地推活动,45,自由职业,苏州,三口之家,是
A162,女,银卡,微信小程序,37,企业职员,武汉,单身青年,否
A163,女,金卡,外卖平台导流,44,自由职业,杭州,三口之家,否
A164,女,普通,线下扫码,44,企业职员,武汉,多口之家,否
A165,男,普通,社群裂变,28,企业职员,西安,多口之家,否
A166,女,金卡,微信小程序,40,服务业,青岛,二人世界,是
A167,男,普通,社群裂变,36,企业职员,其他,三口之家,否
A168,女,金卡,微信小程序,42,自由职业,郑州,二人世界,是
A169,男,黑金,微信小程序,44,全职主妇,深圳,二人世界,是
A170,女,银卡,线下扫码,34,其他,天津,银发族,否
A171,男,黑金,App自然注册,38,互联网从业,西安,二人世界,是
A172,男,普通,微信小程序,49,企业职员,深圳,三口之家,否
A173,男,普通,社群裂变,35,全职主妇,长沙,三口之家,否
A174,男,普通,线下扫码,36,企业职员,广州,二人世界,否
A175,男,金卡,微信小程序,40,自由职业,西安,三口之家,否
A176,男,普通,外卖平台导流,48,互联网从业,其他,银发族,否
A177,女,银卡,App自然注册,34,全职主妇,北京,三口之家,否
A178,女,金卡,外卖平台导流,50,自由职业,成都,单身青年,是
A179,男,金卡,App自然注册,47,全职主妇,北京,多口之家,是
A180,男,普通,线下扫码,38,企业职员,上海,单身青年,否
A181,男,金卡,微信小程序,35,全职主妇,成都,单身青年,否
A182,男,银卡,社群裂变,55,服务业,南京,三口之家,否
A183,女,金卡,社群裂变,41,学生,深圳,单身青年,是
A184,男,普通,社群裂变,36,学生,青岛,银发族,否
A185,男,银卡,App自然注册,47,其他,北京,二人世界,否
A186,男,金卡,外卖平台导流,46,自由职业,郑州,单身青年,否
A187,女,普通,App自然注册,51,公务员,广州,三口之家,否
A188,男,普通,App自然注册,50,企业职员,武汉,二人世界,否
A189,女,普通,微信小程序,37,企业职员,西安,三口之家,否
A190,男,普通,线下扫码,39,服务业,北京,多口之家,否
A191,女,银卡,线下扫码,34,企业职员,广州,三口之家,否
A192,女,黑金,App自然注册,48,公务员,郑州,三口之家,是
A193,女,银卡,社群裂变,35,全职主妇,广州,三口之家,否
A194,男,普通,App自然注册,36,企业职员,天津,银发族,否
A195,女,黑金,微信小程序,48,企业职员,青岛,三口之家,是
A196,女,金卡,App自然注册,46,全职主妇,杭州,二人世界,否
A197,女,普通,外卖平台导流,49,公务员,苏州,三口之家,否
A198,女,普通,线下扫码,53,全职主妇,杭州,单身青年,否
A199,男,普通,线下扫码,42,其他,成都,多口之家,否
A200,女,黑金,地推活动,54,服务业,深圳,单身青年,是
A201,男,银卡,微信小程序,38,互联网从业,苏州,三口之家,否
A202,女,普通,微信小程序,42,全职主妇,苏州,三口之家,否
A203,男,银卡,社群裂变,34,服务业,郑州,单身青年,否
A204,男,金卡,App自然注册,36,服务业,深圳,单身青年,是
A205,女,银卡,社群裂变,37,互联网从业,苏州,二人世界,否
A206,女,银卡,地推活动,42,学生,苏州,三口之家,否
A207,女,金卡,线下扫码,45,其他,广州,三口之家,是
A208,女,金卡,App自然注册,43,互联网从业,上海,多口之家,是
A209,女,金卡,外卖平台导流,37,互联网从业,上海,三口之家,是
A210,男,黑金,微信小程序,36,企业职员,杭州,多口之家,是
A211,女,银卡,App自然注册,47,企业职员,其他,多口之家,否
A212,女,银卡,微信小程序,48,企业职员,北京,二人世界,否
A213,男,银卡,线下扫码,40,全职主妇,北京,单身青年,否
A214,男,黑金,线下扫码,39,企业职员,上海,三口之家,是
A215,女,金卡,App自然注册,50,互联网从业,上海,三口之家,否
A216,男,金卡,微信小程序,51,全职主妇,天津,二人世界,是
A217,男,普通,社群裂变,45,学生,武汉,银发族,否
A218,女,银卡,App自然注册,34,自由职业,上海,单身青年,否
A219,男,金卡,地推活动,35,全职主妇,武汉,银发族,是
A220,男,普通,线下扫码,44,企业职员,苏州,二人世界,否
A221,男,黑金,App自然注册,50,全职主妇,上海,二人世界,是
A222,男,金卡,微信小程序,50,自由职业,其他,单身青年,是
A223,男,黑金,线下扫码,47,互联网从业,北京,银发族,是
A224,男,普通,App自然注册,55,企业职员,杭州,二人世界,否
A225,女,银卡,App自然注册,42,公务员,其他,多口之家,否
A226,女,银卡,外卖平台导流,50,企业职员,西安,银发族,否
A227,男,金卡,App自然注册,46,互联网从业,南京,银发族,是
A228,女,普通,微信小程序,49,企业职员,上海,二人世界,否
A229,男,金卡,线下扫码,31,服务业,北京,三口之家,否
A230,女,金卡,线下扫码,53,全职主妇,武汉,二人世界,否
A231,女,黑金,线下扫码,48,互联网从业,青岛,银发族,是
A232,女,普通,微信小程序,40,企业职员,其他,多口之家,否
A233,男,银卡,微信小程序,49,互联网从业,其他,单身青年,否
A234,女,黑金,地推活动,32,互联网从业,西安,二人世界,是
A235,女,金卡,线下扫码,33,服务业,北京,多口之家,是
A236,男,黑金,线下扫码,34,自由职业,成都,二人世界,是
A237,男,银卡,线下扫码,28,企业职员,青岛,三口之家,否
A238,女,普通,App自然注册,37,其他,杭州,单身青年,否
A239,女,黑金,微信小程序,36,互联网从业,天津,多口之家,是
A240,男,黑金,微信小程序,36,全职主妇,杭州,三口之家,是
A241,女,银卡,微信小程序,49,自由职业,深圳,三口之家,否
A242,男,银卡,微信小程序,37,企业职员,杭州,多口之家,否
A243,男,金卡,微信小程序,39,互联网从业,其他,单身青年,是
A244,女,银卡,微信小程序,34,自由职业,北京,银发族,否
A245,女,银卡,微信小程序,47,学生,深圳,三口之家,否
A246,女,黑金,微信小程序,43,互联网从业,南京,多口之家,是
A247,女,普通,外卖平台导流,32,全职主妇,杭州,三口之家,否
A248,男,金卡,社群裂变,28,学生,广州,单身青年,是
A249,女,银卡,社群裂变,46,全职主妇,武汉,单身青年,否
A250,男,黑金,App自然注册,45,学生,深圳,三口之家,是
A251,女,银卡,地推活动,40,全职主妇,上海,单身青年,否
A252,男,银卡,App自然注册,43,服务业,郑州,单身青年,否
A253,男,黑金,微信小程序,39,服务业,长沙,二人世界,是
A254,男,银卡,App自然注册,47,服务业,重庆,单身青年,否
A255,女,普通,微信小程序,43,公务员,深圳,单身青年,否
A256,男,黑金,微信小程序,50,服务业,上海,二人世界,是
A257,女,银卡,社群裂变,36,互联网从业,深圳,三口之家,否
A258,女,金卡,App自然注册,43,企业职员,天津,三口之家,是
A259,男,金卡,微信小程序,46,互联网从业,西安,多口之家,否
A260,女,金卡,微信小程序,45,全职主妇,长沙,银发族,是
A261,女,银卡,微信小程序,35,自由职业,上海,二人世界,否
A262,男,金卡,微信小程序,47,自由职业,深圳,三口之家,否
A263,男,银卡,App自然注册,43,公务员,广州,三口之家,否
A264,女,银卡,地推活动,43,互联网从业,其他,多口之家,否
A265,女,银卡,微信小程序,33,企业职员,深圳,二人世界,否
A266,男,银卡,社群裂变,47,全职主妇,其他,三口之家,否
A267,女,金卡,外卖平台导流,43,企业职员,其他,银发族,是
A268,女,金卡,社群裂变,50,公务员,其他,单身青年,是
A269,男,黑金,微信小程序,33,其他,深圳,多口之家,是
A270,男,普通,外卖平台导流,39,服务业,长沙,单身青年,否
A271,女,黑金,地推活动,30,全职主妇,其他,三口之家,是
A272,男,金卡,微信小程序,40,全职主妇,成都,多口之家,是
A273,女,银卡,线下扫码,39,互联网从业,广州,单身青年,否
A274,男,黑金,App自然注册,31,学生,郑州,银发族,是
A275,男,金卡,App自然注册,35,其他,其他,三口之家,是
A276,女,金卡,App自然注册,37,公务员,北京,三口之家,否
A277,男,黑金,地推活动,34,互联网从业,深圳,三口之家,是
A278,女,银卡,线下扫码,41,企业职员,广州,银发族,否
A279,女,金卡,App自然注册,47,企业职员,西安,二人世界,是
A280,男,黑金,线下扫码,39,自由职业,上海,二人世界,是
A281,女,银卡,微信小程序,36,企业职员,深圳,多口之家,否
A282,男,金卡,微信小程序,33,学生,上海,单身青年,是
A283,女,黑金,线下扫码,51,企业职员,重庆,三口之家,是
A284,女,黑金,微信小程序,35,企业职员,广州,三口之家,是
A285,女,普通,微信小程序,47,互联网从业,武汉,银发族,否
A286,女,普通,App自然注册,44,其他,重庆,三口之家,否
A287,女,普通,App自然注册,46,企业职员,北京,多口之家,否
A288,女,黑金,微信小程序,39,全职主妇,武汉,二人世界,是
A289,男,银卡,社群裂变,45,企业职员,西安,三口之家,否
A290,女,金卡,App自然注册,44,企业职员,西安,单身青年,否
A291,女,银卡,微信小程序,43,企业职员,上海,多口之家,否
A292,女,银卡,地推活动,40,学生,其他,单身青年,否
A293,男,银卡,线下扫码,54,企业职员,成都,三口之家,否
A294,女,金卡,外卖平台导流,42,企业职员,上海,多口之家,否
A295,女,银卡,外卖平台导流,28,全职主妇,上海,单身青年,否
A296,女,黑金,外卖平台导流,35,企业职员,武汉,三口之家,是
A297,女,金卡,社群裂变,28,公务员,重庆,单身青年,否
A298,女,普通,线下扫码,44,全职主妇,北京,多口之家,否
A299,女,金卡,微信小程序,42,服务业,成都,单身青年,是
A300,男,金卡,外卖平台导流,35,互联网从业,北京,多口之家,否
A301,女,金卡,线下扫码,28,自由职业,武汉,银发族,否
A302,女,金卡,线下扫码,55,公务员,郑州,三口之家,是
A303,女,黑金,微信小程序,36,互联网从业,北京,多口之家,是
A304,男,普通,微信小程序,50,企业职员,北京,二人世界,否
A305,女,金卡,微信小程序,46,公务员,郑州,单身青年,否
A306,男,金卡,地推活动,52,企业职员,其他,单身青年,是
A307,女,金卡,线下扫码,48,企业职员,武汉,三口之家,是
A308,女,金卡,线下扫码,33,服务业,重庆,三口之家,是
A309,男,普通,线下扫码,34,互联网从业,郑州,单身青年,否
A310,女,黑金,外卖平台导流,36,企业职员,南京,多口之家,是
A311,男,金卡,外卖平台导流,38,互联网从业,杭州,银发族,否
A312,男,银卡,线下扫码,50,公务员,长沙,银发族,否
A313,男,普通,微信小程序,28,其他,成都,二人世界,否
A314,女,金卡,App自然注册,43,企业职员,西安,单身青年,是
A315,男,普通,外卖平台导流,43,全职主妇,成都,多口之家,否
A316,男,普通,线下扫码,36,全职主妇,青岛,二人世界,否
A317,男,银卡,地推活动,38,公务员,广州,三口之家,否
A318,男,黑金,App自然注册,37,互联网从业,其他,多口之家,是
A319,女,金卡,App自然注册,39,服务业,深圳,单身青年,否
A320,男,金卡,微信小程序,54,全职主妇,郑州,二人世界,否
A321,女,银卡,微信小程序,52,服务业,上海,二人世界,否
A322,女,普通,微信小程序,35,互联网从业,天津,单身青年,否
A323,女,普通,微信小程序,37,互联网从业,广州,单身青年,否
A324,男,金卡,外卖平台导流,50,互联网从业,北京,单身青年,是
A325,男,银卡,外卖平台导流,38,企业职员,成都,三口之家,否
A326,女,银卡,微信小程序,35,其他,苏州,三口之家,否
A327,男,金卡,App自然注册,41,自由职业,杭州,二人世界,是
A328,男,普通,线下扫码,36,互联网从业,上海,多口之家,否
A329,女,黑金,线下扫码,31,服务业,苏州,二人世界,是
A330,女,普通,微信小程序,43,企业职员,北京,多口之家,否
A331,女,金卡,外卖平台导流,48,自由职业,杭州,多口之家,否
A332,女,银卡,App自然注册,48,全职主妇,长沙,银发族,否
A333,女,金卡,微信小程序,38,全职主妇,西安,三口之家,是
A334,女,金卡,微信小程序,52,企业职员,长沙,单身青年,否
A335,男,普通,社群裂变,41,自由职业,北京,二人世界,否
A336,女,金卡,微信小程序,35,企业职员,上海,三口之家,是
A337,女,金卡,微信小程序,46,公务员,成都,单身青年,否
A338,女,黑金,微信小程序,43,企业职员,成都,三口之家,是
A339,男,普通,线下扫码,47,互联网从业,天津,单身青年,否
A340,男,黑金,微信小程序,34,服务业,其他,三口之家,是
A341,男,金卡,线下扫码,36,互联网从业,广州,三口之家,是
A342,男,金卡,地推活动,52,企业职员,武汉,多口之家,是
A343,女,金卡,社群裂变,44,其他,南京,三口之家,是
A344,男,金卡,外卖平台导流,55,互联网从业,苏州,银发族,是
A345,女,黑金,App自然注册,47,互联网从业,苏州,二人世界,是
A346,女,银卡,外卖平台导流,31,互联网从业,长沙,多口之家,否
A347,男,普通,外卖平台导流,44,企业职员,长沙,二人世界,否
A348,女,金卡,外卖平台导流,45,企业职员,成都,三口之家,是
A349,男,普通,微信小程序,43,自由职业,重庆,银发族,否
A350,男,银卡,外卖平台导流,45,学生,其他,三口之家,否
A351,男,黑金,线下扫码,36,全职主妇,北京,单身青年,是
A352,女,金卡,微信小程序,30,公务员,武汉,银发族,是
A353,男,普通,微信小程序,45,自由职业,上海,三口之家,否
A354,女,银卡,线下扫码,40,其他,上海,单身青年,否
A355,女,银卡,App自然注册,33,服务业,武汉,银发族,否
A356,女,银卡,线下扫码,48,企业职员,广州,多口之家,否
A357,女,银卡,App自然注册,40,其他,北京,二人世界,否
A358,女,金卡,微信小程序,44,企业职员,深圳,银发族,否
A359,女,黑金,微信小程序,49,企业职员,天津,多口之家,是
A360,女,金卡,微信小程序,46,公务员,南京,三口之家,否
A361,女,金卡,微信小程序,36,企业职员,青岛,二人世界,是
A362,女,金卡,线下扫码,44,公务员,深圳,单身青年,是
A363,男,银卡,App自然注册,40,服务业,上海,二人世界,否
A364,男,银卡,线下扫码,39,互联网从业,成都,银发族,否
A365,女,金卡,外卖平台导流,38,全职主妇,天津,单身青年,否
A366,男,金卡,App自然注册,44,自由职业,南京,二人世界,否
A367,男,金卡,微信小程序,50,其他,成都,多口之家,是
A368,女,银卡,线下扫码,39,公务员,苏州,多口之家,否
A369,男,银卡,微信小程序,36,学生,长沙,二人世界,否
A370,男,金卡,外卖平台导流,41,服务业,北京,单身青年,是
A371,男,银卡,微信小程序,38,服务业,其他,二人世界,否
A372,女,普通,微信小程序,49,学生,天津,三口之家,否
A373,女,黑金,外卖平台导流,46,学生,深圳,二人世界,是
A374,女,金卡,微信小程序,43,企业职员,苏州,二人世界,是
A375,女,金卡,微信小程序,28,企业职员,重庆,多口之家,是
A376,女,银卡,社群裂变,42,企业职员,北京,三口之家,否
A377,男,普通,外卖平台导流,38,全职主妇,西安,二人世界,否
A378,女,金卡,App自然注册,40,其他,杭州,三口之家,是
A379,女,黑金,微信小程序,36,企业职员,广州,三口之家,是
A380,男,普通,线下扫码,36,公务员,上海,单身青年,否
A381,男,金卡,地推活动,42,自由职业,杭州,单身青年,是
A382,男,金卡,App自然注册,31,企业职员,深圳,银发族,是
A383,女,金卡,微信小程序,43,其他,郑州,多口之家,是
A384,女,银卡,外卖平台导流,44,全职主妇,上海,二人世界,否
A385,男,银卡,外卖平台导流,35,互联网从业,重庆,单身青年,否
A386,男,普通,微信小程序,46,企业职员,北京,多口之家,否
A387,男,普通,微信小程序,35,自由职业,西安,三口之家,否
A388,男,普通,App自然注册,41,自由职业,杭州,单身青年,否
A389,男,普通,社群裂变,53,全职主妇,北京,二人世界,否
A390,男,普通,外卖平台导流,41,服务业,成都,单身青年,否
A391,男,普通,App自然注册,44,全职主妇,北京,二人世界,否
A392,男,银卡,App自然注册,37,企业职员,深圳,三口之家,否
A393,女,金卡,App自然注册,41,企业职员,郑州,三口之家,是
A394,女,黑金,线下扫码,39,互联网从业,上海,三口之家,是
A395,女,普通,微信小程序,52,全职主妇,其他,单身青年,否
A396,男,普通,App自然注册,36,企业职员,北京,多口之家,否
A397,男,金卡,微信小程序,36,服务业,上海,多口之家,是
A398,女,银卡,微信小程序,41,服务业,南京,多口之家,否
A399,女,金卡,外卖平台导流,45,服务业,上海,二人世界,否
A400,女,金卡,外卖平台导流,43,互联网从业,北京,三口之家,是
A401,女,金卡,微信小程序,32,自由职业,西安,三口之家,是
A402,女,金卡,App自然注册,42,企业职员,北京,二人世界,是
A403,女,金卡,线下扫码,42,企业职员,南京,二人世界,是
A404,女,银卡,线下扫码,41,企业职员,深圳,银发族,否
A405,女,金卡,外卖平台导流,38,全职主妇,深圳,三口之家,否
A406,男,银卡,地推活动,45,公务员,上海,银发族,否
A407,男,金卡,线下扫码,34,自由职业,其他,三口之家,是
A408,男,金卡,线下扫码,28,企业职员,武汉,单身青年,是
A409,女,普通,外卖平台导流,55,公务员,苏州,单身青年,否
A410,男,普通,线下扫码,50,企业职员,长沙,多口之家,否
A411,女,银卡,外卖平台导流,38,其他,武汉,多口之家,否
A412,女,银卡,App自然注册,45,服务业,武汉,多口之家,否
A413,女,普通,地推活动,43,学生,武汉,二人世界,否
A414,男,银卡,App自然注册,45,全职主妇,杭州,二人世界,否
A415,女,金卡,App自然注册,35,服务业,上海,二人世界,否
A416,女,金卡,App自然注册,55,企业职员,长沙,二人世界,是
A417,女,普通,微信小程序,55,公务员,成都,单身青年,否
A418,男,普通,线下扫码,35,全职主妇,西安,三口之家,否
A419,女,普通,微信小程序,39,自由职业,青岛,银发族,否
A420,女,普通,微信小程序,40,企业职员,北京,二人世界,否
A421,女,银卡,微信小程序,38,自由职业,苏州,二人世界,否
A422,女,金卡,App自然注册,52,其他,深圳,二人世界,是
A423,男,银卡,外卖平台导流,28,全职主妇,上海,三口之家,否
A424,女,普通,社群裂变,46,服务业,西安,单身青年,否
A425,女,银卡,微信小程序,48,全职主妇,苏州,多口之家,否
A426,男,普通,线下扫码,29,全职主妇,广州,多口之家,否
A427,男,普通,App自然注册,43,全职主妇,其他,三口之家,否
A428,女,银卡,线下扫码,52,企业职员,成都,三口之家,否
A429,男,金卡,微信小程序,38,企业职员,西安,三口之家,否
A430,男,银卡,App自然注册,47,全职主妇,郑州,二人世界,否
A431,男,金卡,地推活动,50,企业职员,青岛,单身青年,否
A432,男,黑金,地推活动,35,企业职员,深圳,多口之家,是
A433,女,银卡,外卖平台导流,46,自由职业,重庆,三口之家,否
A434,男,银卡,微信小程序,38,企业职员,成都,三口之家,否
A435,女,黑金,社群裂变,50,企业职员,成都,单身青年,是
A436,女,银卡,线下扫码,28,全职主妇,成都,单身青年,否
A437,男,黑金,App自然注册,41,企业职员,北京,多口之家,是
A438,女,银卡,地推活动,46,互联网从业,杭州,单身青年,否
A439,男,金卡,社群裂变,30,全职主妇,深圳,单身青年,是
A440,女,普通,外卖平台导流,32,其他,青岛,三口之家,否
A441,男,银卡,线下扫码,44,其他,上海,二人世界,否
A442,女,黑金,微信小程序,36,互联网从业,成都,银发族,是
A443,男,银卡,App自然注册,37,其他,长沙,单身青年,否
A444,女,银卡,App自然注册,48,公务员,武汉,二人世界,否
A445,男,黑金,外卖平台导流,40,服务业,苏州,三口之家,是
A446,女,金卡,App自然注册,54,互联网从业,北京,三口之家,是
A447,女,黑金,线下扫码,52,公务员,深圳,三口之家,是
A448,女,金卡,社群裂变,39,公务员,杭州,单身青年,是
A449,女,金卡,App自然注册,47,其他,郑州,二人世界,是
A450,男,普通,微信小程序,55,自由职业,武汉,三口之家,否
A451,女,银卡,外卖平台导流,44,学生,深圳,二人世界,否
A452,女,普通,微信小程序,52,互联网从业,南京,三口之家,否
A453,男,金卡,App自然注册,44,全职主妇,南京,二人世界,是
A454,女,金卡,线下扫码,44,企业职员,广州,多口之家,否
A455,男,普通,App自然注册,49,全职主妇,上海,三口之家,否
A456,女,金卡,微信小程序,37,全职主妇,青岛,三口之家,是
A457,女,普通,微信小程序,54,全职主妇,上海,单身青年,否
A458,男,普通,微信小程序,38,互联网从业,杭州,三口之家,否
A459,女,金卡,微信小程序,47,公务员,北京,单身青年,否
A460,男,普通,App自然注册,43,全职主妇,武汉,银发族,否
A461,男,银卡,微信小程序,44,自由职业,成都,单身青年,否
A462,女,黑金,微信小程序,51,公务员,天津,三口之家,是
A463,女,普通,App自然注册,46,其他,天津,银发族,否
A464,男,银卡,微信小程序,42,自由职业,深圳,多口之家,否
A465,男,金卡,App自然注册,51,全职主妇,上海,三口之家,是
A466,女,黑金,线下扫码,42,自由职业,成都,三口之家,是
A467,女,金卡,外卖平台导流,31,服务业,成都,多口之家,否
A468,女,普通,微信小程序,42,自由职业,成都,三口之家,否
A469,男,银卡,外卖平台导流,38,互联网从业,长沙,三口之家,否
A470,女,黑金,线下扫码,45,互联网从业,上海,多口之家,是
A471,男,银卡,外卖平台导流,42,其他,深圳,银发族,否
A472,女,银卡,线下扫码,35,互联网从业,重庆,二人世界,否
A473,女,普通,App自然注册,33,自由职业,北京,三口之家,否
A474,男,银卡,微信小程序,41,全职主妇,上海,单身青年,否
A475,男,银卡,App自然注册,32,互联网从业,西安,单身青年,否
A476,女,普通,线下扫码,28,企业职员,西安,多口之家,否
A477,女,金卡,App自然注册,51,互联网从业,郑州,银发族,否
A478,女,银卡,微信小程序,35,学生,西安,单身青年,否
A479,女,普通,外卖平台导流,36,企业职员,北京,单身青年,否
A480,女,黑金,微信小程序,35,企业职员,成都,多口之家,是
A481,男,银卡,App自然注册,41,服务业,重庆,三口之家,否
A482,男,金卡,微信小程序,34,全职主妇,上海,银发族,是
A483,男,普通,外卖平台导流,44,服务业,成都,三口之家,否
A484,女,普通,App自然注册,37,服务业,西安,多口之家,否
A485,男,银卡,线下扫码,40,企业职员,成都,三口之家,否
A486,女,银卡,社群裂变,55,自由职业,深圳,多口之家,否
A487,女,银卡,App自然注册,55,自由职业,南京,多口之家,否
A488,男,金卡,App自然注册,48,企业职员,西安,三口之家,否
A489,女,银卡,线下扫码,46,企业职员,西安,多口之家,否
A490,男,银卡,线下扫码,40,其他,北京,三口之家,否
A491,女,金卡,线下扫码,50,其他,上海,三口之家,是
A492,女,黑金,App自然注册,55,自由职业,苏州,三口之家,是
A493,女,黑金,外卖平台导流,54,企业职员,武汉,三口之家,是
A494,女,金卡,微信小程序,51,自由职业,其他,银发族,是
A495,女,普通,微信小程序,50,企业职员,北京,多口之家,否
A496,男,普通,微信小程序,38,企业职员,长沙,三口之家,否
A497,女,金卡,微信小程序,33,企业职员,其他,单身青年,否
A498,男,金卡,线下扫码,33,企业职员,深圳,二人世界,是
A499,女,银卡,App自然注册,41,全职主妇,南京,单身青年,否
A500,女,普通,社群裂变,39,全职主妇,北京,三口之家,否
A501,男,普通,地推活动,28,企业职员,杭州,三口之家,否
A502,女,普通,微信小程序,36,自由职业,北京,三口之家,否
A503,女,金卡,外卖平台导流,55,服务业,西安,三口之家,是
A504,男,银卡,外卖平台导流,41,自由职业,北京,二人世界,否
A505,男,银卡,App自然注册,37,公务员,重庆,三口之家,否
A506,女,普通,微信小程序,36,互联网从业,上海,单身青年,否
A507,女,金卡,社群裂变,55,自由职业,长沙,三口之家,是
A508,女,黑金,微信小程序,34,其他,杭州,二人世界,是
A509,男,银卡,微信小程序,44,公务员,天津,三口之家,否
A510,男,普通,微信小程序,30,全职主妇,深圳,单身青年,否
A511,女,普通,外卖平台导流,43,互联网从业,成都,三口之家,否
A512,男,黑金,微信小程序,41,其他,西安,银发族,是
A513,女,黑金,App自然注册,49,企业职员,杭州,单身青年,是
A514,男,银卡,App自然注册,41,其他,杭州,单身青年,否
A515,女,银卡,微信小程序,48,全职主妇,上海,三口之家,否
A516,女,黑金,社群裂变,39,服务业,青岛,三口之家,是
A517,男,黑金,App自然注册,44,企业职员,武汉,二人世界,是
A518,女,普通,地推活动,46,自由职业,北京,单身青年,否
A519,女,金卡,微信小程序,46,学生,长沙,多口之家,否
A520,男,银卡,线下扫码,42,互联网从业,北京,三口之家,否
A521,男,银卡,App自然注册,31,企业职员,北京,三口之家,否
A522,女,普通,社群裂变,37,自由职业,南京,三口之家,否
A523,女,金卡,外卖平台导流,45,服务业,广州,银发族,是
A524,女,黑金,微信小程序,44,服务业,北京,三口之家,是
A525,男,普通,App自然注册,40,全职主妇,南京,单身青年,否
A526,男,金卡,微信小程序,37,互联网从业,杭州,三口之家,否
A527,男,金卡,线下扫码,38,全职主妇,重庆,多口之家,是
A528,女,普通,App自然注册,49,自由职业,成都,银发族,否
A529,女,银卡,社群裂变,44,企业职员,重庆,多口之家,否
A530,女,黑金,App自然注册,39,全职主妇,武汉,单身青年,是
A531,男,金卡,微信小程序,34,公务员,成都,三口之家,是
A532,女,金卡,App自然注册,50,其他,成都,三口之家,是
A533,男,金卡,线下扫码,28,企业职员,北京,单身青年,是
A534,女,金卡,线下扫码,31,服务业,广州,三口之家,否
A535,男,金卡,线下扫码,37,其他,西安,单身青年,是
A536,女,金卡,线下扫码,55,全职主妇,杭州,单身青年,是
A537,女,普通,线下扫码,39,自由职业,成都,多口之家,否
A538,女,银卡,微信小程序,34,学生,上海,三口之家,否
A539,女,银卡,微信小程序,33,互联网从业,上海,二人世界,否
A540,男,金卡,社群裂变,33,学生,其他,单身青年,否
A541,男,黑金,微信小程序,48,企业职员,深圳,单身青年,是
A542,女,普通,App自然注册,46,互联网从业,苏州,三口之家,否
A543,男,普通,地推活动,43,公务员,成都,单身青年,否
A544,男,银卡,App自然注册,49,服务业,天津,多口之家,否
A545,女,金卡,外卖平台导流,39,企业职员,重庆,单身青年,否
A546,男,银卡,社群裂变,49,互联网从业,武汉,单身青年,否
A547,女,普通,微信小程序,43,公务员,郑州,二人世界,否
A548,男,普通,地推活动,44,企业职员,郑州,单身青年,否
A549,女,银卡,微信小程序,49,企业职员,北京,二人世界,否
A550,男,银卡,微信小程序,48,企业职员,北京,二人世界,否
A551,女,银卡,App自然注册,39,互联网从业,广州,三口之家,否
A552,女,银卡,线下扫码,40,互联网从业,其他,多口之家,否
A553,女,普通,微信小程序,38,企业职员,其他,单身青年,否
A554,女,金卡,线下扫码,32,企业职员,郑州,银发族,是
A555,女,普通,微信小程序,45,企业职员,重庆,银发族,否
A556,男,黑金,微信小程序,43,互联网从业,其他,单身青年,是
A557,男,银卡,地推活动,41,企业职员,北京,三口之家,否
A558,女,金卡,App自然注册,35,企业职员,重庆,二人世界,否
A559,男,银卡,外卖平台导流,46,服务业,南京,三口之家,否
A560,男,金卡,App自然注册,55,全职主妇,成都,三口之家,是
A561,女,银卡,App自然注册,32,企业职员,上海,多口之家,否
A562,女,银卡,App自然注册,39,企业职员,武汉,单身青年,否
A563,女,普通,地推活动,44,学生,广州,三口之家,否
A564,男,普通,外卖平台导流,40,互联网从业,成都,二人世界,否
A565,女,银卡,App自然注册,36,全职主妇,长沙,单身青年,否
A566,男,黑金,App自然注册,42,学生,青岛,三口之家,是
A567,女,银卡,App自然注册,37,企业职员,深圳,二人世界,否
A568,男,金卡,微信小程序,51,公务员,其他,多口之家,是
A569,男,普通,微信小程序,46,服务业,上海,二人世界,否
A570,男,银卡,线下扫码,33,学生,北京,三口之家,否
A571,女,银卡,App自然注册,32,全职主妇,重庆,多口之家,否
A572,男,黑金,外卖平台导流,35,服务业,南京,三口之家,是
A573,男,金卡,社群裂变,41,服务业,上海,三口之家,是
A574,女,黑金,微信小程序,42,服务业,杭州,三口之家,是
A575,女,金卡,微信小程序,49,企业职员,北京,三口之家,否
A576,女,金卡,微信小程序,36,企业职员,成都,三口之家,是
A577,女,普通,App自然注册,47,企业职员,深圳,二人世界,否
A578,男,黑金,微信小程序,39,其他,长沙,单身青年,是
A579,女,银卡,线下扫码,28,学生,天津,三口之家,否
A580,男,金卡,外卖平台导流,33,自由职业,成都,三口之家,是
A581,男,银卡,线下扫码,45,公务员,上海,单身青年,否
A582,男,黑金,线下扫码,48,服务业,北京,二人世界,是
A583,男,金卡,App自然注册,32,企业职员,成都,三口之家,是
A584,女,金卡,社群裂变,31,企业职员,西安,单身青年,是
A585,女,银卡,App自然注册,46,服务业,青岛,单身青年,否
A586,男,银卡,外卖平台导流,44,其他,上海,单身青年,否
A587,女,银卡,微信小程序,39,服务业,青岛,三口之家,否
A588,男,黑金,社群裂变,48,企业职员,杭州,单身青年,是
A589,女,银卡,线下扫码,37,企业职员,南京,三口之家,否
A590,女,金卡,地推活动,42,学生,天津,单身青年,否
A591,男,普通,App自然注册,42,企业职员,北京,多口之家,否
A592,女,银卡,微信小程序,47,自由职业,青岛,银发族,否
A593,女,银卡,微信小程序,37,互联网从业,上海,三口之家,否
A594,男,金卡,社群裂变,42,互联网从业,深圳,单身青年,否
A595,男,金卡,地推活动,32,公务员,北京,三口之家,是
A596,男,黑金,微信小程序,28,企业职员,深圳,银发族,是
A597,男,普通,线下扫码,51,学生,上海,二人世界,否
A598,女,银卡,App自然注册,42,自由职业,深圳,单身青年,否
A599,女,金卡,App自然注册,33,企业职员,武汉,三口之家,是
A600,男,金卡,线下扫码,45,全职主妇,成都,银发族,是
B0001,男,普通,App自然注册,25,自由职业,广州,银发族,否
B0002,男,银卡,微信小程序,44,企业职员,广州,单身青年,否
B0003,女,银卡,微信小程序,41,企业职员,北京,三口之家,否
B0004,男,银卡,外卖平台导流,43,学生,其他,银发族,否
B0005,男,普通,App自然注册,41,公务员,郑州,单身青年,否
B0006,男,银卡,App自然注册,38,自由职业,杭州,三口之家,否
B0007,男,普通,微信小程序,30,学生,杭州,二人世界,否
B0008,男,普通,外卖平台导流,43,互联网从业,北京,二人世界,否
B0009,女,金卡,线下扫码,40,服务业,其他,三口之家,否
B0010,男,银卡,社群裂变,40,自由职业,重庆,单身青年,否
B0011,女,普通,外卖平台导流,41,企业职员,成都,银发族,否
B0012,女,普通,App自然注册,40,学生,广州,二人世界,否
B0013,女,普通,线下扫码,48,全职主妇,郑州,二人世界,否
B0014,男,普通,外卖平台导流,32,其他,武汉,三口之家,否
B0015,男,普通,线下扫码,38,自由职业,苏州,银发族,否
B0016,男,银卡,App自然注册,27,企业职员,杭州,银发族,否
B0017,男,银卡,线下扫码,33,公务员,北京,三口之家,否
B0018,女,银卡,App自然注册,39,自由职业,北京,二人世界,否
B0019,女,银卡,线下扫码,43,互联网从业,成都,单身青年,否
B0020,女,银卡,社群裂变,25,企业职员,上海,二人世界,否
B0021,男,普通,App自然注册,35,互联网从业,成都,二人世界,否
B0022,女,银卡,外卖平台导流,41,互联网从业,天津,三口之家,否
B0023,女,普通,App自然注册,46,服务业,天津,二人世界,否
B0024,男,普通,外卖平台导流,29,其他,北京,三口之家,否
B0025,男,普通,社群裂变,25,服务业,其他,单身青年,否
B0026,女,普通,线下扫码,41,企业职员,上海,多口之家,否
B0027,男,普通,微信小程序,38,全职主妇,北京,多口之家,否
B0028,男,金卡,线下扫码,30,其他,天津,三口之家,否
B0029,男,银卡,App自然注册,32,企业职员,杭州,三口之家,否
B0030,男,普通,微信小程序,42,其他,苏州,三口之家,否
B0031,男,黑金,App自然注册,41,学生,上海,二人世界,是
B0032,男,普通,微信小程序,40,其他,广州,二人世界,否
B0033,女,普通,外卖平台导流,35,服务业,上海,二人世界,否
B0034,女,银卡,线下扫码,33,企业职员,上海,三口之家,否
B0035,女,银卡,社群裂变,49,其他,重庆,多口之家,否
B0036,女,普通,线下扫码,30,企业职员,杭州,单身青年,否
B0037,男,普通,微信小程序,39,互联网从业,广州,三口之家,否
B0038,女,银卡,地推活动,34,企业职员,青岛,单身青年,否
B0039,女,普通,App自然注册,44,企业职员,深圳,二人世界,否
B0040,男,金卡,线下扫码,33,企业职员,天津,三口之家,否
B0041,女,普通,微信小程序,32,其他,天津,三口之家,否
B0042,男,普通,线下扫码,41,互联网从业,成都,二人世界,否
B0043,男,普通,App自然注册,38,企业职员,成都,三口之家,否
B0044,女,普通,App自然注册,28,全职主妇,苏州,三口之家,否
B0045,女,黑金,App自然注册,40,企业职员,武汉,多口之家,是
B0046,女,普通,微信小程序,47,服务业,长沙,单身青年,否
B0047,男,普通,外卖平台导流,25,全职主妇,杭州,二人世界,否
B0048,男,银卡,App自然注册,29,企业职员,杭州,三口之家,否
B0049,男,普通,App自然注册,39,企业职员,重庆,单身青年,否
B0050,男,普通,App自然注册,43,服务业,长沙,单身青年,否
B0051,女,金卡,App自然注册,47,企业职员,重庆,二人世界,否
B0052,女,金卡,社群裂变,41,全职主妇,西安,单身青年,是
B0053,男,普通,社群裂变,43,企业职员,其他,单身青年,否
B0054,女,普通,微信小程序,44,自由职业,广州,多口之家,否
B0055,男,普通,App自然注册,41,全职主妇,深圳,三口之家,否
B0056,女,普通,微信小程序,43,全职主妇,北京,单身青年,否
B0057,女,银卡,外卖平台导流,35,企业职员,其他,三口之家,否
B0058,女,金卡,社群裂变,52,企业职员,深圳,单身青年,是
B0059,女,普通,线下扫码,39,服务业,杭州,三口之家,否
B0060,男,普通,App自然注册,32,全职主妇,重庆,三口之家,否
B0061,男,普通,App自然注册,51,自由职业,杭州,多口之家,否
B0062,女,普通,线下扫码,32,全职主妇,武汉,多口之家,否
B0063,女,普通,微信小程序,42,企业职员,天津,三口之家,否
B0064,男,普通,社群裂变,31,企业职员,上海,单身青年,否
B0065,女,普通,App自然注册,47,学生,其他,单身青年,否
B0066,女,普通,线下扫码,45,自由职业,其他,三口之家,否
B0067,男,银卡,社群裂变,28,互联网从业,上海,三口之家,否
B0068,女,普通,微信小程序,34,自由职业,其他,三口之家,否
B0069,女,银卡,外卖平台导流,38,全职主妇,广州,银发族,否
B0070,女,普通,社群裂变,39,互联网从业,深圳,单身青年,否
B0071,男,普通,App自然注册,47,服务业,其他,单身青年,否
B0072,男,普通,外卖平台导流,36,企业职员,广州,二人世界,否
B0073,女,银卡,App自然注册,41,企业职员,郑州,三口之家,否
B0074,女,普通,地推活动,39,其他,苏州,多口之家,否
B0075,男,金卡,App自然注册,28,服务业,苏州,单身青年,是
B0076,女,金卡,外卖平台导流,43,企业职员,深圳,二人世界,否
B0077,男,普通,App自然注册,31,公务员,武汉,三口之家,否
B0078,女,普通,社群裂变,46,全职主妇,西安,二人世界,否
B0079,男,银卡,外卖平台导流,33,互联网从业,郑州,二人世界,否
B0080,男,银卡,社群裂变,44,企业职员,武汉,银发族,否
B0081,男,普通,微信小程序,39,企业职员,长沙,三口之家,否
B0082,女,普通,微信小程序,44,自由职业,上海,银发族,否
B0083,女,银卡,线下扫码,28,企业职员,杭州,单身青年,否
B0084,女,银卡,微信小程序,39,企业职员,苏州,三口之家,否
B0085,女,普通,线下扫码,44,企业职员,广州,三口之家,否
B0086,男,金卡,App自然注册,32,企业职员,上海,单身青年,是
B0087,女,普通,外卖平台导流,30,服务业,武汉,多口之家,否
B0088,女,普通,社群裂变,26,企业职员,上海,三口之家,否
B0089,女,黑金,微信小程序,43,自由职业,郑州,三口之家,是
B0090,女,金卡,App自然注册,39,企业职员,天津,单身青年,是
B0091,男,普通,微信小程序,42,自由职业,西安,单身青年,否
B0092,男,银卡,地推活动,43,企业职员,其他,多口之家,否
B0093,男,金卡,App自然注册,41,互联网从业,深圳,三口之家,是
B0094,男,普通,App自然注册,38,服务业,杭州,三口之家,否
B0095,女,普通,外卖平台导流,36,企业职员,北京,三口之家,否
B0096,女,银卡,线下扫码,45,自由职业,深圳,二人世界,否
B0097,女,普通,外卖平台导流,33,其他,西安,三口之家,否
B0098,男,普通,微信小程序,41,其他,成都,三口之家,否
B0099,女,普通,微信小程序,43,服务业,深圳,单身青年,否
B0100,男,银卡,地推活动,31,自由职业,重庆,三口之家,否
B0101,女,普通,App自然注册,44,全职主妇,其他,二人世界,否
B0102,女,金卡,线下扫码,25,企业职员,其他,二人世界,是
B0103,男,银卡,微信小程序,37,全职主妇,武汉,三口之家,否
B0104,女,银卡,微信小程序,36,全职主妇,其他,三口之家,否
B0105,男,普通,地推活动,40,企业职员,深圳,二人世界,否
B0106,男,银卡,微信小程序,35,学生,武汉,单身青年,否
B0107,男,普通,微信小程序,41,服务业,上海,银发族,否
B0108,男,普通,线下扫码,49,全职主妇,南京,三口之家,否
B0109,女,普通,线下扫码,38,学生,郑州,单身青年,否
B0110,男,普通,App自然注册,38,服务业,上海,三口之家,否
B0111,男,普通,微信小程序,39,企业职员,上海,三口之家,否
B0112,女,普通,App自然注册,27,企业职员,北京,二人世界,否
B0113,女,普通,微信小程序,41,学生,郑州,二人世界,否
B0114,男,银卡,线下扫码,40,企业职员,成都,三口之家,否
B0115,男,金卡,外卖平台导流,38,企业职员,天津,多口之家,是
B0116,女,银卡,社群裂变,46,全职主妇,成都,二人世界,否
B0117,女,银卡,App自然注册,34,自由职业,北京,三口之家,否
B0118,女,金卡,App自然注册,35,互联网从业,广州,单身青年,否
B0119,男,普通,线下扫码,34,互联网从业,深圳,单身青年,否
B0120,男,金卡,外卖平台导流,41,企业职员,广州,三口之家,是
B0121,女,金卡,App自然注册,34,自由职业,青岛,多口之家,否
B0122,女,银卡,线下扫码,34,企业职员,西安,三口之家,否
B0123,男,普通,App自然注册,36,全职主妇,武汉,银发族,否
B0124,女,金卡,微信小程序,30,自由职业,成都,二人世界,是
B0125,男,普通,App自然注册,35,企业职员,广州,三口之家,否
B0126,男,普通,微信小程序,39,学生,成都,三口之家,否
B0127,女,普通,微信小程序,52,企业职员,天津,三口之家,否
B0128,男,银卡,微信小程序,46,企业职员,长沙,多口之家,否
B0129,女,银卡,线下扫码,48,企业职员,北京,银发族,否
B0130,女,普通,App自然注册,38,全职主妇,苏州,银发族,否
B0131,女,黑金,App自然注册,40,学生,南京,多口之家,是
B0132,女,普通,微信小程序,27,其他,北京,三口之家,否
B0133,男,普通,微信小程序,26,全职主妇,郑州,多口之家,否
B0134,女,普通,微信小程序,40,互联网从业,深圳,单身青年,否
B0135,男,普通,微信小程序,42,服务业,南京,三口之家,否
B0136,男,黑金,App自然注册,40,学生,苏州,二人世界,是
B0137,女,银卡,社群裂变,43,企业职员,其他,三口之家,否
B0138,男,普通,微信小程序,26,自由职业,苏州,二人世界,否
B0139,女,金卡,地推活动,43,全职主妇,郑州,三口之家,是
B0140,男,普通,微信小程序,34,企业职员,天津,多口之家,否
B0141,男,普通,微信小程序,34,其他,北京,三口之家,否
B0142,男,普通,微信小程序,35,服务业,天津,多口之家,否
B0143,男,银卡,App自然注册,52,学生,苏州,多口之家,否
B0144,男,金卡,App自然注册,40,企业职员,上海,单身青年,否
B0145,男,银卡,App自然注册,31,互联网从业,深圳,多口之家,否
B0146,男,普通,App自然注册,40,全职主妇,深圳,单身青年,否
B0147,男,普通,地推活动,46,全职主妇,长沙,三口之家,否
B0148,女,银卡,社群裂变,42,企业职员,郑州,单身青年,否
B0149,男,金卡,微信小程序,35,企业职员,深圳,单身青年,否
B0150,男,黑金,App自然注册,48,自由职业,重庆,单身青年,是
B0151,女,普通,线下扫码,34,自由职业,广州,三口之家,否
B0152,女,金卡,App自然注册,25,全职主妇,苏州,银发族,是
B0153,男,银卡,微信小程序,52,企业职员,长沙,三口之家,否
B0154,男,金卡,线下扫码,25,其他,北京,三口之家,是
B0155,女,银卡,App自然注册,52,全职主妇,广州,三口之家,否
B0156,女,金卡,地推活动,31,公务员,深圳,三口之家,是
B0157,女,普通,微信小程序,31,互联网从业,天津,三口之家,否
B0158,女,普通,微信小程序,30,服务业,郑州,三口之家,否
B0159,女,金卡,外卖平台导流,33,公务员,南京,银发族,是
B0160,女,普通,微信小程序,40,服务业,长沙,三口之家,否
B0161,女,金卡,App自然注册,25,服务业,武汉,多口之家,否
B0162,女,银卡,微信小程序,30,企业职员,郑州,三口之家,否
B0163,女,普通,外卖平台导流,44,企业职员,苏州,二人世界,否
B0164,女,银卡,App自然注册,41,企业职员,上海,多口之家,否
B0165,女,普通,微信小程序,42,学生,北京,银发族,否
B0166,女,普通,社群裂变,43,全职主妇,重庆,多口之家,否
B0167,女,银卡,社群裂变,45,自由职业,深圳,单身青年,否
B0168,男,银卡,线下扫码,38,互联网从业,长沙,银发族,否
B0169,女,银卡,微信小程序,33,全职主妇,广州,单身青年,否
B0170,男,银卡,地推活动,42,全职主妇,广州,多口之家,否
B0171,男,普通,线下扫码,42,其他,深圳,二人世界,否
B0172,男,银卡,线下扫码,37,全职主妇,重庆,二人世界,否
B0173,男,普通,App自然注册,38,自由职业,重庆,三口之家,否
B0174,男,银卡,微信小程序,39,全职主妇,长沙,三口之家,否
B0175,男,普通,App自然注册,47,公务员,西安,三口之家,否
B0176,男,金卡,App自然注册,51,其他,长沙,三口之家,否
B0177,女,普通,外卖平台导流,44,企业职员,广州,单身青年,否
B0178,男,普通,外卖平台导流,34,其他,深圳,银发族,否
B0179,女,普通,外卖平台导流,28,企业职员,杭州,银发族,否
B0180,女,普通,线下扫码,50,自由职业,重庆,单身青年,否
B0181,女,银卡,微信小程序,34,全职主妇,深圳,三口之家,否
B0182,女,金卡,微信小程序,46,企业职员,天津,二人世界,是
B0183,男,普通,微信小程序,45,企业职员,广州,银发族,否
B0184,女,普通,微信小程序,40,企业职员,成都,三口之家,否
B0185,男,银卡,外卖平台导流,37,自由职业,深圳,三口之家,否
B0186,男,银卡,App自然注册,48,互联网从业,上海,三口之家,否
B0187,女,普通,社群裂变,27,公务员,郑州,银发族,否
B0188,男,黑金,社群裂变,35,全职主妇,武汉,三口之家,是
B0189,男,普通,社群裂变,37,互联网从业,重庆,银发族,否
B0190,男,金卡,微信小程序,33,互联网从业,武汉,单身青年,是
B0191,女,银卡,App自然注册,41,全职主妇,西安,银发族,否
B0192,女,普通,外卖平台导流,50,自由职业,武汉,单身青年,否
B0193,男,普通,外卖平台导流,44,互联网从业,成都,单身青年,否
B0194,男,银卡,App自然注册,44,全职主妇,上海,二人世界,否
B0195,男,普通,App自然注册,46,企业职员,北京,银发族,否
B0196,女,普通,社群裂变,25,全职主妇,广州,三口之家,否
B0197,男,普通,微信小程序,36,企业职员,上海,三口之家,否
B0198,女,金卡,线下扫码,42,其他,深圳,多口之家,是
B0199,女,普通,App自然注册,52,企业职员,深圳,三口之家,否
B0200,女,普通,App自然注册,28,企业职员,西安,三口之家,否
B0201,男,银卡,微信小程序,36,公务员,上海,三口之家,否
B0202,女,普通,App自然注册,25,服务业,天津,单身青年,否
B0203,男,普通,社群裂变,36,自由职业,广州,二人世界,否
B0204,男,普通,微信小程序,38,全职主妇,武汉,三口之家,否
B0205,男,金卡,App自然注册,43,企业职员,武汉,二人世界,是
B0206,女,普通,线下扫码,36,全职主妇,成都,三口之家,否
B0207,女,普通,社群裂变,45,其他,成都,银发族,否
B0208,女,普通,社群裂变,40,全职主妇,重庆,银发族,否
B0209,男,普通,线下扫码,38,企业职员,广州,多口之家,否
B0210,男,普通,微信小程序,36,服务业,其他,三口之家,否
B0211,男,金卡,微信小程序,37,企业职员,深圳,二人世界,否
B0212,男,普通,App自然注册,27,企业职员,武汉,三口之家,否
B0213,女,金卡,App自然注册,35,企业职员,深圳,二人世界,否
B0214,男,金卡,App自然注册,41,企业职员,武汉,单身青年,是
B0215,女,普通,线下扫码,28,企业职员,上海,二人世界,否
B0216,女,普通,社群裂变,50,服务业,上海,多口之家,否
B0217,女,普通,地推活动,34,服务业,广州,多口之家,否
B0218,男,金卡,微信小程序,33,企业职员,深圳,单身青年,否
B0219,女,银卡,外卖平台导流,30,自由职业,武汉,单身青年,否
B0220,女,普通,社群裂变,47,服务业,成都,多口之家,否
B0221,男,普通,微信小程序,43,自由职业,成都,单身青年,否
B0222,男,银卡,线下扫码,26,互联网从业,杭州,三口之家,否
B0223,男,普通,外卖平台导流,45,互联网从业,长沙,三口之家,否
B0224,女,普通,微信小程序,50,企业职员,深圳,银发族,否
B0225,男,银卡,App自然注册,34,企业职员,深圳,单身青年,否
B0226,男,银卡,外卖平台导流,47,企业职员,苏州,三口之家,否
B0227,男,普通,社群裂变,39,企业职员,北京,三口之家,否
B0228,女,普通,微信小程序,40,企业职员,青岛,单身青年,否
B0229,女,普通,地推活动,38,企业职员,南京,单身青年,否
B0230,男,银卡,微信小程序,48,自由职业,北京,三口之家,否
B0231,男,普通,外卖平台导流,28,企业职员,成都,三口之家,否
B0232,女,银卡,微信小程序,39,互联网从业,南京,三口之家,否
B0233,女,普通,App自然注册,31,服务业,上海,三口之家,否
B0234,男,普通,App自然注册,39,其他,广州,二人世界,否
B0235,男,银卡,线下扫码,41,其他,北京,多口之家,否
B0236,男,银卡,线下扫码,33,全职主妇,苏州,三口之家,否
B0237,男,普通,线下扫码,36,互联网从业,其他,三口之家,否
B0238,男,普通,微信小程序,33,自由职业,上海,三口之家,否
B0239,男,银卡,App自然注册,31,企业职员,重庆,二人世界,否
B0240,女,普通,微信小程序,42,全职主妇,其他,三口之家,否
B0241,女,普通,App自然注册,36,全职主妇,北京,单身青年,否
B0242,男,普通,外卖平台导流,41,企业职员,成都,三口之家,否
B0243,男,金卡,微信小程序,43,公务员,苏州,二人世界,是
B0244,男,普通,线下扫码,43,全职主妇,上海,三口之家,否
B0245,女,银卡,App自然注册,40,自由职业,成都,二人世界,否
B0246,女,银卡,外卖平台导流,49,自由职业,西安,二人世界,否
B0247,男,金卡,微信小程序,45,企业职员,天津,三口之家,是
B0248,女,银卡,外卖平台导流,34,全职主妇,北京,三口之家,否
B0249,男,黑金,线下扫码,36,学生,北京,三口之家,是
B0250,男,普通,微信小程序,39,学生,上海,三口之家,否
B0251,女,金卡,微信小程序,38,公务员,北京,二人世界,是
B0252,女,金卡,微信小程序,52,互联网从业,成都,三口之家,是
B0253,男,普通,App自然注册,41,服务业,重庆,多口之家,否
B0254,女,黑金,外卖平台导流,38,公务员,上海,三口之家,是
B0255,女,普通,微信小程序,48,互联网从业,北京,多口之家,否
B0256,男,普通,微信小程序,47,自由职业,成都,银发族,否
B0257,女,普通,外卖平台导流,37,企业职员,武汉,三口之家,否
B0258,男,金卡,微信小程序,47,互联网从业,广州,二人世界,是
B0259,女,银卡,社群裂变,43,全职主妇,北京,三口之家,否
B0260,男,普通,微信小程序,33,自由职业,武汉,多口之家,否
B0261,女,金卡,社群裂变,31,企业职员,深圳,二人世界,否
B0262,男,普通,微信小程序,52,企业职员,郑州,单身青年,否
B0263,女,普通,外卖平台导流,34,企业职员,广州,单身青年,否
B0264,女,金卡,线下扫码,41,企业职员,上海,单身青年,是
B0265,男,普通,社群裂变,26,自由职业,西安,三口之家,否
B0266,男,金卡,线下扫码,37,企业职员,广州,单身青年,否
B0267,女,银卡,App自然注册,33,自由职业,青岛,三口之家,否
B0268,女,银卡,App自然注册,43,互联网从业,长沙,三口之家,否
B0269,男,银卡,外卖平台导流,40,自由职业,南京,三口之家,否
B0270,男,金卡,App自然注册,50,服务业,天津,三口之家,是
B0271,女,银卡,社群裂变,38,服务业,广州,多口之家,否
B0272,女,普通,微信小程序,44,学生,深圳,二人世界,否
B0273,男,银卡,微信小程序,29,其他,成都,三口之家,否
B0274,女,普通,App自然注册,35,其他,上海,二人世界,否
B0275,女,普通,App自然注册,27,企业职员,成都,多口之家,否
B0276,男,普通,外卖平台导流,46,企业职员,西安,单身青年,否
B0277,女,金卡,App自然注册,49,服务业,上海,二人世界,是
B0278,男,普通,社群裂变,48,企业职员,武汉,三口之家,否
B0279,女,普通,App自然注册,43,全职主妇,深圳,单身青年,否
B0280,女,普通,线下扫码,42,企业职员,广州,单身青年,否
B0281,女,普通,微信小程序,33,互联网从业,西安,多口之家,否
B0282,女,银卡,社群裂变,35,服务业,其他,银发族,否
B0283,女,黑金,App自然注册,43,学生,其他,银发族,是
B0284,女,普通,微信小程序,42,全职主妇,武汉,单身青年,否
B0285,女,金卡,微信小程序,45,企业职员,其他,二人世界,否
B0286,男,普通,地推活动,43,全职主妇,南京,三口之家,否
B0287,女,黑金,微信小程序,36,企业职员,北京,多口之家,是
B0288,女,银卡,App自然注册,33,企业职员,广州,三口之家,否
B0289,女,普通,外卖平台导流,29,其他,其他,三口之家,否
B0290,女,普通,微信小程序,43,全职主妇,成都,三口之家,否
B0291,男,普通,线下扫码,29,企业职员,成都,银发族,否
B0292,男,普通,线下扫码,38,其他,成都,三口之家,否
B0293,女,普通,线下扫码,25,学生,杭州,银发族,否
B0294,男,金卡,微信小程序,34,互联网从业,其他,三口之家,是
B0295,女,黑金,社群裂变,32,全职主妇,成都,二人世界,是
B0296,女,金卡,App自然注册,25,互联网从业,长沙,银发族,否
B0297,女,银卡,微信小程序,42,企业职员,南京,银发族,否
B0298,男,普通,社群裂变,36,学生,深圳,多口之家,否
B0299,男,金卡,微信小程序,46,服务业,广州,二人世界,是
B0300,女,普通,微信小程序,42,企业职员,青岛,多口之家,否
B0301,女,银卡,线下扫码,34,企业职员,上海,单身青年,否
B0302,女,普通,App自然注册,44,互联网从业,长沙,二人世界,否
B0303,男,普通,线下扫码,26,全职主妇,武汉,多口之家,否
B0304,男,银卡,线下扫码,38,公务员,长沙,三口之家,否
B0305,女,银卡,微信小程序,29,互联网从业,成都,单身青年,否
B0306,女,普通,外卖平台导流,43,学生,郑州,三口之家,否
B0307,男,银卡,App自然注册,39,全职主妇,南京,三口之家,否
B0308,男,普通,社群裂变,40,企业职员,天津,单身青年,否
B0309,男,普通,App自然注册,29,企业职员,成都,三口之家,否
B0310,女,金卡,微信小程序,33,互联网从业,深圳,单身青年,是
B0311,男,普通,地推活动,38,公务员,南京,多口之家,否
B0312,女,黑金,地推活动,38,企业职员,南京,二人世界,是
B0313,女,普通,线下扫码,28,互联网从业,上海,多口之家,否
B0314,女,银卡,App自然注册,34,企业职员,深圳,二人世界,否
B0315,女,普通,微信小程序,42,互联网从业,广州,单身青年,否
B0316,男,银卡,App自然注册,39,互联网从业,上海,多口之家,否
B0317,女,普通,外卖平台导流,36,企业职员,深圳,银发族,否
B0318,男,银卡,App自然注册,41,学生,天津,三口之家,否
B0319,女,普通,App自然注册,37,互联网从业,西安,多口之家,否
B0320,男,黑金,App自然注册,41,全职主妇,西安,三口之家,是
B0321,男,黑金,线下扫码,34,企业职员,上海,多口之家,是
B0322,女,普通,微信小程序,29,全职主妇,武汉,银发族,否
B0323,男,普通,App自然注册,41,企业职员,其他,单身青年,否
B0324,男,金卡,微信小程序,43,自由职业,广州,多口之家,否
B0325,男,银卡,社群裂变,42,互联网从业,武汉,单身青年,否
B0326,男,普通,社群裂变,43,学生,成都,三口之家,否
B0327,女,银卡,App自然注册,31,全职主妇,南京,三口之家,否
B0328,男,金卡,App自然注册,44,互联网从业,北京,二人世界,是
B0329,男,普通,线下扫码,41,企业职员,长沙,二人世界,否
B0330,男,普通,微信小程序,42,企业职员,苏州,三口之家,否
B0331,男,银卡,App自然注册,47,自由职业,其他,多口之家,否
B0332,男,普通,社群裂变,45,互联网从业,深圳,二人世界,否
B0333,男,金卡,微信小程序,45,服务业,郑州,多口之家,是
B0334,男,银卡,线下扫码,39,公务员,郑州,银发族,否
B0335,男,银卡,App自然注册,40,公务员,重庆,二人世界,否
B0336,女,普通,微信小程序,30,全职主妇,南京,多口之家,否
B0337,男,普通,App自然注册,50,自由职业,广州,二人世界,否
B0338,女,普通,微信小程序,38,互联网从业,南京,多口之家,否
B0339,女,银卡,外卖平台导流,41,企业职员,深圳,三口之家,否
B0340,女,银卡,App自然注册,42,企业职员,广州,单身青年,否
B0341,男,普通,App自然注册,33,互联网从业,上海,三口之家,否
B0342,女,普通,App自然注册,39,互联网从业,深圳,多口之家,否
B0343,男,普通,微信小程序,48,其他,广州,单身青年,否
B0344,女,银卡,微信小程序,50,服务业,苏州,二人世界,否
B0345,男,普通,微信小程序,39,互联网从业,北京,三口之家,否
B0346,男,普通,线下扫码,37,其他,武汉,三口之家,否
B0347,男,普通,线下扫码,40,公务员,天津,多口之家,否
B0348,男,金卡,社群裂变,36,学生,长沙,单身青年,是
B0349,女,普通,线下扫码,51,全职主妇,重庆,三口之家,否
B0350,男,普通,线下扫码,49,互联网从业,郑州,二人世界,否
B0351,男,黑金,App自然注册,38,企业职员,成都,单身青年,是
B0352,女,普通,线下扫码,35,企业职员,上海,三口之家,否
B0353,女,普通,微信小程序,46,服务业,重庆,银发族,否
B0354,女,银卡,社群裂变,43,学生,西安,三口之家,否
B0355,女,普通,社群裂变,42,全职主妇,天津,单身青年,否
B0356,男,银卡,微信小程序,35,其他,广州,三口之家,否
B0357,男,银卡,App自然注册,41,企业职员,重庆,二人世界,否
B0358,女,银卡,线下扫码,44,服务业,重庆,单身青年,否
B0359,男,普通,社群裂变,36,互联网从业,其他,三口之家,否
B0360,女,普通,线下扫码,33,学生,苏州,三口之家,否
B0361,男,银卡,App自然注册,32,其他,上海,多口之家,否
B0362,男,普通,社群裂变,38,学生,苏州,二人世界,否
B0363,男,黑金,App自然注册,47,互联网从业,长沙,三口之家,是
B0364,女,金卡,App自然注册,47,企业职员,青岛,二人世界,是
B0365,女,金卡,外卖平台导流,36,服务业,南京,单身青年,是
B0366,女,银卡,App自然注册,39,其他,南京,二人世界,否
B0367,男,银卡,外卖平台导流,33,互联网从业,其他,单身青年,否
B0368,男,普通,外卖平台导流,33,服务业,上海,二人世界,否
B0369,女,普通,线下扫码,37,互联网从业,苏州,三口之家,否
B0370,女,银卡,微信小程序,40,互联网从业,长沙,银发族,否
B0371,男,银卡,线下扫码,37,企业职员,成都,银发族,否
B0372,女,普通,外卖平台导流,35,企业职员,长沙,三口之家,否
B0373,女,金卡,App自然注册,35,企业职员,广州,多口之家,是
B0374,女,银卡,外卖平台导流,33,企业职员,南京,二人世界,否
B0375,男,普通,微信小程序,28,其他,深圳,二人世界,否
B0376,男,银卡,App自然注册,40,互联网从业,西安,三口之家,否
B0377,女,金卡,地推活动,31,全职主妇,上海,三口之家,是
B0378,男,银卡,地推活动,33,公务员,广州,银发族,否
B0379,女,银卡,外卖平台导流,40,全职主妇,深圳,银发族,否
B0380,男,普通,线下扫码,25,公务员,郑州,单身青年,否
B0381,女,金卡,App自然注册,41,互联网从业,北京,单身青年,是
B0382,女,金卡,App自然注册,34,其他,其他,二人世界,是
B0383,男,普通,微信小程序,33,服务业,西安,三口之家,否
B0384,男,普通,线下扫码,34,学生,成都,二人世界,否
B0385,女,银卡,线下扫码,42,自由职业,苏州,多口之家,否
B0386,女,普通,线下扫码,30,其他,苏州,多口之家,否
B0387,男,银卡,线下扫码,38,互联网从业,长沙,二人世界,否
B0388,女,银卡,社群裂变,40,学生,西安,多口之家,否
B0389,男,银卡,App自然注册,49,全职主妇,上海,三口之家,否
B0390,女,银卡,微信小程序,52,企业职员,青岛,银发族,否
B0391,女,银卡,微信小程序,32,企业职员,其他,三口之家,否
B0392,女,银卡,微信小程序,41,企业职员,重庆,多口之家,否
B0393,男,金卡,微信小程序,40,企业职员,广州,三口之家,是
B0394,男,银卡,App自然注册,44,互联网从业,天津,多口之家,否
B0395,男,普通,外卖平台导流,25,全职主妇,长沙,单身青年,否
B0396,女,普通,外卖平台导流,29,互联网从业,西安,单身青年,否
B0397,女,金卡,外卖平台导流,32,互联网从业,上海,三口之家,是
B0398,男,银卡,App自然注册,37,企业职员,西安,三口之家,否
B0399,男,普通,线下扫码,49,其他,青岛,三口之家,否
B0400,男,普通,外卖平台导流,32,公务员,深圳,单身青年,否
B0401,女,普通,线下扫码,34,企业职员,杭州,三口之家,否
B0402,男,普通,线下扫码,33,全职主妇,天津,三口之家,否
B0403,女,银卡,App自然注册,33,全职主妇,重庆,二人世界,否
B0404,女,金卡,线下扫码,32,企业职员,深圳,三口之家,是
B0405,女,普通,外卖平台导流,32,互联网从业,上海,银发族,否
B0406,女,金卡,微信小程序,42,学生,北京,多口之家,否
B0407,男,银卡,微信小程序,28,企业职员,苏州,三口之家,否
B0408,女,金卡,微信小程序,46,企业职员,成都,三口之家,是
B0409,女,普通,微信小程序,28,企业职员,成都,三口之家,否
B0410,男,普通,App自然注册,34,学生,其他,单身青年,否
B0411,女,普通,线下扫码,36,公务员,武汉,三口之家,否
B0412,男,金卡,外卖平台导流,49,全职主妇,苏州,三口之家,否
B0413,男,银卡,微信小程序,38,公务员,武汉,二人世界,否
B0414,男,普通,地推活动,38,全职主妇,上海,多口之家,否
B0415,男,银卡,微信小程序,37,企业职员,武汉,单身青年,否
B0416,女,黑金,线下扫码,40,其他,北京,多口之家,是
B0417,女,普通,微信小程序,39,服务业,杭州,三口之家,否
B0418,女,金卡,App自然注册,39,企业职员,其他,三口之家,是
B0419,女,普通,外卖平台导流,48,企业职员,深圳,银发族,否
B0420,男,金卡,微信小程序,37,公务员,成都,二人世界,是
B0421,女,普通,微信小程序,40,全职主妇,广州,二人世界,否
B0422,女,普通,App自然注册,50,全职主妇,深圳,三口之家,否
B0423,女,黑金,线下扫码,36,企业职员,北京,银发族,是
B0424,男,普通,App自然注册,28,公务员,广州,二人世界,否
B0425,女,银卡,线下扫码,40,全职主妇,其他,二人世界,否
B0426,女,普通,线下扫码,39,企业职员,广州,单身青年,否
B0427,女,银卡,微信小程序,39,自由职业,其他,二人世界,否
B0428,女,金卡,微信小程序,41,企业职员,郑州,二人世界,否
B0429,女,普通,外卖平台导流,37,自由职业,深圳,二人世界,否
B0430,男,普通,社群裂变,25,服务业,长沙,三口之家,否
B0431,男,普通,App自然注册,38,全职主妇,广州,单身青年,否
B0432,男,普通,线下扫码,51,自由职业,青岛,三口之家,否
B0433,女,普通,外卖平台导流,41,互联网从业,成都,单身青年,否
B0434,女,普通,App自然注册,35,服务业,上海,三口之家,否
B0435,男,普通,微信小程序,29,服务业,青岛,三口之家,否
B0436,女,普通,线下扫码,37,学生,西安,单身青年,否
B0437,女,普通,线下扫码,39,其他,广州,多口之家,否
B0438,男,金卡,微信小程序,36,企业职员,天津,三口之家,是
B0439,男,普通,社群裂变,42,全职主妇,长沙,三口之家,否
B0440,男,银卡,线下扫码,39,自由职业,成都,单身青年,否
B0441,男,普通,App自然注册,35,企业职员,南京,银发族,否
B0442,男,普通,地推活动,41,学生,成都,三口之家,否
B0443,女,普通,地推活动,35,自由职业,其他,二人世界,否
B0444,男,普通,微信小程序,42,互联网从业,广州,三口之家,否
B0445,男,普通,App自然注册,40,企业职员,杭州,二人世界,否
B0446,女,金卡,外卖平台导流,36,企业职员,苏州,单身青年,是
B0447,男,普通,微信小程序,51,企业职员,深圳,三口之家,否
B0448,女,普通,线下扫码,36,全职主妇,其他,银发族,否
B0449,男,金卡,App自然注册,45,企业职员,深圳,单身青年,是
B0450,女,银卡,微信小程序,32,全职主妇,重庆,单身青年,否
B0451,男,普通,App自然注册,40,其他,上海,银发族,否
B0452,男,普通,社群裂变,39,公务员,北京,单身青年,否
B0453,女,普通,App自然注册,37,全职主妇,上海,单身青年,否
B0454,男,普通,外卖平台导流,34,学生,武汉,二人世界,否
B0455,女,普通,App自然注册,43,全职主妇,成都,单身青年,否
B0456,男,金卡,微信小程序,39,服务业,北京,三口之家,否
B0457,男,普通,微信小程序,37,服务业,北京,二人世界,否
B0458,女,银卡,微信小程序,39,自由职业,上海,多口之家,否
B0459,男,普通,App自然注册,32,学生,苏州,二人世界,否
B0460,男,金卡,地推活动,37,服务业,天津,多口之家,是
B0461,男,普通,线下扫码,34,互联网从业,郑州,单身青年,否
B0462,女,金卡,线下扫码,33,企业职员,杭州,三口之家,否
B0463,男,金卡,App自然注册,29,其他,天津,三口之家,否
B0464,女,普通,App自然注册,39,互联网从业,武汉,单身青年,否
B0465,女,金卡,App自然注册,31,公务员,成都,二人世界,是
B0466,男,黑金,外卖平台导流,34,服务业,重庆,单身青年,是
B0467,男,金卡,App自然注册,27,其他,北京,三口之家,是
B0468,女,银卡,微信小程序,35,公务员,上海,三口之家,否
B0469,男,普通,微信小程序,52,自由职业,武汉,单身青年,否
B0470,男,银卡,微信小程序,35,企业职员,杭州,二人世界,否
B0471,女,普通,社群裂变,44,其他,南京,三口之家,否
B0472,女,金卡,外卖平台导流,31,企业职员,长沙,二人世界,是
B0473,女,普通,外卖平台导流,47,企业职员,上海,三口之家,否
B0474,女,金卡,微信小程序,38,其他,天津,二人世界,是
B0475,男,银卡,微信小程序,42,自由职业,西安,银发族,否
B0476,女,普通,微信小程序,39,公务员,武汉,二人世界,否
B0477,女,黑金,地推活动,37,互联网从业,杭州,单身青年,是
B0478,男,普通,微信小程序,30,互联网从业,北京,单身青年,否
B0479,女,普通,微信小程序,39,服务业,北京,三口之家,否
B0480,男,普通,App自然注册,33,自由职业,北京,三口之家,否
B0481,男,普通,线下扫码,46,其他,武汉,单身青年,否
B0482,男,普通,线下扫码,42,服务业,杭州,三口之家,否
B0483,女,金卡,微信小程序,40,自由职业,其他,多口之家,是
B0484,男,银卡,微信小程序,42,全职主妇,广州,三口之家,否
B0485,男,普通,微信小程序,37,互联网从业,北京,多口之家,否
B0486,女,银卡,线下扫码,33,全职主妇,其他,单身青年,否
B0487,男,普通,社群裂变,45,服务业,西安,三口之家,否
B0488,女,普通,外卖平台导流,31,服务业,天津,三口之家,否
B0489,女,普通,线下扫码,42,学生,杭州,单身青年,否
B0490,女,普通,线下扫码,44,企业职员,西安,单身青年,否
B0491,男,金卡,App自然注册,40,互联网从业,重庆,三口之家,是
B0492,女,银卡,线下扫码,44,企业职员,广州,三口之家,否
B0493,女,普通,App自然注册,36,企业职员,武汉,三口之家,否
B0494,女,普通,微信小程序,42,互联网从业,青岛,单身青年,否
B0495,女,普通,微信小程序,40,公务员,苏州,单身青年,否
B0496,男,金卡,社群裂变,50,自由职业,武汉,三口之家,是
B0497,男,银卡,微信小程序,36,企业职员,青岛,单身青年,否
B0498,女,普通,线下扫码,37,企业职员,天津,单身青年,否
B0499,女,金卡,微信小程序,43,全职主妇,武汉,三口之家,是
B0500,女,普通,App自然注册,33,全职主妇,其他,三口之家,否
B0501,女,普通,地推活动,43,企业职员,青岛,单身青年,否
B0502,女,普通,微信小程序,27,企业职员,上海,三口之家,否
B0503,男,普通,线下扫码,26,其他,重庆,多口之家,否
B0504,女,银卡,地推活动,42,企业职员,青岛,银发族,否
B0505,女,普通,社群裂变,47,自由职业,苏州,三口之家,否
B0506,女,金卡,线下扫码,31,企业职员,上海,多口之家,是
B0507,女,金卡,社群裂变,38,自由职业,北京,三口之家,是
B0508,女,银卡,微信小程序,30,互联网从业,北京,三口之家,否
B0509,女,金卡,线下扫码,37,服务业,西安,三口之家,否
B0510,男,银卡,微信小程序,37,自由职业,杭州,二人世界,否
B0511,女,普通,外卖平台导流,32,公务员,北京,三口之家,否
B0512,女,普通,线下扫码,41,企业职员,深圳,二人世界,否
B0513,女,银卡,App自然注册,48,公务员,上海,三口之家,否
B0514,女,普通,微信小程序,43,企业职员,上海,二人世界,否
B0515,女,普通,社群裂变,49,其他,上海,银发族,否
B0516,男,普通,微信小程序,36,企业职员,南京,三口之家,否
B0517,女,黑金,线下扫码,43,互联网从业,上海,三口之家,是
B0518,女,银卡,App自然注册,42,企业职员,其他,多口之家,否
B0519,女,金卡,微信小程序,39,自由职业,天津,三口之家,否
B0520,女,金卡,微信小程序,35,服务业,青岛,单身青年,是
B0521,女,普通,App自然注册,34,自由职业,武汉,多口之家,否
B0522,女,普通,线下扫码,45,其他,西安,单身青年,否
B0523,女,银卡,社群裂变,45,服务业,上海,多口之家,否
B0524,男,银卡,微信小程序,38,全职主妇,重庆,多口之家,否
B0525,男,金卡,社群裂变,49,企业职员,杭州,三口之家,否
B0526,女,金卡,社群裂变,44,自由职业,北京,单身青年,是
B0527,女,银卡,社群裂变,28,企业职员,杭州,三口之家,否
B0528,女,金卡,App自然注册,35,企业职员,武汉,三口之家,否
B0529,女,银卡,地推活动,25,自由职业,南京,三口之家,否
B0530,女,普通,微信小程序,42,互联网从业,西安,多口之家,否
B0531,男,银卡,线下扫码,36,全职主妇,广州,二人世界,否
B0532,女,普通,外卖平台导流,41,企业职员,上海,三口之家,否
B0533,女,银卡,App自然注册,38,企业职员,成都,二人世界,否
B0534,女,普通,微信小程序,49,企业职员,西安,三口之家,否
B0535,女,普通,App自然注册,29,全职主妇,深圳,三口之家,否
B0536,男,银卡,微信小程序,38,自由职业,武汉,二人世界,否
B0537,男,普通,微信小程序,39,自由职业,北京,二人世界,否
B0538,男,银卡,微信小程序,45,互联网从业,成都,三口之家,否
B0539,女,普通,微信小程序,36,企业职员,上海,二人世界,否
B0540,男,金卡,外卖平台导流,36,企业职员,苏州,多口之家,是
B0541,男,银卡,外卖平台导流,35,全职主妇,天津,三口之家,否
B0542,男,普通,微信小程序,27,公务员,西安,单身青年,否
B0543,女,普通,线下扫码,40,全职主妇,上海,银发族,否
B0544,男,银卡,微信小程序,50,其他,北京,三口之家,否
B0545,男,银卡,微信小程序,52,全职主妇,青岛,二人世界,否
B0546,男,银卡,微信小程序,48,其他,武汉,三口之家,否
B0547,女,普通,App自然注册,30,服务业,其他,银发族,否
B0548,男,金卡,微信小程序,42,企业职员,上海,单身青年,是
B0549,女,黑金,App自然注册,25,企业职员,成都,银发族,是
B0550,男,银卡,App自然注册,52,互联网从业,广州,多口之家,否
B0551,男,普通,微信小程序,31,服务业,成都,单身青年,否
B0552,女,普通,App自然注册,44,服务业,南京,三口之家,否
B0553,女,普通,微信小程序,30,其他,上海,单身青年,否
B0554,女,金卡,App自然注册,38,自由职业,苏州,二人世界,是
B0555,女,金卡,线下扫码,43,企业职员,上海,二人世界,是
B0556,女,黑金,线下扫码,37,全职主妇,深圳,二人世界,是
B0557,女,普通,外卖平台导流,44,企业职员,其他,单身青年,否
B0558,女,普通,App自然注册,32,服务业,深圳,单身青年,否
B0559,女,银卡,地推活动,38,企业职员,杭州,二人世界,否
B0560,女,普通,社群裂变,39,全职主妇,广州,二人世界,否
B0561,女,普通,线下扫码,45,企业职员,深圳,三口之家,否
B0562,男,普通,微信小程序,33,全职主妇,北京,单身青年,否
B0563,男,普通,App自然注册,44,互联网从业,西安,单身青年,否
B0564,女,普通,App自然注册,41,学生,广州,单身青年,否
B0565,女,普通,App自然注册,50,公务员,上海,三口之家,否
B0566,男,金卡,社群裂变,30,互联网从业,苏州,多口之家,是
B0567,男,普通,线下扫码,48,自由职业,长沙,单身青年,否
B0568,女,银卡,微信小程序,41,互联网从业,上海,二人世界,否
B0569,男,普通,App自然注册,46,企业职员,长沙,三口之家,否
B0570,男,金卡,地推活动,40,互联网从业,天津,二人世界,是
B0571,男,普通,线下扫码,36,企业职员,青岛,三口之家,否
B0572,男,银卡,App自然注册,39,企业职员,深圳,三口之家,否
B0573,女,普通,微信小程序,36,互联网从业,杭州,二人世界,否
B0574,女,普通,App自然注册,38,自由职业,上海,三口之家,否
B0575,女,普通,App自然注册,47,全职主妇,杭州,单身青年,否
B0576,男,金卡,线下扫码,25,学生,广州,二人世界,是
B0577,男,银卡,社群裂变,41,企业职员,北京,三口之家,否
B0578,女,普通,地推活动,52,企业职员,郑州,二人世界,否
B0579,男,普通,微信小程序,29,企业职员,北京,二人世界,否
B0580,女,普通,微信小程序,37,企业职员,北京,二人世界,否
B0581,男,普通,微信小程序,27,企业职员,上海,二人世界,否
B0582,女,普通,外卖平台导流,42,其他,上海,三口之家,否
B0583,男,金卡,外卖平台导流,37,全职主妇,武汉,银发族,是
B0584,男,银卡,微信小程序,50,服务业,南京,单身青年,否
B0585,女,银卡,外卖平台导流,36,企业职员,苏州,二人世界,否
B0586,女,普通,微信小程序,34,服务业,上海,银发族,否
B0587,男,银卡,App自然注册,37,互联网从业,西安,单身青年,否
B0588,男,普通,地推活动,33,学生,西安,三口之家,否
B0589,男,金卡,线下扫码,46,服务业,深圳,单身青年,是
B0590,男,普通,地推活动,41,企业职员,上海,多口之家,否
B0591,女,银卡,微信小程序,33,互联网从业,杭州,三口之家,否
B0592,女,普通,外卖平台导流,48,企业职员,深圳,二人世界,否
B0593,女,银卡,线下扫码,28,企业职员,重庆,单身青年,否
B0594,女,普通,App自然注册,48,服务业,西安,三口之家,否
B0595,女,银卡,线下扫码,47,服务业,上海,银发族,否
B0596,男,银卡,App自然注册,31,其他,郑州,单身青年,否
B0597,男,银卡,微信小程序,41,企业职员,长沙,三口之家,否
B0598,男,普通,线下扫码,44,企业职员,广州,三口之家,否
B0599,女,普通,线下扫码,51,互联网从业,天津,单身青年,否
B0600,男,银卡,社群裂变,35,其他,武汉,三口之家,否
B0601,女,普通,线下扫码,50,服务业,长沙,三口之家,否
B0602,男,金卡,微信小程序,38,互联网从业,郑州,二人世界,是
B0603,女,普通,App自然注册,29,服务业,武汉,多口之家,否
B0604,男,黑金,外卖平台导流,32,自由职业,青岛,二人世界,是
B0605,女,普通,线下扫码,38,企业职员,北京,三口之家,否
B0606,女,普通,线下扫码,33,服务业,北京,银发族,否
B0607,男,普通,外卖平台导流,41,全职主妇,郑州,多口之家,否
B0608,男,黑金,外卖平台导流,30,全职主妇,深圳,银发族,是
B0609,男,普通,社群裂变,25,互联网从业,杭州,三口之家,否
B0610,女,银卡,微信小程序,38,企业职员,上海,三口之家,否
B0611,女,银卡,社群裂变,52,全职主妇,武汉,三口之家,否
B0612,女,银卡,外卖平台导流,34,全职主妇,其他,银发族,否
B0613,男,银卡,微信小程序,34,企业职员,广州,单身青年,否
B0614,女,银卡,App自然注册,40,学生,北京,三口之家,否
B0615,女,银卡,微信小程序,26,企业职员,武汉,三口之家,否
B0616,男,银卡,外卖平台导流,36,其他,广州,三口之家,否
B0617,女,普通,地推活动,43,企业职员,杭州,三口之家,否
B0618,女,银卡,地推活动,28,服务业,上海,二人世界,否
B0619,男,普通,微信小程序,34,自由职业,杭州,多口之家,否
B0620,女,银卡,线下扫码,31,全职主妇,上海,二人世界,否
B0621,女,银卡,微信小程序,52,互联网从业,西安,单身青年,否
B0622,男,普通,微信小程序,36,全职主妇,其他,三口之家,否
B0623,男,普通,微信小程序,40,互联网从业,成都,三口之家,否
B0624,女,普通,线下扫码,37,企业职员,北京,三口之家,否
B0625,男,银卡,线下扫码,34,全职主妇,广州,三口之家,否
B0626,男,银卡,地推活动,25,互联网从业,上海,单身青年,否
B0627,男,金卡,外卖平台导流,32,企业职员,深圳,二人世界,是
B0628,女,银卡,微信小程序,32,其他,北京,多口之家,否
B0629,男,银卡,外卖平台导流,39,自由职业,广州,多口之家,否
B0630,男,黑金,微信小程序,35,服务业,重庆,三口之家,是
B0631,女,普通,App自然注册,43,自由职业,广州,多口之家,否
B0632,女,金卡,社群裂变,38,企业职员,重庆,二人世界,否
B0633,男,普通,微信小程序,45,服务业,成都,银发族,否
B0634,女,普通,微信小程序,42,其他,上海,二人世界,否
B0635,女,普通,微信小程序,40,其他,上海,多口之家,否
B0636,女,普通,微信小程序,36,学生,上海,银发族,否
B0637,女,金卡,微信小程序,37,互联网从业,深圳,二人世界,是
B0638,女,银卡,微信小程序,28,学生,青岛,三口之家,否
B0639,女,银卡,App自然注册,30,服务业,西安,三口之家,否
B0640,女,普通,外卖平台导流,47,互联网从业,成都,单身青年,否
B0641,女,普通,App自然注册,44,互联网从业,武汉,三口之家,否
B0642,女,普通,App自然注册,38,其他,上海,多口之家,否
B0643,男,普通,App自然注册,37,互联网从业,武汉,单身青年,否
B0644,女,普通,外卖平台导流,30,互联网从业,杭州,三口之家,否
B0645,男,银卡,社群裂变,34,全职主妇,深圳,单身青年,否
B0646,女,普通,线下扫码,37,企业职员,上海,三口之家,否
B0647,女,金卡,微信小程序,37,公务员,深圳,三口之家,是
B0648,男,银卡,微信小程序,35,服务业,上海,二人世界,否
B0649,女,普通,线下扫码,38,全职主妇,杭州,三口之家,否
B0650,男,银卡,外卖平台导流,34,全职主妇,广州,三口之家,否
B0651,男,黑金,社群裂变,41,全职主妇,南京,三口之家,是
B0652,男,黑金,外卖平台导流,38,企业职员,深圳,三口之家,是
B0653,女,普通,微信小程序,34,学生,南京,三口之家,否
B0654,女,普通,App自然注册,47,公务员,其他,多口之家,否
B0655,男,普通,微信小程序,48,其他,天津,二人世界,否
B0656,男,黑金,微信小程序,42,互联网从业,北京,单身青年,是
B0657,男,普通,App自然注册,42,企业职员,上海,二人世界,否
B0658,男,黑金,社群裂变,33,企业职员,广州,三口之家,是
B0659,女,普通,地推活动,40,自由职业,郑州,多口之家,否
B0660,女,银卡,社群裂变,34,服务业,北京,二人世界,否
B0661,女,银卡,微信小程序,33,服务业,上海,三口之家,否
B0662,女,普通,微信小程序,45,全职主妇,北京,多口之家,否
B0663,女,银卡,微信小程序,40,自由职业,上海,单身青年,否
B0664,女,银卡,微信小程序,30,其他,重庆,单身青年,否
B0665,女,黑金,微信小程序,47,公务员,广州,二人世界,是
B0666,女,普通,App自然注册,38,其他,北京,银发族,否
B0667,女,银卡,外卖平台导流,41,企业职员,北京,三口之家,否
B0668,男,普通,微信小程序,36,自由职业,深圳,三口之家,否
B0669,男,银卡,社群裂变,31,服务业,广州,三口之家,否
B0670,男,普通,微信小程序,44,学生,其他,银发族,否
B0671,女,普通,地推活动,52,全职主妇,深圳,三口之家,否
B0672,女,普通,App自然注册,43,公务员,上海,多口之家,否
B0673,男,普通,线下扫码,39,企业职员,杭州,三口之家,否
B0674,女,普通,微信小程序,35,互联网从业,上海,三口之家,否
B0675,女,普通,微信小程序,38,企业职员,广州,二人世界,否
B0676,女,普通,App自然注册,36,企业职员,上海,单身青年,否
B0677,女,金卡,社群裂变,32,全职主妇,北京,二人世界,是
B0678,男,银卡,微信小程序,28,企业职员,其他,单身青年,否
B0679,女,金卡,微信小程序,34,公务员,北京,单身青年,是
B0680,女,普通,社群裂变,37,企业职员,上海,三口之家,否
B0681,男,金卡,线下扫码,51,企业职员,南京,三口之家,否
B0682,女,银卡,微信小程序,43,企业职员,西安,三口之家,否
B0683,男,普通,App自然注册,31,企业职员,深圳,多口之家,否
B0684,女,银卡,微信小程序,45,服务业,上海,银发族,否
B0685,男,银卡,App自然注册,47,企业职员,武汉,三口之家,否
B0686,女,普通,微信小程序,51,服务业,北京,三口之家,否
B0687,女,金卡,线下扫码,36,学生,其他,银发族,否
B0688,男,普通,社群裂变,37,服务业,上海,三口之家,否
B0689,女,金卡,线下扫码,35,互联网从业,苏州,多口之家,是
B0690,女,黑金,微信小程序,35,互联网从业,郑州,三口之家,是
B0691,男,金卡,线下扫码,43,全职主妇,广州,银发族,是
B0692,女,银卡,App自然注册,39,企业职员,长沙,三口之家,否
B0693,女,银卡,App自然注册,35,服务业,北京,单身青年,否
B0694,男,普通,App自然注册,41,全职主妇,北京,银发族,否
B0695,男,金卡,社群裂变,25,企业职员,上海,单身青年,否
B0696,女,普通,App自然注册,42,企业职员,西安,单身青年,否
B0697,女,普通,线下扫码,32,互联网从业,其他,单身青年,否
B0698,女,银卡,线下扫码,32,企业职员,天津,三口之家,否
B0699,男,金卡,线下扫码,43,企业职员,其他,二人世界,否
B0700,女,普通,微信小程序,30,公务员,上海,三口之家,否
B0701,女,普通,地推活动,40,全职主妇,南京,银发族,否
B0702,女,普通,App自然注册,29,服务业,其他,多口之家,否
B0703,女,黑金,微信小程序,52,自由职业,广州,三口之家,是
B0704,男,普通,线下扫码,40,学生,天津,二人世界,否
B0705,男,金卡,微信小程序,43,企业职员,上海,单身青年,是
B0706,女,银卡,微信小程序,33,全职主妇,西安,三口之家,否
B0707,女,普通,App自然注册,40,互联网从业,长沙,二人世界,否
B0708,男,普通,App自然注册,45,企业职员,成都,多口之家,否
B0709,女,银卡,地推活动,26,企业职员,广州,单身青年,否
B0710,男,银卡,微信小程序,39,互联网从业,南京,银发族,否
B0711,男,金卡,App自然注册,40,全职主妇,北京,三口之家,是
B0712,女,银卡,App自然注册,36,企业职员,青岛,三口之家,否
B0713,女,黑金,App自然注册,32,学生,西安,三口之家,是
B0714,男,普通,线下扫码,30,企业职员,其他,二人世界,否
B0715,男,金卡,线下扫码,43,全职主妇,重庆,单身青年,是
B0716,男,普通,地推活动,43,企业职员,南京,二人世界,否
B0717,男,普通,社群裂变,38,公务员,上海,三口之家,否
B0718,女,普通,App自然注册,27,互联网从业,天津,三口之家,否
B0719,女,银卡,微信小程序,31,自由职业,武汉,单身青年,否
B0720,女,普通,微信小程序,39,企业职员,杭州,银发族,否
B0721,男,金卡,地推活动,47,互联网从业,深圳,多口之家,否
B0722,女,金卡,外卖平台导流,43,企业职员,成都,单身青年,否
B0723,女,银卡,线下扫码,44,全职主妇,其他,单身青年,否
B0724,男,普通,线下扫码,41,企业职员,南京,三口之家,否
B0725,女,普通,App自然注册,35,服务业,北京,三口之家,否
B0726,女,普通,社群裂变,31,全职主妇,成都,三口之家,否
B0727,男,普通,微信小程序,29,自由职业,郑州,二人世界,否
B0728,男,普通,线下扫码,39,互联网从业,上海,单身青年,否
B0729,女,普通,App自然注册,38,学生,其他,三口之家,否
B0730,女,普通,App自然注册,41,公务员,南京,多口之家,否
B0731,男,银卡,微信小程序,46,互联网从业,南京,单身青年,否
B0732,男,银卡,线下扫码,44,其他,武汉,二人世界,否
B0733,男,普通,App自然注册,40,企业职员,天津,多口之家,否
B0734,男,银卡,App自然注册,25,其他,武汉,银发族,否
B0735,男,银卡,微信小程序,32,服务业,长沙,三口之家,否
B0736,女,普通,线下扫码,28,企业职员,深圳,多口之家,否
B0737,男,普通,线下扫码,49,互联网从业,天津,多口之家,否
B0738,女,银卡,App自然注册,29,学生,苏州,三口之家,否
B0739,女,银卡,线下扫码,32,全职主妇,西安,单身青年,否
B0740,男,普通,App自然注册,30,企业职员,其他,单身青年,否
B0741,男,普通,地推活动,46,公务员,成都,多口之家,否
B0742,女,银卡,微信小程序,50,服务业,上海,三口之家,否
B0743,男,黑金,微信小程序,34,全职主妇,深圳,三口之家,是
B0744,女,银卡,地推活动,41,企业职员,苏州,多口之家,否
B0745,男,普通,微信小程序,46,互联网从业,武汉,银发族,否
B0746,男,普通,社群裂变,30,互联网从业,深圳,银发族,否
B0747,女,普通,App自然注册,49,全职主妇,广州,二人世界,否
B0748,女,普通,社群裂变,27,公务员,杭州,二人世界,否
B0749,女,普通,外卖平台导流,34,公务员,北京,多口之家,否
B0750,女,普通,线下扫码,29,企业职员,苏州,多口之家,否
B0751,女,银卡,线下扫码,38,企业职员,上海,三口之家,否
B0752,女,银卡,微信小程序,28,自由职业,长沙,三口之家,否
B0753,女,银卡,App自然注册,52,学生,天津,二人世界,否
B0754,女,普通,社群裂变,40,企业职员,上海,三口之家,否
B0755,男,普通,微信小程序,33,互联网从业,上海,单身青年,否
B0756,女,银卡,线下扫码,33,企业职员,上海,银发族,否
B0757,男,金卡,线下扫码,45,企业职员,西安,三口之家,是
B0758,女,普通,微信小程序,42,服务业,上海,三口之家,否
B0759,女,金卡,社群裂变,50,全职主妇,其他,二人世界,是
B0760,女,普通,App自然注册,34,学生,上海,二人世界,否
B0761,男,普通,App自然注册,37,企业职员,其他,银发族,否
B0762,女,金卡,App自然注册,40,全职主妇,广州,多口之家,是
B0763,男,普通,外卖平台导流,41,全职主妇,杭州,三口之家,否
B0764,男,金卡,微信小程序,44,企业职员,青岛,银发族,是
B0765,女,金卡,社群裂变,49,互联网从业,长沙,单身青年,是
B0766,男,普通,线下扫码,35,企业职员,北京,三口之家,否
B0767,男,普通,线下扫码,43,互联网从业,重庆,二人世界,否
B0768,男,普通,线下扫码,34,全职主妇,上海,多口之家,否
B0769,男,金卡,App自然注册,39,企业职员,重庆,多口之家,是
B0770,男,普通,微信小程序,43,企业职员,深圳,二人世界,否
B0771,男,普通,微信小程序,28,学生,其他,三口之家,否
B0772,男,普通,线下扫码,35,其他,南京,单身青年,否
B0773,男,金卡,微信小程序,38,互联网从业,广州,二人世界,否
B0774,女,普通,社群裂变,45,企业职员,深圳,三口之家,否
B0775,女,银卡,App自然注册,31,企业职员,深圳,多口之家,否
B0776,男,普通,社群裂变,49,学生,成都,银发族,否
B0777,男,普通,微信小程序,40,服务业,青岛,单身青年,否
B0778,男,银卡,App自然注册,32,全职主妇,广州,单身青年,否
B0779,女,普通,微信小程序,46,其他,西安,三口之家,否
B0780,女,金卡,微信小程序,38,企业职员,长沙,单身青年,否
B0781,男,普通,微信小程序,40,学生,上海,二人世界,否
B0782,女,普通,线下扫码,33,企业职员,杭州,银发族,否
B0783,女,银卡,微信小程序,41,其他,西安,单身青年,否
B0784,女,普通,App自然注册,41,全职主妇,南京,三口之家,否
B0785,男,普通,线下扫码,31,互联网从业,北京,三口之家,否
B0786,女,普通,线下扫码,39,其他,武汉,单身青年,否
B0787,女,普通,地推活动,42,互联网从业,苏州,二人世界,否
B0788,男,金卡,地推活动,39,企业职员,上海,银发族,是
B0789,男,银卡,外卖平台导流,36,学生,长沙,三口之家,否
B0790,男,普通,线下扫码,39,企业职员,深圳,三口之家,否
B0791,女,普通,社群裂变,45,全职主妇,苏州,单身青年,否
B0792,男,普通,App自然注册,33,互联网从业,武汉,多口之家,否
B0793,女,银卡,微信小程序,32,全职主妇,重庆,单身青年,否
B0794,女,银卡,App自然注册,44,服务业,其他,二人世界,否
B0795,女,金卡,微信小程序,25,服务业,杭州,多口之家,是
B0796,女,普通,外卖平台导流,45,互联网从业,郑州,单身青年,否
B0797,男,黑金,App自然注册,33,全职主妇,武汉,三口之家,是
B0798,男,普通,微信小程序,40,服务业,上海,多口之家,否
B0799,男,银卡,App自然注册,39,服务业,北京,银发族,否
B0800,女,银卡,外卖平台导流,43,互联网从业,西安,三口之家,否
B0801,女,普通,社群裂变,30,全职主妇,南京,三口之家,否
B0802,女,金卡,微信小程序,50,服务业,西安,多口之家,否
B0803,男,金卡,微信小程序,46,自由职业,郑州,单身青年,是
B0804,男,普通,地推活动,50,服务业,其他,单身青年,否
B0805,男,普通,线下扫码,51,全职主妇,郑州,三口之家,否
B0806,男,普通,线下扫码,35,企业职员,北京,二人世界,否
B0807,男,银卡,地推活动,40,服务业,其他,多口之家,否
B0808,女,普通,微信小程序,33,企业职员,长沙,三口之家,否
B0809,男,银卡,社群裂变,52,服务业,上海,二人世界,否
B0810,女,普通,外卖平台导流,35,企业职员,上海,多口之家,否
B0811,男,金卡,地推活动,44,全职主妇,上海,三口之家,否
B0812,女,黑金,App自然注册,33,互联网从业,武汉,三口之家,是
B0813,女,普通,线下扫码,51,服务业,西安,三口之家,否
B0814,男,银卡,线下扫码,38,其他,北京,三口之家,否
B0815,男,普通,线下扫码,39,企业职员,杭州,银发族,否
B0816,男,普通,App自然注册,38,互联网从业,重庆,三口之家,否
B0817,男,普通,微信小程序,26,学生,北京,三口之家,否
B0818,男,普通,微信小程序,50,企业职员,广州,多口之家,否
B0819,男,普通,地推活动,49,自由职业,西安,二人世界,否
B0820,女,普通,App自然注册,31,企业职员,成都,二人世界,否
B0821,女,普通,微信小程序,52,企业职员,北京,银发族,否
B0822,男,普通,外卖平台导流,42,自由职业,上海,多口之家,否
B0823,女,普通,App自然注册,35,其他,重庆,多口之家,否
B0824,女,黑金,外卖平台导流,47,学生,成都,多口之家,是
B0825,男,金卡,微信小程序,37,服务业,长沙,二人世界,是
B0826,男,银卡,线下扫码,37,公务员,杭州,三口之家,否
B0827,男,金卡,线下扫码,31,企业职员,成都,三口之家,是
B0828,男,普通,线下扫码,37,自由职业,杭州,三口之家,否
B0829,女,普通,微信小程序,31,自由职业,上海,单身青年,否
B0830,男,普通,微信小程序,42,全职主妇,南京,三口之家,否
B0831,女,银卡,微信小程序,39,全职主妇,郑州,三口之家,否
B0832,女,银卡,App自然注册,37,其他,北京,单身青年,否
B0833,女,普通,微信小程序,33,企业职员,上海,单身青年,否
B0834,女,金卡,App自然注册,35,企业职员,北京,三口之家,是
B0835,男,普通,App自然注册,27,企业职员,北京,三口之家,否
B0836,女,金卡,地推活动,35,全职主妇,上海,二人世界,是
B0837,男,黑金,线下扫码,34,企业职员,天津,多口之家,是
B0838,女,黑金,外卖平台导流,34,企业职员,重庆,三口之家,是
B0839,男,普通,外卖平台导流,34,全职主妇,郑州,单身青年,否
B0840,女,金卡,外卖平台导流,37,互联网从业,其他,三口之家,是
B0841,女,普通,外卖平台导流,45,全职主妇,北京,三口之家,否
B0842,男,普通,外卖平台导流,32,企业职员,青岛,三口之家,否
B0843,女,普通,外卖平台导流,35,互联网从业,长沙,三口之家,否
B0844,女,银卡,微信小程序,29,全职主妇,北京,三口之家,否
B0845,女,银卡,线下扫码,34,服务业,武汉,单身青年,否
B0846,男,普通,App自然注册,38,企业职员,青岛,单身青年,否
B0847,女,普通,微信小程序,41,互联网从业,北京,单身青年,否
B0848,女,普通,微信小程序,35,全职主妇,北京,三口之家,否
B0849,男,黑金,App自然注册,27,企业职员,北京,二人世界,是
B0850,女,普通,外卖平台导流,43,企业职员,郑州,多口之家,否
B0851,女,普通,App自然注册,45,企业职员,天津,单身青年,否
B0852,男,普通,外卖平台导流,38,公务员,天津,单身青年,否
B0853,女,金卡,外卖平台导流,33,自由职业,南京,三口之家,否
B0854,女,银卡,社群裂变,38,企业职员,天津,多口之家,否
B0855,女,黑金,App自然注册,38,学生,北京,多口之家,是
B0856,女,普通,外卖平台导流,33,学生,武汉,单身青年,否
B0857,女,普通,地推活动,34,互联网从业,上海,二人世界,否
B0858,男,普通,微信小程序,42,企业职员,苏州,多口之家,否
B0859,女,普通,App自然注册,40,互联网从业,北京,三口之家,否
B0860,女,黑金,App自然注册,42,全职主妇,郑州,单身青年,是
B0861,男,金卡,线下扫码,30,企业职员,北京,二人世界,是
B0862,男,普通,微信小程序,25,自由职业,杭州,三口之家,否
B0863,女,金卡,线下扫码,34,其他,其他,单身青年,是
B0864,男,普通,App自然注册,40,企业职员,杭州,多口之家,否
B0865,男,普通,线下扫码,41,其他,南京,多口之家,否
B0866,男,普通,地推活动,39,服务业,北京,单身青年,否
B0867,女,黑金,线下扫码,38,自由职业,天津,单身青年,是
B0868,女,普通,微信小程序,37,其他,长沙,多口之家,否
B0869,女,普通,App自然注册,38,企业职员,重庆,二人世界,否
B0870,男,普通,App自然注册,44,全职主妇,西安,多口之家,否
B0871,女,银卡,线下扫码,36,企业职员,上海,多口之家,否
B0872,男,普通,微信小程序,47,全职主妇,南京,银发族,否
B0873,女,普通,微信小程序,35,其他,长沙,三口之家,否
B0874,女,金卡,微信小程序,30,服务业,其他,单身青年,是
B0875,女,黑金,App自然注册,38,全职主妇,北京,三口之家,是
B0876,男,银卡,App自然注册,34,自由职业,广州,三口之家,否
B0877,男,黑金,微信小程序,43,企业职员,上海,单身青年,是
B0878,女,普通,微信小程序,33,服务业,杭州,多口之家,否
B0879,男,普通,线下扫码,46,公务员,其他,三口之家,否
B0880,男,普通,App自然注册,40,自由职业,重庆,多口之家,否
B0881,男,普通,线下扫码,36,互联网从业,长沙,二人世界,否
B0882,女,金卡,微信小程序,32,全职主妇,成都,单身青年,是
B0883,男,普通,微信小程序,49,企业职员,青岛,二人世界,否
B0884,女,银卡,微信小程序,25,企业职员,武汉,单身青年,否
B0885,女,普通,App自然注册,44,企业职员,郑州,银发族,否
B0886,女,黑金,地推活动,31,自由职业,上海,三口之家,是
B0887,男,普通,App自然注册,35,企业职员,武汉,单身青年,否
B0888,女,普通,微信小程序,35,全职主妇,重庆,多口之家,否
B0889,女,普通,微信小程序,42,服务业,南京,三口之家,否
B0890,女,普通,微信小程序,35,企业职员,长沙,多口之家,否
B0891,女,普通,微信小程序,34,企业职员,深圳,银发族,否
B0892,男,普通,外卖平台导流,26,互联网从业,上海,单身青年,否
B0893,女,普通,微信小程序,33,互联网从业,北京,银发族,否
B0894,女,普通,微信小程序,37,全职主妇,南京,三口之家,否
B0895,男,普通,App自然注册,37,全职主妇,成都,单身青年,否
B0896,男,银卡,App自然注册,46,全职主妇,其他,三口之家,否
B0897,男,普通,微信小程序,52,互联网从业,上海,三口之家,否
B0898,男,普通,线下扫码,34,服务业,北京,多口之家,否
B0899,女,黑金,线下扫码,40,全职主妇,深圳,三口之家,是
B0900,女,金卡,线下扫码,34,全职主妇,广州,多口之家,是
B0901,女,普通,微信小程序,46,其他,北京,单身青年,否
B0902,女,普通,微信小程序,33,企业职员,南京,多口之家,否
B0903,男,普通,微信小程序,51,自由职业,广州,单身青年,否
B0904,男,银卡,线下扫码,48,企业职员,武汉,三口之家,否
B0905,女,金卡,外卖平台导流,50,其他,杭州,单身青年,是
B0906,男,普通,外卖平台导流,40,自由职业,上海,多口之家,否
B0907,女,银卡,社群裂变,44,全职主妇,上海,单身青年,否
B0908,男,银卡,社群裂变,37,企业职员,郑州,三口之家,否
B0909,男,银卡,App自然注册,33,全职主妇,上海,多口之家,否
B0910,男,银卡,微信小程序,37,服务业,武汉,单身青年,否
B0911,男,普通,外卖平台导流,31,全职主妇,广州,多口之家,否
B0912,女,普通,App自然注册,27,公务员,西安,单身青年,否
B0913,女,普通,线下扫码,28,其他,杭州,二人世界,否
B0914,女,普通,微信小程序,48,服务业,上海,单身青年,否
B0915,男,普通,微信小程序,25,自由职业,杭州,二人世界,否
B0916,女,金卡,App自然注册,42,服务业,武汉,单身青年,是
B0917,男,普通,线下扫码,45,企业职员,重庆,三口之家,否
B0918,女,普通,社群裂变,48,企业职员,长沙,多口之家,否
B0919,女,银卡,微信小程序,40,企业职员,杭州,多口之家,否
B0920,女,普通,App自然注册,42,服务业,重庆,二人世界,否
B0921,女,金卡,微信小程序,42,互联网从业,上海,三口之家,是
B0922,男,黑金,社群裂变,41,全职主妇,北京,多口之家,是
B0923,女,黑金,微信小程序,38,自由职业,杭州,三口之家,是
B0924,男,黑金,App自然注册,34,公务员,南京,单身青年,是
B0925,女,金卡,线下扫码,45,自由职业,北京,三口之家,否
B0926,男,银卡,微信小程序,38,服务业,武汉,单身青年,否
B0927,男,普通,App自然注册,41,企业职员,南京,单身青年,否
B0928,男,银卡,App自然注册,31,自由职业,深圳,银发族,否
B0929,女,普通,微信小程序,25,服务业,南京,三口之家,否
B0930,女,普通,线下扫码,36,企业职员,成都,三口之家,否
B0931,女,普通,微信小程序,43,全职主妇,其他,银发族,否
B0932,男,银卡,App自然注册,38,互联网从业,长沙,三口之家,否
B0933,女,金卡,App自然注册,25,企业职员,郑州,单身青年,是
B0934,女,普通,App自然注册,40,互联网从业,深圳,多口之家,否
B0935,男,银卡,社群裂变,42,企业职员,北京,单身青年,否
B0936,女,金卡,微信小程序,48,企业职员,郑州,单身青年,否
B0937,女,普通,社群裂变,39,企业职员,杭州,二人世界,否
B0938,男,银卡,App自然注册,39,全职主妇,北京,三口之家,否
B0939,女,普通,线下扫码,32,服务业,杭州,多口之家,否
B0940,女,黑金,微信小程序,37,自由职业,北京,二人世界,是
B0941,男,银卡,微信小程序,32,学生,北京,三口之家,否
B0942,女,普通,社群裂变,40,互联网从业,上海,单身青年,否
B0943,女,普通,App自然注册,45,全职主妇,武汉,多口之家,否
B0944,男,普通,微信小程序,44,其他,西安,单身青年,否
B0945,男,普通,App自然注册,49,全职主妇,天津,三口之家,否
B0946,男,普通,社群裂变,34,全职主妇,上海,三口之家,否
B0947,女,银卡,App自然注册,41,学生,北京,二人世界,否
B0948,男,银卡,App自然注册,40,企业职员,杭州,单身青年,否
B0949,男,普通,App自然注册,42,全职主妇,成都,三口之家,否
B0950,男,普通,微信小程序,46,公务员,重庆,银发族,否
B0951,女,银卡,地推活动,47,其他,杭州,多口之家,否
B0952,男,银卡,线下扫码,37,自由职业,杭州,单身青年,否
B0953,女,银卡,App自然注册,52,学生,其他,银发族,否
B0954,女,普通,微信小程序,39,全职主妇,广州,三口之家,否
B0955,男,普通,微信小程序,40,自由职业,武汉,三口之家,否
B0956,男,普通,App自然注册,35,自由职业,郑州,多口之家,否
B0957,女,银卡,微信小程序,28,企业职员,重庆,三口之家,否
B0958,男,普通,外卖平台导流,37,自由职业,杭州,银发族,否
B0959,女,银卡,App自然注册,42,全职主妇,深圳,单身青年,否
B0960,女,银卡,App自然注册,30,其他,杭州,三口之家,否
B0961,女,银卡,微信小程序,43,学生,长沙,三口之家,否
B0962,男,普通,线下扫码,41,互联网从业,北京,多口之家,否
B0963,女,普通,外卖平台导流,36,企业职员,上海,三口之家,否
B0964,女,普通,App自然注册,41,公务员,青岛,单身青年,否
B0965,男,普通,微信小程序,43,其他,其他,单身青年,否
B0966,女,普通,地推活动,36,学生,深圳,单身青年,否
B0967,女,银卡,线下扫码,30,全职主妇,成都,三口之家,否
B0968,男,金卡,外卖平台导流,37,公务员,成都,单身青年,是
B0969,男,普通,线下扫码,44,自由职业,郑州,三口之家,否
B0970,女,银卡,App自然注册,39,互联网从业,武汉,多口之家,否
B0971,女,普通,App自然注册,32,公务员,其他,银发族,否
B0972,女,普通,线下扫码,27,企业职员,成都,银发族,否
B0973,女,普通,社群裂变,52,企业职员,其他,三口之家,否
B0974,女,银卡,App自然注册,45,企业职员,西安,单身青年,否
B0975,男,普通,社群裂变,29,全职主妇,南京,二人世界,否
B0976,女,金卡,线下扫码,36,全职主妇,北京,三口之家,是
B0977,女,普通,App自然注册,27,自由职业,南京,三口之家,否
B0978,男,黑金,外卖平台导流,40,自由职业,上海,单身青年,是
B0979,男,普通,App自然注册,36,互联网从业,重庆,多口之家,否
B0980,女,金卡,微信小程序,37,互联网从业,天津,二人世界,是
B0981,女,银卡,线下扫码,51,企业职员,武汉,二人世界,否
B0982,女,普通,App自然注册,45,服务业,深圳,银发族,否
B0983,男,银卡,微信小程序,44,服务业,北京,多口之家,否
B0984,女,银卡,外卖平台导流,38,企业职员,其他,单身青年,否
B0985,女,普通,外卖平台导流,34,互联网从业,其他,三口之家,否
B0986,男,银卡,微信小程序,52,企业职员,青岛,二人世界,否
B0987,女,银卡,线下扫码,28,企业职员,其他,二人世界,否
B0988,男,普通,线下扫码,40,其他,其他,二人世界,否
B0989,男,普通,微信小程序,46,自由职业,北京,单身青年,否
B0990,女,普通,微信小程序,41,服务业,上海,三口之家,否
B0991,男,金卡,微信小程序,43,自由职业,苏州,单身青年,是
B0992,女,普通,线下扫码,50,自由职业,南京,三口之家,否
B0993,女,银卡,App自然注册,35,企业职员,西安,单身青年,否
B0994,女,普通,线下扫码,34,互联网从业,深圳,单身青年,否
B0995,女,银卡,线下扫码,41,企业职员,广州,单身青年,否
B0996,男,普通,App自然注册,35,企业职员,广州,多口之家,否
B0997,男,普通,App自然注册,52,企业职员,郑州,三口之家,否
B0998,男,银卡,地推活动,27,学生,长沙,三口之家,否
B0999,女,普通,App自然注册,27,其他,长沙,多口之家,否
B1000,男,黑金,外卖平台导流,26,互联网从业,郑州,二人世界,是
B1001,女,普通,微信小程序,40,其他,郑州,三口之家,否
B1002,女,普通,微信小程序,45,企业职员,长沙,二人世界,否
B1003,男,金卡,App自然注册,48,全职主妇,长沙,三口之家,是
B1004,男,银卡,微信小程序,45,企业职员,北京,单身青年,否
B1005,男,银卡,社群裂变,30,全职主妇,上海,二人世界,否
B1006,女,普通,外卖平台导流,26,全职主妇,苏州,单身青年,否
B1007,女,普通,外卖平台导流,41,企业职员,苏州,单身青年,否
B1008,女,黑金,App自然注册,49,企业职员,武汉,银发族,是
B1009,男,金卡,微信小程序,37,服务业,深圳,单身青年,是
B1010,女,普通,App自然注册,34,其他,上海,单身青年,否
B1011,女,黑金,社群裂变,45,学生,其他,二人世界,是
B1012,男,普通,外卖平台导流,34,自由职业,北京,银发族,否
B1013,男,银卡,微信小程序,41,全职主妇,武汉,多口之家,否
B1014,女,金卡,社群裂变,39,全职主妇,苏州,银发族,否
B1015,男,金卡,外卖平台导流,29,学生,深圳,银发族,是
B1016,男,普通,外卖平台导流,37,全职主妇,武汉,三口之家,否
B1017,女,金卡,App自然注册,30,服务业,北京,三口之家,是
B1018,女,银卡,App自然注册,34,企业职员,重庆,单身青年,否
B1019,女,银卡,外卖平台导流,26,企业职员,武汉,二人世界,否
B1020,女,普通,微信小程序,40,学生,杭州,单身青年,否
B1021,女,普通,微信小程序,38,服务业,广州,单身青年,否
B1022,女,银卡,地推活动,34,服务业,上海,三口之家,否
B1023,女,普通,外卖平台导流,30,全职主妇,成都,多口之家,否
B1024,女,普通,社群裂变,36,服务业,深圳,三口之家,否
B1025,男,普通,线下扫码,45,自由职业,广州,三口之家,否
B1026,男,银卡,App自然注册,38,其他,上海,单身青年,否
B1027,女,普通,微信小程序,36,全职主妇,郑州,单身青年,否
B1028,女,银卡,微信小程序,30,全职主妇,成都,单身青年,否
B1029,男,普通,微信小程序,42,企业职员,郑州,单身青年,否
B1030,女,普通,地推活动,25,学生,武汉,单身青年,否
B1031,男,金卡,微信小程序,44,互联网从业,深圳,单身青年,是
B1032,女,普通,微信小程序,38,互联网从业,天津,三口之家,否
B1033,男,银卡,微信小程序,45,全职主妇,西安,二人世界,否
B1034,男,银卡,线下扫码,42,企业职员,成都,三口之家,否
B1035,男,普通,微信小程序,42,企业职员,西安,二人世界,否
B1036,女,金卡,App自然注册,30,企业职员,重庆,银发族,是
B1037,女,普通,App自然注册,46,其他,上海,单身青年,否
B1038,男,普通,社群裂变,40,互联网从业,杭州,单身青年,否
B1039,女,普通,App自然注册,33,公务员,北京,单身青年,否
B1040,女,银卡,线下扫码,39,全职主妇,上海,二人世界,否
B1041,女,金卡,社群裂变,49,公务员,重庆,三口之家,是
B1042,女,银卡,微信小程序,35,公务员,成都,三口之家,否
B1043,女,普通,App自然注册,41,全职主妇,青岛,二人世界,否
B1044,女,普通,线下扫码,31,企业职员,广州,单身青年,否
B1045,女,普通,线下扫码,49,互联网从业,南京,三口之家,否
B1046,女,金卡,微信小程序,33,其他,上海,多口之家,否
B1047,女,普通,微信小程序,46,全职主妇,北京,三口之家,否
B1048,女,普通,微信小程序,41,全职主妇,杭州,二人世界,否
B1049,女,普通,App自然注册,25,全职主妇,深圳,银发族,否
B1050,女,普通,社群裂变,34,自由职业,深圳,三口之家,否
B1051,男,普通,线下扫码,43,公务员,上海,单身青年,否
B1052,女,普通,App自然注册,33,企业职员,上海,二人世界,否
B1053,女,金卡,线下扫码,25,企业职员,武汉,单身青年,否
B1054,女,银卡,社群裂变,42,学生,上海,三口之家,否
B1055,女,普通,线下扫码,31,其他,深圳,单身青年,否
B1056,男,金卡,线下扫码,29,企业职员,苏州,多口之家,是
B1057,男,普通,微信小程序,34,互联网从业,深圳,单身青年,否
B1058,男,普通,线下扫码,25,企业职员,北京,三口之家,否
B1059,女,普通,App自然注册,33,其他,成都,银发族,否
B1060,男,普通,外卖平台导流,41,企业职员,武汉,银发族,否
B1061,男,金卡,App自然注册,51,企业职员,西安,多口之家,是
B1062,男,银卡,微信小程序,27,企业职员,深圳,银发族,否
B1063,男,普通,线下扫码,33,服务业,郑州,多口之家,否
B1064,男,普通,微信小程序,31,企业职员,郑州,银发族,否
B1065,女,普通,地推活动,26,全职主妇,北京,三口之家,否
B1066,男,普通,微信小程序,31,自由职业,天津,单身青年,否
B1067,女,普通,微信小程序,43,全职主妇,其他,三口之家,否
B1068,男,金卡,线下扫码,50,自由职业,北京,多口之家,否
B1069,男,银卡,微信小程序,34,全职主妇,北京,三口之家,否
B1070,女,普通,微信小程序,35,学生,深圳,三口之家,否
B1071,女,黑金,地推活动,39,企业职员,深圳,单身青年,是
B1072,女,银卡,微信小程序,29,企业职员,北京,二人世界,否
B1073,女,普通,线下扫码,34,企业职员,深圳,二人世界,否
B1074,女,普通,线下扫码,37,学生,杭州,多口之家,否
B1075,女,普通,微信小程序,31,企业职员,天津,银发族,否
B1076,女,普通,微信小程序,34,全职主妇,北京,银发族,否
B1077,女,普通,线下扫码,35,全职主妇,苏州,三口之家,否
B1078,男,黑金,微信小程序,35,自由职业,广州,单身青年,是
B1079,男,银卡,微信小程序,27,全职主妇,重庆,三口之家,否
B1080,女,普通,微信小程序,43,其他,成都,三口之家,否
B1081,女,普通,线下扫码,43,互联网从业,南京,多口之家,否
B1082,男,普通,线下扫码,27,公务员,上海,单身青年,否
B1083,女,普通,外卖平台导流,40,学生,北京,银发族,否
B1084,男,普通,微信小程序,36,企业职员,郑州,三口之家,否
B1085,男,普通,App自然注册,34,公务员,武汉,单身青年,否
B1086,女,金卡,App自然注册,41,企业职员,成都,多口之家,是
B1087,男,银卡,微信小程序,34,企业职员,上海,单身青年,否
B1088,男,普通,社群裂变,31,企业职员,深圳,多口之家,否
B1089,女,银卡,微信小程序,40,企业职员,杭州,多口之家,否
B1090,男,普通,外卖平台导流,35,其他,武汉,三口之家,否
B1091,女,银卡,微信小程序,43,全职主妇,苏州,二人世界,否
B1092,男,金卡,线下扫码,28,自由职业,其他,单身青年,是
B1093,男,银卡,地推活动,32,企业职员,杭州,三口之家,否
B1094,男,银卡,App自然注册,28,服务业,北京,单身青年,否
B1095,女,普通,地推活动,44,公务员,上海,三口之家,否
B1096,男,普通,微信小程序,34,自由职业,杭州,单身青年,否
B1097,女,普通,App自然注册,50,公务员,长沙,二人世界,否
B1098,男,普通,微信小程序,26,自由职业,广州,单身青年,否
B1099,男,银卡,微信小程序,35,企业职员,苏州,三口之家,否
B1100,男,普通,线下扫码,37,企业职员,深圳,三口之家,否
B1101,女,银卡,外卖平台导流,40,学生,北京,三口之家,否
B1102,男,普通,线下扫码,25,企业职员,其他,多口之家,否
B1103,男,银卡,App自然注册,29,服务业,成都,单身青年,否
B1104,女,普通,微信小程序,28,自由职业,青岛,单身青年,否
B1105,女,银卡,线下扫码,41,公务员,北京,单身青年,否
B1106,男,普通,微信小程序,47,服务业,广州,多口之家,否
B1107,男,普通,线下扫码,42,企业职员,上海,单身青年,否
B1108,女,银卡,微信小程序,44,企业职员,北京,二人世界,否
B1109,男,普通,App自然注册,37,全职主妇,杭州,三口之家,否
B1110,男,银卡,地推活动,34,全职主妇,广州,三口之家,否
B1111,男,普通,App自然注册,46,公务员,苏州,多口之家,否
B1112,女,银卡,微信小程序,38,全职主妇,其他,二人世界,否
B1113,男,普通,线下扫码,52,互联网从业,杭州,二人世界,否
B1114,女,普通,线下扫码,47,互联网从业,重庆,三口之家,否
B1115,女,银卡,线下扫码,36,学生,北京,二人世界,否
B1116,女,普通,微信小程序,38,企业职员,天津,银发族,否
B1117,女,普通,外卖平台导流,48,服务业,成都,二人世界,否
B1118,男,银卡,线下扫码,45,其他,成都,单身青年,否
B1119,女,普通,App自然注册,43,企业职员,苏州,单身青年,否
B1120,女,银卡,App自然注册,32,全职主妇,其他,单身青年,否
B1121,女,银卡,微信小程序,48,企业职员,北京,二人世界,否
B1122,女,银卡,线下扫码,44,全职主妇,上海,二人世界,否
B1123,女,银卡,App自然注册,34,企业职员,北京,二人世界,否
B1124,男,普通,线下扫码,27,企业职员,长沙,二人世界,否
B1125,男,银卡,微信小程序,51,全职主妇,天津,三口之家,否
B1126,男,普通,微信小程序,46,企业职员,天津,二人世界,否
B1127,女,银卡,线下扫码,39,互联网从业,北京,多口之家,否
B1128,女,普通,微信小程序,44,企业职员,其他,三口之家,否
B1129,女,银卡,App自然注册,25,企业职员,深圳,单身青年,否
B1130,男,普通,App自然注册,31,服务业,天津,二人世界,否
B1131,女,普通,地推活动,40,全职主妇,成都,二人世界,否
B1132,男,普通,线下扫码,41,企业职员,深圳,单身青年,否
B1133,男,黑金,外卖平台导流,34,公务员,重庆,二人世界,是
B1134,女,普通,外卖平台导流,30,企业职员,其他,三口之家,否
B1135,男,普通,线下扫码,52,企业职员,深圳,三口之家,否
B1136,男,金卡,微信小程序,43,自由职业,其他,二人世界,是
B1137,女,黑金,地推活动,27,其他,广州,三口之家,是
B1138,女,银卡,外卖平台导流,32,企业职员,重庆,银发族,否
B1139,男,普通,社群裂变,33,其他,西安,三口之家,否
B1140,男,黑金,App自然注册,47,互联网从业,成都,二人世界,是
B1141,女,普通,App自然注册,42,其他,青岛,二人世界,否
B1142,男,普通,外卖平台导流,38,企业职员,天津,多口之家,否
B1143,女,银卡,线下扫码,42,自由职业,北京,单身青年,否
B1144,女,金卡,微信小程序,48,其他,北京,单身青年,是
B1145,男,普通,微信小程序,45,企业职员,其他,单身青年,否
B1146,女,金卡,外卖平台导流,35,其他,其他,单身青年,是
B1147,女,金卡,社群裂变,32,其他,其他,单身青年,是
B1148,女,普通,社群裂变,28,互联网从业,长沙,三口之家,否
B1149,男,普通,App自然注册,25,互联网从业,重庆,多口之家,否
B1150,女,普通,微信小程序,52,自由职业,苏州,三口之家,否
B1151,女,银卡,社群裂变,25,学生,郑州,三口之家,否
B1152,女,普通,线下扫码,44,全职主妇,长沙,银发族,否
B1153,男,普通,微信小程序,50,公务员,重庆,多口之家,否
B1154,男,银卡,微信小程序,37,企业职员,重庆,三口之家,否
B1155,女,普通,外卖平台导流,39,企业职员,北京,二人世界,否
B1156,男,银卡,App自然注册,38,其他,成都,三口之家,否
B1157,男,普通,App自然注册,25,互联网从业,其他,银发族,否
B1158,女,普通,外卖平台导流,33,其他,南京,单身青年,否
B1159,女,银卡,微信小程序,41,自由职业,广州,二人世界,否
B1160,男,金卡,外卖平台导流,29,全职主妇,其他,三口之家,是
B1161,女,普通,App自然注册,28,自由职业,上海,多口之家,否
B1162,女,普通,App自然注册,37,企业职员,成都,三口之家,否
B1163,女,普通,线下扫码,36,企业职员,上海,二人世界,否
B1164,女,银卡,App自然注册,40,其他,郑州,银发族,否
B1165,女,金卡,线下扫码,40,全职主妇,南京,多口之家,是
B1166,男,普通,App自然注册,52,互联网从业,上海,银发族,否
B1167,男,普通,地推活动,32,公务员,广州,单身青年,否
B1168,女,金卡,社群裂变,28,服务业,其他,三口之家,是
B1169,男,银卡,微信小程序,40,学生,苏州,三口之家,否
B1170,女,黑金,App自然注册,37,学生,北京,三口之家,是
B1171,女,普通,外卖平台导流,41,企业职员,天津,三口之家,否
B1172,男,银卡,微信小程序,41,企业职员,武汉,单身青年,否
B1173,男,银卡,线下扫码,33,企业职员,青岛,多口之家,否
B1174,女,银卡,线下扫码,38,自由职业,西安,单身青年,否
B1175,男,普通,微信小程序,36,互联网从业,广州,三口之家,否
B1176,男,普通,社群裂变,35,其他,上海,三口之家,否
B1177,女,普通,微信小程序,42,服务业,郑州,单身青年,否
B1178,男,普通,App自然注册,49,企业职员,重庆,二人世界,否
B1179,女,金卡,外卖平台导流,47,学生,苏州,二人世界,是
B1180,男,普通,微信小程序,36,其他,长沙,二人世界,否
B1181,女,银卡,微信小程序,32,全职主妇,成都,三口之家,否
B1182,女,普通,线下扫码,42,互联网从业,郑州,多口之家,否
B1183,男,普通,App自然注册,41,服务业,成都,单身青年,否
B1184,女,普通,微信小程序,33,服务业,上海,多口之家,否
B1185,女,银卡,App自然注册,38,服务业,上海,银发族,否
B1186,女,普通,外卖平台导流,25,企业职员,杭州,三口之家,否
B1187,男,普通,App自然注册,47,企业职员,长沙,单身青年,否
B1188,男,普通,App自然注册,45,企业职员,其他,三口之家,否
B1189,男,普通,微信小程序,46,企业职员,成都,单身青年,否
B1190,女,银卡,社群裂变,36,全职主妇,天津,单身青年,否
B1191,男,普通,外卖平台导流,32,学生,杭州,二人世界,否
B1192,男,普通,微信小程序,29,企业职员,上海,二人世界,否
B1193,女,黑金,微信小程序,27,企业职员,成都,单身青年,是
B1194,男,金卡,App自然注册,39,自由职业,成都,银发族,是
B1195,女,普通,微信小程序,45,互联网从业,武汉,单身青年,否
B1196,女,普通,外卖平台导流,39,其他,郑州,单身青年,否
B1197,女,银卡,外卖平台导流,34,服务业,成都,三口之家,否
B1198,男,普通,App自然注册,37,自由职业,武汉,二人世界,否
B1199,女,银卡,App自然注册,26,其他,武汉,三口之家,否
B1200,男,普通,微信小程序,36,企业职员,南京,三口之家,否
B1201,男,银卡,外卖平台导流,36,企业职员,苏州,三口之家,否
B1202,女,普通,App自然注册,52,公务员,其他,多口之家,否
B1203,女,普通,微信小程序,25,服务业,上海,二人世界,否
B1204,女,银卡,线下扫码,38,互联网从业,成都,多口之家,否
B1205,女,普通,App自然注册,37,企业职员,深圳,单身青年,否
B1206,男,普通,线下扫码,35,企业职员,北京,三口之家,否
B1207,女,黑金,App自然注册,25,企业职员,武汉,多口之家,是
B1208,男,普通,外卖平台导流,34,学生,天津,多口之家,否
B1209,男,金卡,微信小程序,46,自由职业,南京,三口之家,是
B1210,男,金卡,微信小程序,33,企业职员,长沙,银发族,是
B1211,女,普通,微信小程序,36,服务业,广州,银发族,否
B1212,女,普通,微信小程序,39,全职主妇,北京,多口之家,否
B1213,女,金卡,外卖平台导流,37,企业职员,重庆,多口之家,否
B1214,女,普通,地推活动,38,服务业,武汉,三口之家,否
B1215,女,普通,微信小程序,43,互联网从业,成都,三口之家,否
B1216,女,银卡,线下扫码,46,公务员,其他,三口之家,否
B1217,女,金卡,线下扫码,27,互联网从业,北京,三口之家,是
B1218,女,普通,App自然注册,34,其他,成都,三口之家,否
B1219,女,普通,线下扫码,44,自由职业,北京,多口之家,否
B1220,女,银卡,线下扫码,52,自由职业,上海,单身青年,否
B1221,女,普通,外卖平台导流,31,互联网从业,苏州,二人世界,否
B1222,女,银卡,App自然注册,34,企业职员,北京,三口之家,否
B1223,男,黑金,微信小程序,35,公务员,杭州,二人世界,是
B1224,男,银卡,App自然注册,32,全职主妇,成都,二人世界,否
B1225,男,银卡,社群裂变,38,学生,武汉,二人世界,否
B1226,女,金卡,App自然注册,38,公务员,青岛,三口之家,是
B1227,女,普通,App自然注册,42,全职主妇,广州,二人世界,否
B1228,女,金卡,App自然注册,46,公务员,杭州,单身青年,是
B1229,男,金卡,微信小程序,40,其他,苏州,银发族,否
B1230,女,金卡,外卖平台导流,49,其他,西安,单身青年,是
B1231,女,普通,社群裂变,30,公务员,深圳,单身青年,否
B1232,男,普通,外卖平台导流,45,全职主妇,北京,单身青年,否
B1233,男,普通,外卖平台导流,36,其他,郑州,单身青年,否
B1234,女,金卡,微信小程序,50,学生,深圳,单身青年,是
B1235,女,普通,微信小程序,37,企业职员,郑州,单身青年,否
B1236,男,普通,微信小程序,40,企业职员,北京,三口之家,否
B1237,男,金卡,App自然注册,29,互联网从业,深圳,三口之家,是
B1238,女,普通,App自然注册,37,企业职员,重庆,单身青年,否
B1239,女,普通,微信小程序,43,服务业,武汉,单身青年,否
B1240,男,银卡,微信小程序,31,自由职业,重庆,二人世界,否
B1241,女,银卡,微信小程序,42,企业职员,深圳,多口之家,否
B1242,女,普通,外卖平台导流,37,互联网从业,深圳,三口之家,否
B1243,男,普通,微信小程序,41,学生,北京,三口之家,否
B1244,女,普通,App自然注册,32,企业职员,南京,二人世界,否
B1245,女,普通,App自然注册,38,学生,杭州,银发族,否
B1246,女,银卡,App自然注册,38,自由职业,南京,二人世界,否
B1247,男,普通,App自然注册,38,公务员,西安,三口之家,否
B1248,女,普通,App自然注册,42,全职主妇,杭州,单身青年,否
B1249,男,普通,微信小程序,38,自由职业,北京,三口之家,否
B1250,女,银卡,微信小程序,33,企业职员,成都,多口之家,否
B1251,女,普通,App自然注册,44,互联网从业,北京,二人世界,否
B1252,男,银卡,社群裂变,35,互联网从业,深圳,三口之家,否
B1253,女,银卡,社群裂变,42,全职主妇,北京,二人世界,否
B1254,女,黑金,微信小程序,40,服务业,其他,单身青年,是
B1255,女,普通,线下扫码,33,全职主妇,深圳,二人世界,否
B1256,女,银卡,微信小程序,39,其他,上海,三口之家,否
B1257,女,普通,地推活动,32,企业职员,郑州,二人世界,否
B1258,女,普通,社群裂变,43,学生,成都,单身青年,否
B1259,男,金卡,地推活动,41,服务业,西安,二人世界,是
B1260,男,银卡,线下扫码,25,其他,深圳,单身青年,否
B1261,女,普通,线下扫码,37,服务业,上海,二人世界,否
B1262,男,黑金,线下扫码,37,全职主妇,其他,二人世界,是
B1263,女,普通,外卖平台导流,32,企业职员,长沙,三口之家,否
B1264,女,银卡,App自然注册,34,企业职员,深圳,三口之家,否
B1265,男,银卡,微信小程序,34,全职主妇,杭州,单身青年,否
B1266,女,金卡,外卖平台导流,28,互联网从业,青岛,单身青年,是
B1267,男,银卡,微信小程序,31,自由职业,广州,三口之家,否
B1268,男,普通,微信小程序,32,全职主妇,深圳,三口之家,否
B1269,男,银卡,微信小程序,31,企业职员,北京,二人世界,否
B1270,男,金卡,社群裂变,30,其他,深圳,银发族,是
B1271,男,银卡,App自然注册,27,企业职员,北京,单身青年,否
B1272,女,普通,线下扫码,39,企业职员,杭州,银发族,否
B1273,女,普通,线下扫码,44,全职主妇,西安,二人世界,否
B1274,女,银卡,外卖平台导流,52,互联网从业,南京,二人世界,否
B1275,女,普通,App自然注册,47,其他,重庆,三口之家,否
B1276,女,普通,微信小程序,41,企业职员,深圳,银发族,否
B1277,男,普通,外卖平台导流,36,互联网从业,成都,多口之家,否
B1278,男,银卡,微信小程序,44,企业职员,北京,三口之家,否
B1279,女,金卡,社群裂变,32,学生,重庆,二人世界,是
B1280,男,普通,微信小程序,37,互联网从业,北京,三口之家,否
B1281,女,银卡,App自然注册,46,学生,西安,二人世界,否
B1282,女,普通,线下扫码,48,全职主妇,青岛,单身青年,否
B1283,男,普通,外卖平台导流,37,服务业,深圳,单身青年,否
B1284,男,普通,线下扫码,28,自由职业,北京,二人世界,否
B1285,男,普通,外卖平台导流,47,企业职员,上海,三口之家,否
B1286,男,银卡,微信小程序,33,企业职员,重庆,三口之家,否
B1287,女,普通,社群裂变,38,全职主妇,其他,单身青年,否
B1288,男,银卡,线下扫码,29,自由职业,北京,多口之家,否
B1289,女,普通,微信小程序,36,全职主妇,武汉,二人世界,否
B1290,女,金卡,外卖平台导流,33,学生,北京,三口之家,是
B1291,女,普通,地推活动,28,公务员,天津,单身青年,否
B1292,男,金卡,地推活动,33,其他,北京,多口之家,是
B1293,女,普通,线下扫码,38,其他,长沙,三口之家,否
B1294,女,银卡,微信小程序,31,互联网从业,成都,多口之家,否
B1295,女,金卡,线下扫码,36,公务员,上海,多口之家,是
B1296,女,银卡,社群裂变,39,公务员,上海,多口之家,否
B1297,男,黑金,微信小程序,25,企业职员,上海,三口之家,是
B1298,男,银卡,App自然注册,41,公务员,北京,多口之家,否
B1299,女,普通,外卖平台导流,48,企业职员,青岛,二人世界,否
B1300,女,银卡,社群裂变,38,企业职员,广州,三口之家,否
B1301,男,银卡,外卖平台导流,33,公务员,广州,银发族,否
B1302,女,金卡,外卖平台导流,28,全职主妇,北京,多口之家,是
B1303,女,普通,App自然注册,31,企业职员,北京,多口之家,否
B1304,女,普通,App自然注册,36,企业职员,重庆,二人世界,否
B1305,男,普通,微信小程序,36,互联网从业,广州,单身青年,否
B1306,男,银卡,社群裂变,30,全职主妇,广州,单身青年,否
B1307,女,普通,外卖平台导流,39,自由职业,上海,单身青年,否
B1308,女,普通,线下扫码,37,学生,杭州,三口之家,否
B1309,女,黑金,外卖平台导流,43,互联网从业,广州,三口之家,是
B1310,男,普通,App自然注册,49,学生,北京,单身青年,否
B1311,女,金卡,App自然注册,35,学生,成都,单身青年,是
B1312,女,银卡,线下扫码,33,企业职员,北京,三口之家,否
B1313,女,金卡,地推活动,46,全职主妇,上海,三口之家,否
B1314,女,普通,微信小程序,39,服务业,郑州,单身青年,否
B1315,男,金卡,地推活动,40,互联网从业,长沙,银发族,是
B1316,女,银卡,App自然注册,28,服务业,上海,三口之家,否
B1317,女,普通,微信小程序,38,自由职业,武汉,多口之家,否
B1318,女,普通,线下扫码,29,企业职员,天津,银发族,否
B1319,男,银卡,微信小程序,46,全职主妇,广州,多口之家,否
B1320,女,普通,社群裂变,44,互联网从业,上海,三口之家,否
B1321,女,普通,微信小程序,35,全职主妇,其他,多口之家,否
B1322,男,银卡,线下扫码,37,企业职员,天津,三口之家,否
B1323,男,银卡,外卖平台导流,36,自由职业,成都,三口之家,否
B1324,女,银卡,微信小程序,46,企业职员,上海,三口之家,否
B1325,女,银卡,地推活动,38,服务业,成都,三口之家,否
B1326,男,银卡,地推活动,48,公务员,广州,三口之家,否
B1327,男,普通,App自然注册,35,企业职员,长沙,单身青年,否
B1328,女,银卡,微信小程序,28,互联网从业,上海,三口之家,否
B1329,男,银卡,微信小程序,25,企业职员,深圳,三口之家,否
B1330,女,银卡,线下扫码,45,自由职业,苏州,单身青年,否
B1331,男,普通,社群裂变,49,互联网从业,西安,单身青年,否
B1332,女,金卡,微信小程序,36,企业职员,成都,多口之家,是
B1333,女,银卡,微信小程序,33,企业职员,北京,三口之家,否
B1334,男,普通,App自然注册,36,互联网从业,深圳,二人世界,否
B1335,男,银卡,App自然注册,51,全职主妇,杭州,二人世界,否
B1336,女,普通,线下扫码,42,企业职员,重庆,单身青年,否
B1337,男,普通,微信小程序,35,公务员,天津,银发族,否
B1338,女,银卡,线下扫码,30,学生,重庆,单身青年,否
B1339,男,金卡,微信小程序,52,全职主妇,杭州,二人世界,是
B1340,男,银卡,微信小程序,38,全职主妇,上海,单身青年,否
B1341,男,普通,微信小程序,44,企业职员,西安,二人世界,否
B1342,男,金卡,微信小程序,30,自由职业,上海,银发族,是
B1343,男,银卡,微信小程序,38,自由职业,南京,单身青年,否
B1344,女,普通,社群裂变,37,全职主妇,深圳,三口之家,否
B1345,女,普通,线下扫码,42,全职主妇,上海,三口之家,否
B1346,女,银卡,微信小程序,42,全职主妇,郑州,三口之家,否
B1347,男,普通,微信小程序,33,自由职业,其他,多口之家,否
B1348,女,银卡,线下扫码,38,企业职员,南京,二人世界,否
B1349,男,银卡,线下扫码,46,其他,广州,三口之家,否
B1350,女,黑金,微信小程序,48,服务业,上海,单身青年,是
B1351,男,金卡,社群裂变,25,企业职员,深圳,银发族,是
B1352,男,银卡,微信小程序,37,全职主妇,南京,三口之家,否
B1353,男,普通,线下扫码,28,自由职业,北京,三口之家,否
B1354,女,普通,微信小程序,34,企业职员,杭州,单身青年,否
B1355,男,金卡,外卖平台导流,33,互联网从业,杭州,二人世界,是
B1356,女,银卡,线下扫码,37,公务员,其他,三口之家,否
B1357,女,银卡,微信小程序,28,企业职员,上海,多口之家,否
B1358,男,普通,App自然注册,30,自由职业,广州,三口之家,否
B1359,女,普通,微信小程序,48,互联网从业,成都,银发族,否
B1360,女,银卡,App自然注册,37,服务业,长沙,三口之家,否
B1361,女,银卡,线下扫码,31,互联网从业,上海,多口之家,否
B1362,女,普通,社群裂变,44,全职主妇,深圳,三口之家,否
B1363,女,普通,外卖平台导流,26,企业职员,上海,三口之家,否
B1364,男,普通,社群裂变,34,其他,其他,三口之家,否
B1365,男,银卡,App自然注册,41,全职主妇,青岛,三口之家,否
B1366,男,普通,App自然注册,44,全职主妇,上海,多口之家,否
B1367,男,金卡,线下扫码,46,企业职员,杭州,三口之家,是
B1368,男,金卡,微信小程序,48,公务员,西安,二人世界,否
B1369,男,银卡,微信小程序,41,互联网从业,南京,三口之家,否
B1370,女,黑金,外卖平台导流,31,服务业,成都,单身青年,是
B1371,男,普通,社群裂变,32,全职主妇,青岛,二人世界,否
B1372,女,普通,微信小程序,39,自由职业,北京,三口之家,否
B1373,女,普通,微信小程序,25,学生,郑州,三口之家,否
B1374,女,普通,社群裂变,28,其他,深圳,单身青年,否
B1375,男,普通,App自然注册,42,服务业,苏州,多口之家,否
B1376,男,普通,微信小程序,38,企业职员,天津,单身青年,否
B1377,女,普通,微信小程序,25,服务业,广州,单身青年,否
B1378,男,银卡,线下扫码,43,自由职业,成都,单身青年,否
B1379,女,银卡,线下扫码,45,自由职业,上海,三口之家,否
B1380,女,金卡,线下扫码,40,企业职员,西安,多口之家,是
B1381,女,普通,外卖平台导流,44,服务业,南京,三口之家,否
B1382,男,普通,微信小程序,38,服务业,重庆,单身青年,否
B1383,男,银卡,地推活动,52,其他,广州,多口之家,否
B1384,男,普通,App自然注册,31,公务员,深圳,多口之家,否
B1385,男,金卡,App自然注册,31,全职主妇,苏州,三口之家,否
B1386,男,普通,App自然注册,47,互联网从业,上海,银发族,否
B1387,男,银卡,App自然注册,25,互联网从业,成都,单身青年,否
B1388,女,普通,地推活动,37,学生,重庆,三口之家,否
B1389,女,普通,线下扫码,35,公务员,上海,三口之家,否
B1390,女,普通,App自然注册,49,互联网从业,杭州,二人世界,否
B1391,女,银卡,微信小程序,37,服务业,其他,银发族,否
B1392,女,普通,社群裂变,34,其他,北京,三口之家,否
B1393,女,银卡,App自然注册,46,学生,上海,二人世界,否
B1394,女,普通,App自然注册,28,互联网从业,天津,多口之家,否
B1395,女,金卡,外卖平台导流,26,互联网从业,杭州,单身青年,否
B1396,女,黑金,App自然注册,39,全职主妇,深圳,银发族,是
B1397,男,普通,社群裂变,37,企业职员,北京,三口之家,否
B1398,男,普通,线下扫码,41,服务业,重庆,三口之家,否
B1399,男,银卡,App自然注册,39,全职主妇,北京,多口之家,否
B1400,男,普通,微信小程序,25,学生,青岛,三口之家,否
B1401,女,普通,外卖平台导流,25,全职主妇,深圳,三口之家,否
B1402,女,金卡,线下扫码,35,自由职业,其他,单身青年,否
B1403,男,普通,微信小程序,35,全职主妇,成都,银发族,否
B1404,男,普通,社群裂变,40,企业职员,西安,银发族,否
B1405,男,金卡,线下扫码,35,企业职员,郑州,多口之家,是
B1406,女,银卡,社群裂变,35,全职主妇,重庆,三口之家,否
B1407,女,银卡,线下扫码,33,公务员,深圳,三口之家,否
B1408,女,普通,微信小程序,34,互联网从业,深圳,单身青年,否
B1409,女,金卡,线下扫码,25,自由职业,广州,二人世界,是
B1410,女,银卡,外卖平台导流,28,企业职员,郑州,三口之家,否
B1411,女,银卡,App自然注册,45,互联网从业,杭州,多口之家,否
B1412,男,普通,外卖平台导流,37,学生,重庆,三口之家,否
B1413,女,金卡,微信小程序,32,学生,深圳,三口之家,是
B1414,女,金卡,微信小程序,42,互联网从业,武汉,多口之家,是
B1415,男,金卡,App自然注册,39,其他,上海,三口之家,是
B1416,女,金卡,线下扫码,30,企业职员,重庆,三口之家,是
B1417,女,黑金,App自然注册,32,公务员,青岛,单身青年,是
B1418,女,银卡,外卖平台导流,38,企业职员,武汉,单身青年,否
B1419,男,普通,微信小程序,45,企业职员,北京,多口之家,否
B1420,男,普通,App自然注册,33,学生,苏州,银发族,否
B1421,女,银卡,微信小程序,48,企业职员,长沙,单身青年,否
B1422,女,普通,App自然注册,34,全职主妇,长沙,三口之家,否
B1423,女,黑金,地推活动,32,服务业,成都,单身青年,是
B1424,女,普通,微信小程序,47,企业职员,杭州,银发族,否
B1425,女,金卡,微信小程序,30,互联网从业,上海,二人世界,否
B1426,男,银卡,App自然注册,29,企业职员,上海,二人世界,否
B1427,女,普通,外卖平台导流,38,企业职员,青岛,三口之家,否
B1428,男,普通,线下扫码,47,全职主妇,青岛,三口之家,否
B1429,女,银卡,社群裂变,40,企业职员,上海,三口之家,否
B1430,女,银卡,外卖平台导流,47,企业职员,苏州,多口之家,否
B1431,男,金卡,微信小程序,34,互联网从业,上海,单身青年,否
B1432,男,金卡,线下扫码,52,企业职员,武汉,二人世界,否
B1433,男,金卡,微信小程序,36,企业职员,青岛,多口之家,是
B1434,男,普通,社群裂变,37,服务业,北京,多口之家,否
B1435,女,普通,App自然注册,32,全职主妇,南京,多口之家,否
B1436,女,银卡,App自然注册,49,企业职员,广州,三口之家,否
B1437,女,普通,App自然注册,37,服务业,苏州,三口之家,否
B1438,女,黑金,微信小程序,27,全职主妇,青岛,二人世界,是
B1439,男,金卡,App自然注册,37,全职主妇,上海,多口之家,是
B1440,男,银卡,微信小程序,44,其他,重庆,三口之家,否
B1441,男,银卡,社群裂变,37,服务业,北京,银发族,否
B1442,男,银卡,微信小程序,39,全职主妇,北京,二人世界,否
B1443,男,金卡,地推活动,51,自由职业,广州,多口之家,是
B1444,女,黑金,微信小程序,40,自由职业,其他,单身青年,是
B1445,女,普通,线下扫码,35,企业职员,上海,三口之家,否
B1446,男,普通,地推活动,31,企业职员,上海,三口之家,否
B1447,女,普通,线下扫码,39,全职主妇,北京,三口之家,否
B1448,女,普通,社群裂变,44,企业职员,深圳,三口之家,否
B1449,女,银卡,线下扫码,36,公务员,其他,多口之家,否
B1450,男,黑金,线下扫码,34,互联网从业,苏州,二人世界,是
B1451,女,普通,微信小程序,46,企业职员,成都,多口之家,否
B1452,女,金卡,外卖平台导流,45,全职主妇,北京,银发族,是
B1453,女,普通,App自然注册,25,服务业,北京,单身青年,否
B1454,男,银卡,微信小程序,25,互联网从业,广州,银发族,否
B1455,女,普通,社群裂变,36,企业职员,北京,三口之家,否
B1456,女,普通,线下扫码,52,服务业,其他,三口之家,否
B1457,男,金卡,线下扫码,46,互联网从业,上海,二人世界,是
B1458,女,普通,App自然注册,25,全职主妇,武汉,三口之家,否
B1459,女,普通,线下扫码,37,全职主妇,苏州,三口之家,否
B1460,女,普通,App自然注册,36,服务业,上海,三口之家,否
B1461,男,普通,微信小程序,37,互联网从业,广州,多口之家,否
B1462,女,普通,微信小程序,41,自由职业,上海,三口之家,否
B1463,女,金卡,App自然注册,35,全职主妇,深圳,二人世界,是
B1464,女,普通,App自然注册,40,互联网从业,其他,三口之家,否
B1465,女,普通,外卖平台导流,32,企业职员,上海,三口之家,否
B1466,女,普通,社群裂变,28,互联网从业,北京,单身青年,否
B1467,女,普通,地推活动,32,企业职员,南京,三口之家,否
B1468,男,银卡,外卖平台导流,38,全职主妇,广州,三口之家,否
B1469,男,普通,App自然注册,41,学生,郑州,单身青年,否
B1470,女,银卡,社群裂变,30,其他,北京,单身青年,否
B1471,女,银卡,线下扫码,41,公务员,北京,三口之家,否
B1472,女,普通,外卖平台导流,38,企业职员,杭州,三口之家,否
B1473,男,普通,线下扫码,36,公务员,其他,多口之家,否
B1474,男,银卡,社群裂变,51,全职主妇,上海,二人世界,否
B1475,男,银卡,微信小程序,45,企业职员,成都,三口之家,否
B1476,女,普通,App自然注册,49,全职主妇,上海,三口之家,否
B1477,女,黑金,微信小程序,28,学生,天津,单身青年,是
B1478,男,银卡,地推活动,27,企业职员,苏州,二人世界,否
B1479,女,普通,App自然注册,46,企业职员,其他,三口之家,否
B1480,女,银卡,App自然注册,33,互联网从业,其他,三口之家,否
B1481,男,银卡,微信小程序,40,全职主妇,其他,三口之家,否
B1482,女,黑金,微信小程序,32,学生,成都,多口之家,是
B1483,男,普通,App自然注册,38,服务业,深圳,银发族,否
B1484,女,普通,地推活动,32,自由职业,上海,三口之家,否
B1485,女,黑金,微信小程序,52,全职主妇,苏州,银发族,是
B1486,女,金卡,微信小程序,34,服务业,苏州,三口之家,否
B1487,女,普通,地推活动,49,全职主妇,成都,三口之家,否
B1488,女,普通,微信小程序,32,服务业,青岛,三口之家,否
B1489,女,金卡,外卖平台导流,25,其他,成都,银发族,否
B1490,男,银卡,地推活动,47,公务员,北京,三口之家,否
B1491,男,普通,地推活动,30,全职主妇,南京,二人世界,否
B1492,男,普通,线下扫码,46,学生,西安,三口之家,否
B1493,女,普通,线下扫码,38,企业职员,郑州,单身青年,否
B1494,男,普通,微信小程序,52,企业职员,天津,银发族,否
B1495,男,金卡,App自然注册,50,企业职员,北京,三口之家,是
B1496,女,金卡,社群裂变,33,全职主妇,西安,三口之家,是
B1497,男,普通,微信小程序,41,企业职员,成都,二人世界,否
B1498,女,普通,地推活动,48,企业职员,上海,多口之家,否
B1499,女,普通,App自然注册,32,自由职业,武汉,三口之家,否
B1500,女,普通,线下扫码,45,企业职员,广州,二人世界,否
B1501,女,金卡,外卖平台导流,39,服务业,青岛,三口之家,否
B1502,女,银卡,App自然注册,34,全职主妇,北京,二人世界,否
B1503,女,普通,微信小程序,34,企业职员,深圳,三口之家,否
B1504,男,银卡,线下扫码,47,学生,长沙,银发族,否
B1505,女,普通,线下扫码,42,全职主妇,杭州,二人世界,否
B1506,男,金卡,微信小程序,37,全职主妇,北京,三口之家,否
B1507,男,金卡,微信小程序,34,全职主妇,重庆,单身青年,否
B1508,女,普通,线下扫码,38,互联网从业,杭州,三口之家,否
B1509,女,普通,地推活动,25,公务员,西安,三口之家,否
B1510,女,银卡,地推活动,35,企业职员,北京,二人世界,否
B1511,男,普通,社群裂变,40,全职主妇,北京,二人世界,否
B1512,女,普通,App自然注册,44,企业职员,西安,三口之家,否
B1513,男,普通,线下扫码,43,学生,广州,多口之家,否
B1514,男,普通,外卖平台导流,48,企业职员,杭州,二人世界,否
B1515,女,普通,线下扫码,39,互联网从业,西安,二人世界,否
B1516,女,普通,App自然注册,43,企业职员,上海,单身青年,否
B1517,男,金卡,社群裂变,38,互联网从业,北京,二人世界,是
B1518,女,银卡,外卖平台导流,45,全职主妇,北京,三口之家,否
B1519,女,普通,社群裂变,25,服务业,南京,三口之家,否
B1520,男,普通,App自然注册,32,学生,广州,银发族,否
B1521,女,普通,App自然注册,34,其他,杭州,三口之家,否
B1522,女,普通,微信小程序,39,互联网从业,苏州,银发族,否
B1523,男,普通,微信小程序,45,全职主妇,杭州,二人世界,否
B1524,女,银卡,微信小程序,33,学生,广州,多口之家,否
B1525,女,银卡,微信小程序,47,全职主妇,成都,银发族,否
B1526,男,普通,App自然注册,29,企业职员,北京,多口之家,否
B1527,女,金卡,线下扫码,34,全职主妇,成都,银发族,是
B1528,男,普通,线下扫码,35,互联网从业,北京,多口之家,否
B1529,男,普通,线下扫码,32,互联网从业,北京,单身青年,否
B1530,女,普通,微信小程序,38,公务员,广州,二人世界,否
B1531,男,普通,线下扫码,46,企业职员,北京,单身青年,否
B1532,女,普通,App自然注册,36,企业职员,广州,单身青年,否
B1533,男,普通,社群裂变,39,企业职员,重庆,单身青年,否
B1534,男,银卡,地推活动,41,服务业,北京,二人世界,否
B1535,女,普通,外卖平台导流,40,公务员,青岛,三口之家,否
B1536,男,普通,微信小程序,40,互联网从业,长沙,三口之家,否
B1537,女,普通,社群裂变,45,其他,青岛,单身青年,否
B1538,女,普通,线下扫码,41,互联网从业,杭州,三口之家,否
B1539,女,银卡,微信小程序,33,全职主妇,西安,三口之家,否
B1540,女,普通,地推活动,50,自由职业,成都,二人世界,否
B1541,女,普通,App自然注册,46,企业职员,上海,单身青年,否
B1542,男,金卡,社群裂变,35,公务员,南京,三口之家,否
B1543,女,金卡,线下扫码,34,学生,广州,三口之家,是
B1544,男,银卡,微信小程序,36,企业职员,杭州,二人世界,否
B1545,女,银卡,微信小程序,39,互联网从业,深圳,三口之家,否
B1546,男,金卡,App自然注册,38,企业职员,武汉,三口之家,是
B1547,女,银卡,微信小程序,26,互联网从业,深圳,银发族,否
B1548,男,普通,App自然注册,36,公务员,成都,单身青年,否
B1549,女,普通,微信小程序,34,企业职员,北京,单身青年,否
B1550,女,金卡,线下扫码,30,全职主妇,西安,单身青年,是
B1551,男,银卡,社群裂变,43,全职主妇,长沙,多口之家,否
B1552,男,银卡,外卖平台导流,34,企业职员,苏州,三口之家,否
B1553,女,黑金,线下扫码,42,公务员,郑州,银发族,是
B1554,女,普通,线下扫码,38,企业职员,北京,三口之家,否
B1555,男,普通,App自然注册,40,服务业,长沙,单身青年,否
B1556,女,银卡,微信小程序,36,学生,武汉,单身青年,否
B1557,男,金卡,外卖平台导流,39,自由职业,深圳,银发族,是
B1558,女,银卡,社群裂变,38,全职主妇,深圳,三口之家,否
B1559,女,普通,线下扫码,42,企业职员,广州,二人世界,否
B1560,男,普通,微信小程序,25,企业职员,成都,多口之家,否
B1561,男,银卡,外卖平台导流,43,互联网从业,西安,三口之家,否
B1562,女,普通,App自然注册,28,企业职员,上海,银发族,否
B1563,男,银卡,线下扫码,40,企业职员,杭州,多口之家,否
B1564,女,普通,社群裂变,30,学生,苏州,银发族,否
B1565,男,金卡,线下扫码,46,企业职员,上海,多口之家,是
B1566,男,普通,线下扫码,28,互联网从业,上海,三口之家,否
B1567,女,金卡,App自然注册,39,互联网从业,成都,单身青年,是
B1568,女,普通,外卖平台导流,28,其他,杭州,多口之家,否
B1569,男,普通,微信小程序,39,服务业,郑州,三口之家,否
B1570,女,银卡,线下扫码,25,服务业,深圳,三口之家,否
B1571,男,银卡,微信小程序,44,自由职业,南京,三口之家,否
B1572,女,普通,线下扫码,29,企业职员,南京,三口之家,否
B1573,男,金卡,外卖平台导流,45,企业职员,成都,三口之家,是
B1574,女,普通,微信小程序,49,学生,广州,二人世界,否
B1575,男,银卡,App自然注册,46,互联网从业,上海,单身青年,否
B1576,女,普通,地推活动,25,公务员,长沙,二人世界,否
B1577,男,普通,线下扫码,32,服务业,杭州,三口之家,否
B1578,女,银卡,外卖平台导流,52,企业职员,苏州,二人世界,否
B1579,男,银卡,App自然注册,36,企业职员,长沙,单身青年,否
B1580,男,普通,线下扫码,46,自由职业,其他,单身青年,否
B1581,女,普通,外卖平台导流,37,互联网从业,上海,多口之家,否
B1582,女,银卡,线下扫码,52,服务业,重庆,三口之家,否
B1583,男,普通,地推活动,26,企业职员,上海,三口之家,否
B1584,男,普通,App自然注册,41,互联网从业,上海,单身青年,否
B1585,女,普通,微信小程序,49,全职主妇,苏州,二人世界,否
B1586,女,普通,App自然注册,25,互联网从业,北京,多口之家,否
B1587,女,普通,微信小程序,46,企业职员,成都,单身青年,否
B1588,男,银卡,微信小程序,45,企业职员,北京,二人世界,否
B1589,男,普通,外卖平台导流,35,服务业,上海,三口之家,否
B1590,男,普通,微信小程序,35,全职主妇,西安,多口之家,否
B1591,男,普通,线下扫码,29,互联网从业,其他,三口之家,否
B1592,女,银卡,微信小程序,34,企业职员,广州,单身青年,否
B1593,男,银卡,App自然注册,38,公务员,天津,三口之家,否
B1594,男,普通,线下扫码,42,互联网从业,北京,单身青年,否
B1595,女,普通,微信小程序,36,自由职业,武汉,三口之家,否
B1596,女,普通,App自然注册,40,互联网从业,其他,单身青年,否
B1597,女,普通,社群裂变,35,企业职员,成都,多口之家,否
B1598,男,普通,线下扫码,41,服务业,长沙,二人世界,否
B1599,男,普通,App自然注册,39,服务业,北京,单身青年,否
B1600,男,金卡,微信小程序,34,全职主妇,重庆,三口之家,是
B1601,女,普通,微信小程序,40,企业职员,深圳,单身青年,否
B1602,男,金卡,微信小程序,47,企业职员,武汉,三口之家,是
B1603,女,银卡,App自然注册,46,企业职员,武汉,银发族,否
B1604,男,普通,微信小程序,42,自由职业,苏州,单身青年,否
B1605,男,普通,外卖平台导流,31,全职主妇,西安,多口之家,否
B1606,男,普通,微信小程序,49,全职主妇,杭州,三口之家,否
B1607,女,银卡,外卖平台导流,38,公务员,北京,二人世界,否
B1608,男,银卡,线下扫码,25,企业职员,天津,三口之家,否
B1609,女,普通,线下扫码,34,企业职员,南京,单身青年,否
B1610,女,银卡,线下扫码,39,企业职员,成都,三口之家,否
B1611,男,普通,线下扫码,42,自由职业,广州,单身青年,否
B1612,男,黑金,微信小程序,41,企业职员,北京,二人世界,是
B1613,女,普通,外卖平台导流,44,学生,郑州,银发族,否
B1614,男,黑金,线下扫码,38,互联网从业,其他,三口之家,是
B1615,女,普通,App自然注册,37,企业职员,深圳,单身青年,否
B1616,女,金卡,线下扫码,44,服务业,南京,多口之家,否
B1617,男,银卡,App自然注册,37,企业职员,深圳,单身青年,否
B1618,男,普通,线下扫码,40,企业职员,其他,多口之家,否
B1619,女,普通,微信小程序,39,企业职员,上海,多口之家,否
B1620,男,银卡,地推活动,29,其他,西安,二人世界,否
B1621,男,金卡,App自然注册,41,学生,广州,多口之家,是
B1622,男,普通,外卖平台导流,48,企业职员,南京,单身青年,否
B1623,女,银卡,社群裂变,28,企业职员,广州,二人世界,否
B1624,男,金卡,地推活动,36,互联网从业,上海,多口之家,否
B1625,男,普通,线下扫码,36,服务业,其他,三口之家,否
B1626,男,银卡,App自然注册,37,企业职员,南京,二人世界,否
B1627,女,银卡,线下扫码,35,公务员,上海,单身青年,否
B1628,女,普通,线下扫码,35,全职主妇,上海,三口之家,否
B1629,男,普通,微信小程序,39,公务员,青岛,三口之家,否
B1630,女,金卡,线下扫码,39,企业职员,长沙,二人世界,是
B1631,女,普通,微信小程序,39,企业职员,上海,二人世界,否
B1632,女,普通,App自然注册,34,公务员,广州,多口之家,否
B1633,女,普通,微信小程序,47,企业职员,苏州,二人世界,否
B1634,女,普通,微信小程序,33,企业职员,武汉,三口之家,否
B1635,男,普通,App自然注册,41,学生,深圳,单身青年,否
B1636,女,普通,微信小程序,33,企业职员,深圳,二人世界,否
B1637,女,普通,社群裂变,48,服务业,重庆,二人世界,否
B1638,男,普通,社群裂变,29,企业职员,广州,单身青年,否
B1639,女,银卡,App自然注册,45,学生,苏州,三口之家,否
B1640,男,金卡,地推活动,40,全职主妇,成都,三口之家,是
B1641,男,银卡,社群裂变,34,互联网从业,广州,三口之家,否
B1642,男,普通,外卖平台导流,31,服务业,杭州,多口之家,否
B1643,女,普通,微信小程序,40,服务业,广州,二人世界,否
B1644,女,银卡,微信小程序,33,全职主妇,杭州,二人世界,否
B1645,男,银卡,微信小程序,38,企业职员,天津,三口之家,否
B1646,女,金卡,App自然注册,31,学生,深圳,三口之家,否
B1647,女,银卡,App自然注册,42,企业职员,北京,单身青年,否
B1648,女,普通,社群裂变,38,企业职员,上海,二人世界,否
B1649,女,普通,App自然注册,39,企业职员,广州,单身青年,否
B1650,女,银卡,微信小程序,47,自由职业,南京,二人世界,否
B1651,女,黑金,线下扫码,40,企业职员,武汉,多口之家,是
B1652,男,金卡,App自然注册,42,其他,苏州,三口之家,是
B1653,女,银卡,微信小程序,31,企业职员,成都,多口之家,否
B1654,男,普通,外卖平台导流,44,学生,武汉,单身青年,否
B1655,男,黑金,微信小程序,25,互联网从业,广州,单身青年,是
B1656,男,普通,微信小程序,44,全职主妇,天津,多口之家,否
B1657,男,普通,App自然注册,28,学生,深圳,二人世界,否
B1658,女,银卡,App自然注册,31,其他,西安,单身青年,否
B1659,男,普通,微信小程序,39,学生,武汉,二人世界,否
B1660,女,普通,微信小程序,39,服务业,北京,二人世界,否
B1661,男,普通,微信小程序,35,企业职员,青岛,单身青年,否
B1662,女,金卡,外卖平台导流,46,其他,郑州,多口之家,是
B1663,女,金卡,微信小程序,33,自由职业,重庆,多口之家,否
B1664,男,银卡,微信小程序,52,全职主妇,杭州,银发族,否
B1665,男,金卡,App自然注册,33,互联网从业,北京,三口之家,是
B1666,男,普通,App自然注册,37,公务员,郑州,单身青年,否
B1667,男,普通,外卖平台导流,34,学生,深圳,单身青年,否
B1668,男,普通,外卖平台导流,38,企业职员,北京,银发族,否
B1669,女,普通,微信小程序,41,互联网从业,南京,单身青年,否
B1670,女,普通,社群裂变,41,互联网从业,上海,多口之家,否
B1671,女,黑金,社群裂变,26,学生,郑州,三口之家,是
B1672,女,普通,微信小程序,33,自由职业,青岛,多口之家,否
B1673,女,银卡,地推活动,38,企业职员,杭州,二人世界,否
B1674,女,普通,线下扫码,38,其他,苏州,三口之家,否
B1675,女,金卡,App自然注册,44,学生,深圳,二人世界,是
B1676,男,普通,微信小程序,46,企业职员,南京,三口之家,否
B1677,男,普通,线下扫码,31,企业职员,广州,多口之家,否
B1678,女,普通,线下扫码,35,其他,郑州,二人世界,否
B1679,女,普通,线下扫码,39,互联网从业,武汉,单身青年,否
B1680,女,金卡,App自然注册,46,全职主妇,武汉,三口之家,是
B1681,男,金卡,App自然注册,36,公务员,北京,三口之家,是
B1682,女,普通,线下扫码,39,互联网从业,武汉,银发族,否
B1683,女,普通,App自然注册,34,全职主妇,成都,银发族,否
B1684,女,金卡,App自然注册,38,自由职业,深圳,银发族,是
B1685,男,普通,微信小程序,33,互联网从业,成都,二人世界,否
B1686,女,金卡,线下扫码,43,企业职员,重庆,银发族,是
B1687,女,黑金,线下扫码,34,学生,郑州,三口之家,是
B1688,女,银卡,App自然注册,41,全职主妇,成都,三口之家,否
B1689,男,普通,线下扫码,37,互联网从业,南京,三口之家,否
B1690,女,银卡,线下扫码,34,互联网从业,其他,银发族,否
B1691,男,普通,地推活动,52,企业职员,北京,二人世界,否
B1692,女,银卡,线下扫码,41,服务业,青岛,二人世界,否
B1693,女,银卡,App自然注册,46,全职主妇,上海,单身青年,否
B1694,女,普通,线下扫码,43,企业职员,上海,单身青年,否
B1695,男,普通,线下扫码,35,企业职员,上海,单身青年,否
B1696,男,金卡,App自然注册,25,公务员,武汉,三口之家,否
B1697,女,银卡,微信小程序,32,全职主妇,上海,单身青年,否
B1698,女,普通,社群裂变,37,企业职员,深圳,三口之家,否
B1699,男,普通,社群裂变,52,互联网从业,郑州,银发族,否
B1700,女,银卡,App自然注册,38,服务业,重庆,二人世界,否
B1701,女,普通,微信小程序,34,互联网从业,郑州,二人世界,否
B1702,女,黑金,线下扫码,37,企业职员,广州,三口之家,是
B1703,男,普通,App自然注册,40,企业职员,天津,单身青年,否
B1704,男,金卡,App自然注册,42,自由职业,上海,三口之家,是
B1705,男,银卡,微信小程序,33,互联网从业,广州,三口之家,否
B1706,女,银卡,App自然注册,49,服务业,上海,三口之家,否
B1707,女,普通,线下扫码,36,企业职员,武汉,银发族,否
B1708,男,金卡,App自然注册,30,企业职员,上海,银发族,是
B1709,男,银卡,微信小程序,33,自由职业,南京,多口之家,否
B1710,女,普通,App自然注册,32,互联网从业,武汉,三口之家,否
B1711,女,银卡,微信小程序,46,企业职员,武汉,银发族,否
B1712,女,普通,微信小程序,39,企业职员,成都,二人世界,否
B1713,女,银卡,微信小程序,36,互联网从业,深圳,二人世界,否
B1714,男,金卡,外卖平台导流,35,其他,北京,多口之家,是
B1715,男,银卡,App自然注册,47,学生,长沙,单身青年,否
B1716,女,银卡,线下扫码,50,全职主妇,北京,单身青年,否
B1717,女,普通,App自然注册,38,其他,杭州,三口之家,否
B1718,女,普通,线下扫码,41,公务员,北京,二人世界,否
B1719,男,银卡,App自然注册,29,全职主妇,其他,多口之家,否
B1720,女,黑金,社群裂变,39,学生,深圳,多口之家,是
B1721,女,普通,线下扫码,44,服务业,武汉,二人世界,否
B1722,女,银卡,App自然注册,32,全职主妇,青岛,单身青年,否
B1723,男,普通,外卖平台导流,36,其他,南京,多口之家,否
B1724,女,银卡,线下扫码,39,全职主妇,上海,多口之家,否
B1725,男,普通,微信小程序,33,学生,苏州,三口之家,否
B1726,女,普通,线下扫码,36,企业职员,郑州,三口之家,否
B1727,女,银卡,社群裂变,40,企业职员,重庆,银发族,否
B1728,女,金卡,外卖平台导流,47,全职主妇,北京,三口之家,是
B1729,女,银卡,社群裂变,35,服务业,其他,三口之家,否
B1730,男,普通,App自然注册,46,企业职员,西安,单身青年,否
B1731,女,普通,微信小程序,37,全职主妇,成都,三口之家,否
B1732,女,普通,社群裂变,52,其他,其他,单身青年,否
B1733,男,金卡,微信小程序,52,企业职员,上海,三口之家,是
B1734,男,银卡,社群裂变,38,企业职员,武汉,三口之家,否
B1735,女,普通,微信小程序,39,自由职业,其他,多口之家,否
B1736,男,银卡,线下扫码,38,学生,长沙,单身青年,否
B1737,女,普通,线下扫码,44,全职主妇,杭州,三口之家,否
B1738,男,银卡,线下扫码,32,自由职业,杭州,银发族,否
B1739,女,银卡,App自然注册,40,互联网从业,南京,单身青年,否
B1740,男,金卡,微信小程序,47,自由职业,北京,三口之家,是
B1741,男,普通,社群裂变,41,企业职员,北京,银发族,否
B1742,男,金卡,App自然注册,35,学生,苏州,多口之家,是
B1743,女,普通,地推活动,47,全职主妇,苏州,三口之家,否
B1744,男,银卡,线下扫码,31,全职主妇,上海,三口之家,否
B1745,女,普通,App自然注册,37,企业职员,成都,二人世界,否
B1746,女,普通,线下扫码,41,自由职业,西安,三口之家,否
B1747,男,普通,微信小程序,32,企业职员,北京,单身青年,否
B1748,男,金卡,微信小程序,48,学生,深圳,银发族,否
B1749,男,普通,线下扫码,51,公务员,广州,单身青年,否
B1750,女,银卡,App自然注册,42,自由职业,重庆,三口之家,否
B1751,男,金卡,App自然注册,36,企业职员,苏州,三口之家,是
B1752,女,银卡,微信小程序,46,服务业,武汉,二人世界,否
B1753,男,金卡,App自然注册,25,全职主妇,天津,单身青年,是
B1754,女,银卡,App自然注册,48,服务业,上海,二人世界,否
B1755,女,金卡,App自然注册,47,学生,长沙,银发族,否
B1756,男,普通,外卖平台导流,38,全职主妇,上海,二人世界,否
B1757,男,银卡,微信小程序,31,互联网从业,郑州,单身青年,否
B1758,女,普通,App自然注册,33,自由职业,青岛,单身青年,否
B1759,女,黑金,App自然注册,37,其他,青岛,多口之家,是
B1760,女,普通,App自然注册,41,全职主妇,广州,三口之家,否
B1761,女,银卡,App自然注册,26,互联网从业,广州,单身青年,否
B1762,男,黑金,App自然注册,45,服务业,广州,多口之家,是
B1763,女,普通,线下扫码,42,公务员,苏州,多口之家,否
B1764,女,普通,线下扫码,39,企业职员,北京,三口之家,否
B1765,女,普通,微信小程序,37,全职主妇,深圳,三口之家,否
B1766,女,普通,App自然注册,36,学生,天津,单身青年,否
B1767,男,普通,微信小程序,35,全职主妇,广州,银发族,否
B1768,女,普通,线下扫码,38,全职主妇,广州,三口之家,否
B1769,女,银卡,微信小程序,51,企业职员,上海,三口之家,否
B1770,女,普通,外卖平台导流,32,互联网从业,北京,三口之家,否
B1771,男,金卡,App自然注册,40,全职主妇,杭州,银发族,是
B1772,女,银卡,微信小程序,36,服务业,成都,二人世界,否
B1773,女,银卡,线下扫码,36,企业职员,成都,单身青年,否
B1774,女,普通,微信小程序,52,学生,广州,三口之家,否
B1775,男,普通,社群裂变,46,企业职员,上海,三口之家,否
B1776,女,普通,微信小程序,42,服务业,苏州,多口之家,否
B1777,女,黑金,地推活动,35,服务业,上海,三口之家,是
B1778,女,银卡,外卖平台导流,39,服务业,郑州,三口之家,否
B1779,男,银卡,App自然注册,43,企业职员,郑州,二人世界,否
B1780,女,银卡,社群裂变,31,全职主妇,成都,银发族,否
B1781,男,普通,社群裂变,34,企业职员,北京,银发族,否
B1782,女,普通,线下扫码,46,企业职员,重庆,多口之家,否
B1783,男,银卡,外卖平台导流,40,全职主妇,杭州,三口之家,否
B1784,男,银卡,线下扫码,25,互联网从业,杭州,三口之家,否
B1785,女,普通,地推活动,41,企业职员,西安,单身青年,否
B1786,男,普通,App自然注册,41,全职主妇,成都,三口之家,否
B1787,女,银卡,App自然注册,31,自由职业,武汉,二人世界,否
B1788,女,金卡,地推活动,41,全职主妇,长沙,多口之家,是
B1789,男,普通,微信小程序,43,学生,北京,二人世界,否
B1790,女,金卡,线下扫码,34,企业职员,其他,三口之家,是
B1791,女,普通,线下扫码,32,自由职业,重庆,三口之家,否
B1792,男,普通,社群裂变,38,其他,上海,单身青年,否
B1793,女,普通,微信小程序,37,企业职员,上海,单身青年,否
B1794,女,普通,线下扫码,37,自由职业,其他,多口之家,否
B1795,女,普通,线下扫码,32,企业职员,郑州,单身青年,否
B1796,男,金卡,线下扫码,25,全职主妇,深圳,三口之家,是
B1797,男,普通,App自然注册,29,学生,广州,二人世界,否
B1798,男,普通,App自然注册,38,学生,天津,二人世界,否
B1799,女,银卡,App自然注册,38,学生,上海,多口之家,否
B1800,男,金卡,App自然注册,36,企业职员,武汉,三口之家,是
B1801,女,普通,微信小程序,43,企业职员,上海,三口之家,否
B1802,女,普通,线下扫码,40,学生,杭州,单身青年,否
B1803,女,普通,微信小程序,43,企业职员,重庆,三口之家,否
B1804,男,普通,社群裂变,36,学生,深圳,单身青年,否
B1805,男,银卡,线下扫码,51,企业职员,上海,单身青年,否
B1806,女,银卡,微信小程序,37,服务业,天津,三口之家,否
B1807,男,普通,App自然注册,39,企业职员,杭州,二人世界,否
B1808,女,普通,地推活动,52,互联网从业,深圳,单身青年,否
B1809,男,黑金,App自然注册,50,全职主妇,其他,三口之家,是
B1810,女,金卡,线下扫码,35,企业职员,成都,二人世界,否
B1811,女,普通,App自然注册,39,全职主妇,北京,多口之家,否
B1812,女,银卡,线下扫码,52,企业职员,西安,三口之家,否
B1813,女,金卡,外卖平台导流,47,其他,北京,单身青年,是
B1814,女,普通,线下扫码,33,企业职员,广州,单身青年,否
B1815,男,普通,App自然注册,40,互联网从业,重庆,二人世界,否
B1816,女,普通,App自然注册,46,全职主妇,武汉,银发族,否
B1817,男,银卡,社群裂变,26,学生,上海,二人世界,否
B1818,男,黑金,App自然注册,29,自由职业,长沙,三口之家,是
B1819,男,银卡,微信小程序,40,学生,深圳,单身青年,否
B1820,女,银卡,线下扫码,29,自由职业,上海,二人世界,否
B1821,女,普通,App自然注册,34,学生,南京,三口之家,否
B1822,男,金卡,社群裂变,36,企业职员,广州,三口之家,是
B1823,女,金卡,App自然注册,41,服务业,广州,三口之家,是
B1824,男,金卡,地推活动,39,全职主妇,广州,单身青年,是
B1825,男,普通,App自然注册,44,企业职员,北京,三口之家,否
B1826,女,普通,线下扫码,46,互联网从业,其他,二人世界,否
B1827,男,银卡,微信小程序,41,互联网从业,深圳,二人世界,否
B1828,女,银卡,线下扫码,30,互联网从业,上海,二人世界,否
B1829,女,银卡,微信小程序,46,其他,南京,三口之家,否
B1830,男,普通,外卖平台导流,31,互联网从业,上海,三口之家,否
B1831,女,金卡,微信小程序,33,全职主妇,上海,三口之家,是
B1832,女,普通,微信小程序,35,互联网从业,北京,银发族,否
B1833,男,银卡,地推活动,38,自由职业,成都,单身青年,否
B1834,男,银卡,App自然注册,29,服务业,北京,三口之家,否
B1835,女,普通,App自然注册,47,其他,杭州,二人世界,否
B1836,女,金卡,线下扫码,47,其他,北京,三口之家,是
B1837,男,银卡,线下扫码,33,企业职员,深圳,二人世界,否
B1838,男,黑金,App自然注册,39,公务员,武汉,二人世界,是
B1839,女,银卡,社群裂变,46,企业职员,郑州,三口之家,否
B1840,男,银卡,地推活动,35,企业职员,北京,三口之家,否
B1841,男,普通,微信小程序,28,互联网从业,郑州,三口之家,否
B1842,男,普通,App自然注册,47,企业职员,长沙,二人世界,否
B1843,男,普通,社群裂变,35,互联网从业,广州,多口之家,否
B1844,男,银卡,外卖平台导流,30,公务员,西安,二人世界,否
B1845,男,普通,外卖平台导流,29,企业职员,西安,单身青年,否
B1846,男,金卡,微信小程序,25,企业职员,深圳,单身青年,是
B1847,男,普通,社群裂变,33,全职主妇,重庆,三口之家,否
B1848,女,普通,微信小程序,52,全职主妇,郑州,单身青年,否
B1849,男,银卡,App自然注册,48,全职主妇,上海,单身青年,否
B1850,女,金卡,外卖平台导流,40,自由职业,深圳,单身青年,是
B1851,女,银卡,线下扫码,48,企业职员,广州,二人世界,否
B1852,女,普通,微信小程序,43,全职主妇,成都,二人世界,否
B1853,男,普通,App自然注册,26,公务员,广州,单身青年,否
B1854,男,银卡,微信小程序,47,自由职业,武汉,三口之家,否
B1855,男,普通,地推活动,45,企业职员,青岛,单身青年,否
B1856,女,普通,微信小程序,42,企业职员,西安,银发族,否
B1857,女,银卡,社群裂变,35,学生,其他,单身青年,否
B1858,男,黑金,微信小程序,52,企业职员,青岛,多口之家,是
B1859,男,银卡,微信小程序,41,学生,深圳,三口之家,否
B1860,女,普通,微信小程序,44,全职主妇,北京,单身青年,否
B1861,男,银卡,线下扫码,40,企业职员,天津,单身青年,否
B1862,男,普通,线下扫码,41,自由职业,郑州,多口之家,否
B1863,男,银卡,App自然注册,42,企业职员,西安,三口之家,否
B1864,男,普通,App自然注册,33,学生,武汉,多口之家,否
B1865,女,普通,微信小程序,51,服务业,成都,三口之家,否
B1866,女,普通,社群裂变,31,其他,武汉,银发族,否
B1867,女,普通,地推活动,35,企业职员,成都,单身青年,否
B1868,男,金卡,微信小程序,45,企业职员,深圳,三口之家,是
B1869,女,银卡,微信小程序,41,企业职员,郑州,单身青年,否
B1870,女,银卡,地推活动,43,全职主妇,深圳,单身青年,否
B1871,男,银卡,社群裂变,30,互联网从业,郑州,多口之家,否
B1872,女,银卡,外卖平台导流,39,公务员,郑州,多口之家,否
B1873,男,普通,App自然注册,43,全职主妇,其他,三口之家,否
B1874,女,普通,App自然注册,41,互联网从业,深圳,三口之家,否
B1875,男,普通,线下扫码,48,公务员,广州,单身青年,否
B1876,女,普通,微信小程序,42,服务业,上海,银发族,否
B1877,女,金卡,微信小程序,30,全职主妇,天津,多口之家,是
B1878,男,银卡,微信小程序,48,其他,天津,多口之家,否
B1879,男,普通,微信小程序,44,企业职员,青岛,单身青年,否
B1880,女,黑金,外卖平台导流,41,互联网从业,北京,三口之家,是
B1881,男,普通,App自然注册,37,企业职员,深圳,三口之家,否
B1882,女,普通,社群裂变,39,企业职员,成都,单身青年,否
B1883,女,银卡,线下扫码,42,互联网从业,郑州,单身青年,否
B1884,女,普通,微信小程序,31,服务业,上海,三口之家,否
B1885,女,银卡,外卖平台导流,47,自由职业,北京,三口之家,否
B1886,女,银卡,社群裂变,42,全职主妇,上海,多口之家,否
B1887,男,普通,社群裂变,37,服务业,长沙,二人世界,否
B1888,男,普通,App自然注册,34,企业职员,北京,三口之家,否
B1889,男,普通,App自然注册,50,企业职员,广州,单身青年,否
B1890,女,金卡,外卖平台导流,36,其他,深圳,二人世界,是
B1891,男,银卡,社群裂变,38,企业职员,青岛,三口之家,否
B1892,男,金卡,App自然注册,42,全职主妇,上海,三口之家,是
B1893,男,银卡,社群裂变,51,全职主妇,杭州,多口之家,否
B1894,女,普通,线下扫码,25,全职主妇,西安,二人世界,否
B1895,女,普通,外卖平台导流,46,企业职员,郑州,多口之家,否
B1896,男,黑金,外卖平台导流,48,企业职员,杭州,三口之家,是
B1897,男,普通,微信小程序,33,互联网从业,杭州,单身青年,否
B1898,女,银卡,微信小程序,47,公务员,南京,单身青年,否
B1899,男,普通,外卖平台导流,52,服务业,广州,单身青年,否
B1900,女,普通,App自然注册,50,服务业,北京,三口之家,否
B1901,女,普通,外卖平台导流,43,全职主妇,杭州,多口之家,否
B1902,女,普通,App自然注册,44,公务员,成都,三口之家,否
B1903,男,黑金,微信小程序,46,全职主妇,北京,单身青年,是
B1904,男,普通,微信小程序,43,服务业,其他,三口之家,否
B1905,女,银卡,微信小程序,25,互联网从业,西安,银发族,否
B1906,女,银卡,线下扫码,40,服务业,上海,三口之家,否
B1907,男,普通,微信小程序,46,互联网从业,其他,单身青年,否
B1908,男,普通,线下扫码,38,互联网从业,广州,银发族,否
B1909,女,银卡,外卖平台导流,36,企业职员,上海,三口之家,否
B1910,男,金卡,App自然注册,46,全职主妇,北京,单身青年,是
B1911,女,银卡,外卖平台导流,27,其他,上海,单身青年,否
B1912,男,黑金,App自然注册,29,企业职员,西安,三口之家,是
B1913,女,普通,外卖平台导流,46,互联网从业,其他,多口之家,否
B1914,女,银卡,微信小程序,34,全职主妇,西安,二人世界,否
B1915,男,普通,地推活动,35,服务业,上海,二人世界,否
B1916,男,普通,线下扫码,44,企业职员,成都,单身青年,否
B1917,女,金卡,微信小程序,39,企业职员,上海,二人世界,是
B1918,女,银卡,线下扫码,41,企业职员,北京,单身青年,否
B1919,男,银卡,线下扫码,30,学生,武汉,多口之家,否
B1920,男,普通,微信小程序,43,学生,青岛,三口之家,否
B1921,女,普通,App自然注册,34,自由职业,其他,单身青年,否
B1922,男,普通,App自然注册,48,企业职员,深圳,单身青年,否
B1923,女,普通,线下扫码,25,企业职员,成都,多口之家,否
B1924,男,普通,微信小程序,43,自由职业,重庆,多口之家,否
B1925,女,黑金,App自然注册,33,企业职员,杭州,多口之家,是
B1926,女,银卡,微信小程序,38,互联网从业,南京,多口之家,否
B1927,女,金卡,App自然注册,34,互联网从业,其他,多口之家,是
B1928,男,普通,社群裂变,26,自由职业,深圳,银发族,否
B1929,女,普通,微信小程序,26,全职主妇,其他,三口之家,否
B1930,男,普通,微信小程序,33,企业职员,深圳,二人世界,否
B1931,男,普通,线下扫码,45,企业职员,长沙,多口之家,否
B1932,男,银卡,社群裂变,37,企业职员,南京,三口之家,否
B1933,女,黑金,App自然注册,33,全职主妇,苏州,单身青年,是
B1934,女,普通,App自然注册,34,其他,西安,二人世界,否
B1935,女,普通,微信小程序,29,学生,深圳,二人世界,否
B1936,男,黑金,App自然注册,38,学生,成都,多口之家,是
B1937,女,普通,地推活动,32,自由职业,南京,三口之家,否
B1938,女,普通,微信小程序,45,服务业,武汉,多口之家,否
B1939,女,普通,App自然注册,43,企业职员,成都,单身青年,否
B1940,男,普通,App自然注册,38,自由职业,杭州,单身青年,否
B1941,男,普通,社群裂变,45,公务员,其他,三口之家,否
B1942,男,银卡,微信小程序,44,全职主妇,南京,多口之家,否
B1943,女,银卡,社群裂变,32,全职主妇,重庆,三口之家,否
B1944,男,普通,App自然注册,42,公务员,深圳,三口之家,否
B1945,女,普通,外卖平台导流,39,自由职业,深圳,单身青年,否
B1946,女,普通,微信小程序,46,企业职员,北京,单身青年,否
B1947,女,银卡,App自然注册,39,自由职业,北京,三口之家,否
B1948,女,银卡,线下扫码,49,互联网从业,广州,三口之家,否
B1949,男,银卡,微信小程序,48,学生,武汉,多口之家,否
B1950,女,银卡,线下扫码,52,互联网从业,武汉,单身青年,否
B1951,男,银卡,社群裂变,34,公务员,长沙,银发族,否
B1952,女,普通,微信小程序,44,公务员,广州,多口之家,否
B1953,男,普通,App自然注册,37,全职主妇,天津,银发族,否
B1954,男,银卡,外卖平台导流,31,企业职员,深圳,银发族,否
B1955,女,银卡,App自然注册,44,全职主妇,北京,二人世界,否
B1956,男,金卡,App自然注册,46,全职主妇,青岛,三口之家,否
B1957,女,普通,App自然注册,33,企业职员,成都,三口之家,否
B1958,女,普通,App自然注册,31,公务员,广州,银发族,否
B1959,女,银卡,微信小程序,37,自由职业,长沙,三口之家,否
B1960,女,普通,线下扫码,33,公务员,长沙,银发族,否
B1961,男,银卡,社群裂变,39,自由职业,苏州,单身青年,否
B1962,女,银卡,线下扫码,39,其他,上海,二人世界,否
B1963,男,普通,外卖平台导流,48,自由职业,深圳,二人世界,否
B1964,女,金卡,微信小程序,42,企业职员,郑州,三口之家,是
B1965,男,黑金,地推活动,44,互联网从业,杭州,二人世界,是
B1966,女,普通,社群裂变,40,企业职员,西安,多口之家,否
B1967,男,银卡,线下扫码,35,其他,成都,二人世界,否
B1968,男,普通,线下扫码,30,其他,上海,银发族,否
B1969,男,普通,外卖平台导流,27,服务业,深圳,单身青年,否
B1970,男,普通,线下扫码,37,企业职员,上海,单身青年,否
B1971,男,金卡,App自然注册,39,自由职业,广州,单身青年,是
B1972,男,普通,地推活动,39,自由职业,杭州,多口之家,否
B1973,女,普通,地推活动,46,互联网从业,上海,单身青年,否
B1974,女,金卡,App自然注册,41,其他,上海,二人世界,是
B1975,男,普通,微信小程序,28,企业职员,杭州,三口之家,否
B1976,男,银卡,外卖平台导流,40,互联网从业,成都,三口之家,否
B1977,女,普通,地推活动,46,全职主妇,西安,单身青年,否
B1978,女,金卡,微信小程序,27,企业职员,上海,三口之家,是
B1979,男,银卡,地推活动,39,公务员,武汉,三口之家,否
B1980,女,普通,社群裂变,27,其他,苏州,单身青年,否
B1981,男,金卡,App自然注册,45,企业职员,上海,二人世界,是
B1982,女,银卡,地推活动,31,互联网从业,北京,二人世界,否
B1983,女,银卡,App自然注册,35,其他,深圳,三口之家,否
B1984,女,金卡,地推活动,38,企业职员,上海,单身青年,是
B1985,男,普通,外卖平台导流,42,其他,成都,二人世界,否
B1986,女,金卡,App自然注册,41,企业职员,其他,多口之家,否
B1987,男,银卡,微信小程序,46,互联网从业,成都,银发族,否
B1988,女,普通,线下扫码,28,公务员,成都,二人世界,否
B1989,男,普通,社群裂变,31,全职主妇,深圳,单身青年,否
B1990,女,银卡,外卖平台导流,31,其他,北京,三口之家,否
B1991,男,普通,App自然注册,40,全职主妇,苏州,单身青年,否
B1992,女,银卡,外卖平台导流,38,企业职员,北京,银发族,否
B1993,男,普通,线下扫码,43,互联网从业,长沙,银发族,否
B1994,男,普通,线下扫码,52,服务业,广州,二人世界,否
B1995,女,普通,社群裂变,44,企业职员,西安,银发族,否
B1996,女,普通,微信小程序,25,其他,北京,单身青年,否
B1997,女,黑金,微信小程序,33,公务员,上海,三口之家,是
B1998,女,金卡,地推活动,34,企业职员,武汉,二人世界,否
B1999,女,普通,App自然注册,37,其他,上海,多口之家,否
B2000,女,金卡,微信小程序,43,互联网从业,北京,银发族,是
B2001,男,普通,地推活动,29,全职主妇,成都,二人世界,否
B2002,男,黑金,线下扫码,40,全职主妇,重庆,单身青年,是
B2003,男,金卡,App自然注册,48,企业职员,成都,二人世界,是
B2004,女,普通,线下扫码,47,互联网从业,深圳,三口之家,否
B2005,男,金卡,微信小程序,36,全职主妇,杭州,银发族,是
B2006,男,银卡,外卖平台导流,37,自由职业,杭州,三口之家,否
B2007,女,银卡,App自然注册,36,企业职员,广州,三口之家,否
B2008,女,银卡,外卖平台导流,36,公务员,其他,三口之家,否
B2009,女,普通,地推活动,44,企业职员,广州,二人世界,否
B2010,女,普通,线下扫码,27,企业职员,北京,多口之家,否
B2011,女,金卡,微信小程序,36,企业职员,深圳,二人世界,是
B2012,女,银卡,App自然注册,43,全职主妇,北京,三口之家,否
B2013,男,银卡,地推活动,50,全职主妇,成都,二人世界,否
B2014,女,普通,社群裂变,32,互联网从业,其他,三口之家,否
B2015,女,普通,社群裂变,38,企业职员,成都,单身青年,否
B2016,男,普通,微信小程序,47,其他,郑州,三口之家,否
B2017,男,银卡,App自然注册,31,企业职员,北京,多口之家,否
B2018,男,金卡,微信小程序,49,全职主妇,南京,单身青年,是
B2019,男,普通,线下扫码,30,企业职员,成都,二人世界,否
B2020,男,普通,微信小程序,35,自由职业,成都,单身青年,否
B2021,男,银卡,外卖平台导流,45,全职主妇,上海,单身青年,否
B2022,男,普通,微信小程序,42,服务业,上海,三口之家,否
B2023,男,普通,App自然注册,35,全职主妇,武汉,三口之家,否
B2024,女,银卡,微信小程序,33,企业职员,天津,二人世界,否
B2025,男,普通,社群裂变,40,企业职员,上海,三口之家,否
B2026,女,黑金,线下扫码,32,互联网从业,武汉,单身青年,是
B2027,女,金卡,微信小程序,35,学生,郑州,多口之家,否
B2028,女,普通,微信小程序,47,其他,青岛,多口之家,否
B2029,男,普通,线下扫码,31,全职主妇,深圳,三口之家,否
B2030,女,普通,微信小程序,32,企业职员,上海,三口之家,否
B2031,男,银卡,微信小程序,42,互联网从业,北京,三口之家,否
B2032,男,普通,线下扫码,40,互联网从业,广州,多口之家,否
B2033,女,普通,外卖平台导流,35,服务业,长沙,三口之家,否
B2034,女,银卡,地推活动,34,全职主妇,长沙,三口之家,否
B2035,男,黑金,App自然注册,25,服务业,其他,单身青年,是
B2036,男,金卡,线下扫码,36,全职主妇,深圳,单身青年,是
B2037,男,普通,外卖平台导流,38,互联网从业,重庆,多口之家,否
B2038,女,普通,微信小程序,33,全职主妇,北京,三口之家,否
B2039,女,银卡,App自然注册,41,企业职员,郑州,三口之家,否
B2040,女,金卡,地推活动,25,公务员,武汉,银发族,是
B2041,男,金卡,微信小程序,38,学生,重庆,二人世界,否
B2042,男,银卡,App自然注册,35,公务员,北京,单身青年,否
B2043,女,普通,微信小程序,29,服务业,天津,三口之家,否
B2044,女,普通,线下扫码,39,互联网从业,杭州,三口之家,否
B2045,男,金卡,App自然注册,39,企业职员,上海,多口之家,是
B2046,女,普通,地推活动,41,互联网从业,上海,银发族,否
B2047,男,普通,微信小程序,51,互联网从业,上海,三口之家,否
B2048,男,普通,地推活动,46,服务业,其他,单身青年,否
B2049,女,普通,App自然注册,36,全职主妇,重庆,三口之家,否
B2050,女,黑金,App自然注册,36,自由职业,深圳,三口之家,是
B2051,女,银卡,微信小程序,37,全职主妇,长沙,银发族,否
B2052,女,银卡,线下扫码,45,互联网从业,上海,三口之家,否
B2053,男,普通,App自然注册,41,企业职员,深圳,二人世界,否
B2054,男,银卡,微信小程序,45,自由职业,苏州,多口之家,否
B2055,男,银卡,App自然注册,44,全职主妇,广州,二人世界,否
B2056,男,普通,App自然注册,27,公务员,广州,三口之家,否
B2057,男,金卡,地推活动,40,企业职员,深圳,三口之家,是
B2058,女,普通,线下扫码,28,公务员,苏州,多口之家,否
B2059,男,普通,App自然注册,40,互联网从业,广州,多口之家,否
B2060,女,银卡,App自然注册,34,企业职员,成都,三口之家,否
B2061,男,银卡,微信小程序,46,自由职业,重庆,二人世界,否
B2062,女,普通,微信小程序,38,互联网从业,青岛,单身青年,否
B2063,女,普通,社群裂变,50,服务业,西安,二人世界,否
B2064,女,银卡,线下扫码,44,自由职业,北京,单身青年,否
B2065,男,普通,外卖平台导流,41,服务业,成都,三口之家,否
B2066,男,普通,地推活动,31,企业职员,苏州,三口之家,否
B2067,女,银卡,社群裂变,39,公务员,武汉,二人世界,否
B2068,女,黑金,社群裂变,41,服务业,南京,单身青年,是
B2069,女,普通,地推活动,40,企业职员,重庆,二人世界,否
B2070,男,黑金,社群裂变,34,服务业,成都,单身青年,是
B2071,女,普通,微信小程序,27,企业职员,青岛,三口之家,否
B2072,男,金卡,App自然注册,52,全职主妇,其他,三口之家,是
B2073,男,银卡,社群裂变,36,服务业,其他,多口之家,否
B2074,男,普通,微信小程序,34,全职主妇,武汉,单身青年,否
B2075,女,金卡,微信小程序,35,其他,上海,多口之家,是
B2076,男,普通,App自然注册,33,企业职员,成都,三口之家,否
B2077,女,银卡,微信小程序,28,服务业,重庆,三口之家,否
B2078,女,普通,App自然注册,35,其他,重庆,单身青年,否
B2079,女,普通,微信小程序,42,企业职员,广州,三口之家,否
B2080,男,金卡,App自然注册,32,互联网从业,成都,二人世界,是
B2081,男,普通,微信小程序,44,其他,苏州,多口之家,否
B2082,女,普通,外卖平台导流,28,企业职员,杭州,三口之家,否
B2083,女,普通,地推活动,40,公务员,北京,二人世界,否
B2084,女,普通,微信小程序,47,企业职员,武汉,单身青年,否
B2085,男,黑金,微信小程序,32,互联网从业,北京,三口之家,是
B2086,女,银卡,线下扫码,27,服务业,郑州,单身青年,否
B2087,女,银卡,地推活动,41,企业职员,北京,三口之家,否
B2088,女,银卡,微信小程序,52,全职主妇,北京,三口之家,否
B2089,女,普通,地推活动,36,企业职员,其他,二人世界,否
B2090,男,银卡,App自然注册,39,服务业,上海,二人世界,否
B2091,男,黑金,外卖平台导流,36,全职主妇,西安,三口之家,是
B2092,男,普通,App自然注册,36,自由职业,成都,单身青年,否
B2093,男,普通,线下扫码,39,全职主妇,武汉,多口之家,否
B2094,男,普通,线下扫码,29,互联网从业,北京,二人世界,否
B2095,女,银卡,外卖平台导流,37,企业职员,其他,银发族,否
B2096,女,银卡,App自然注册,41,其他,武汉,多口之家,否
B2097,女,银卡,App自然注册,41,其他,武汉,三口之家,否
B2098,女,普通,线下扫码,27,企业职员,重庆,二人世界,否
B2099,女,普通,地推活动,29,公务员,天津,多口之家,否
B2100,女,普通,微信小程序,37,全职主妇,武汉,二人世界,否
B2101,男,金卡,微信小程序,28,企业职员,成都,二人世界,是
B2102,女,黑金,微信小程序,50,全职主妇,成都,银发族,是
B2103,女,普通,线下扫码,31,服务业,重庆,三口之家,否
B2104,男,普通,微信小程序,32,全职主妇,武汉,多口之家,否
B2105,女,黑金,线下扫码,28,其他,广州,三口之家,是
B2106,男,普通,App自然注册,33,企业职员,成都,多口之家,否
B2107,女,普通,微信小程序,40,学生,西安,多口之家,否
B2108,女,普通,微信小程序,43,企业职员,北京,三口之家,否
B2109,男,金卡,微信小程序,40,全职主妇,其他,银发族,是
B2110,女,普通,微信小程序,32,企业职员,深圳,单身青年,否
B2111,男,普通,微信小程序,35,公务员,杭州,单身青年,否
B2112,男,普通,微信小程序,40,公务员,天津,银发族,否
B2113,女,普通,微信小程序,28,学生,长沙,银发族,否
B2114,女,普通,地推活动,28,服务业,北京,多口之家,否
B2115,女,银卡,App自然注册,25,其他,上海,银发族,否
B2116,女,金卡,线下扫码,44,服务业,长沙,三口之家,是
B2117,女,黑金,线下扫码,40,互联网从业,北京,三口之家,是
B2118,男,银卡,外卖平台导流,47,互联网从业,成都,三口之家,否
B2119,女,普通,App自然注册,37,服务业,南京,多口之家,否
B2120,女,金卡,微信小程序,27,服务业,西安,多口之家,是
B2121,女,金卡,线下扫码,40,其他,深圳,二人世界,是
B2122,男,黑金,线下扫码,45,其他,重庆,二人世界,是
B2123,男,普通,App自然注册,40,公务员,北京,银发族,否
B2124,女,普通,App自然注册,44,互联网从业,广州,单身青年,否
B2125,男,金卡,微信小程序,35,全职主妇,重庆,二人世界,是
B2126,女,普通,微信小程序,38,互联网从业,北京,单身青年,否
B2127,男,银卡,微信小程序,41,企业职员,成都,三口之家,否
B2128,男,银卡,微信小程序,38,全职主妇,其他,多口之家,否
B2129,女,普通,微信小程序,44,其他,重庆,多口之家,否
B2130,女,金卡,线下扫码,42,企业职员,其他,银发族,是
B2131,女,普通,线下扫码,28,服务业,广州,三口之家,否
B2132,女,普通,微信小程序,41,自由职业,西安,二人世界,否
B2133,女,普通,社群裂变,48,企业职员,上海,三口之家,否
B2134,男,银卡,微信小程序,28,企业职员,杭州,单身青年,否
B2135,女,银卡,外卖平台导流,32,服务业,北京,银发族,否
B2136,男,普通,线下扫码,39,企业职员,苏州,银发族,否
B2137,女,普通,微信小程序,35,企业职员,西安,二人世界,否
B2138,女,普通,社群裂变,32,全职主妇,北京,二人世界,否
B2139,女,普通,App自然注册,37,学生,广州,银发族,否
B2140,女,银卡,微信小程序,40,服务业,天津,多口之家,否
B2141,男,金卡,社群裂变,38,互联网从业,郑州,单身青年,否
B2142,女,普通,微信小程序,51,服务业,深圳,三口之家,否
B2143,男,普通,App自然注册,34,企业职员,武汉,三口之家,否
B2144,女,普通,地推活动,45,自由职业,其他,银发族,否
B2145,女,普通,App自然注册,48,全职主妇,成都,单身青年,否
B2146,男,黑金,外卖平台导流,37,互联网从业,南京,二人世界,是
B2147,女,银卡,线下扫码,33,全职主妇,天津,单身青年,否
B2148,女,银卡,外卖平台导流,29,其他,其他,三口之家,否
B2149,男,银卡,App自然注册,40,其他,苏州,二人世界,否
B2150,女,金卡,外卖平台导流,25,企业职员,上海,三口之家,否
B2151,男,普通,地推活动,34,服务业,上海,三口之家,否
B2152,女,银卡,社群裂变,44,其他,上海,多口之家,否
B2153,男,普通,App自然注册,47,全职主妇,深圳,多口之家,否
B2154,男,普通,微信小程序,36,自由职业,成都,三口之家,否
B2155,男,黑金,微信小程序,32,全职主妇,上海,单身青年,是
B2156,男,普通,线下扫码,38,其他,天津,单身青年,否
B2157,男,普通,App自然注册,35,其他,郑州,多口之家,否
B2158,男,普通,App自然注册,26,互联网从业,青岛,多口之家,否
B2159,女,金卡,地推活动,25,全职主妇,成都,二人世界,是
B2160,男,普通,线下扫码,44,全职主妇,苏州,二人世界,否
B2161,女,普通,微信小程序,51,自由职业,郑州,多口之家,否
B2162,男,黑金,微信小程序,25,其他,北京,银发族,是
B2163,女,黑金,地推活动,40,互联网从业,上海,三口之家,是
B2164,男,银卡,地推活动,25,企业职员,成都,银发族,否
B2165,女,普通,社群裂变,34,企业职员,北京,单身青年,否
B2166,女,银卡,App自然注册,25,服务业,成都,银发族,否
B2167,男,普通,社群裂变,42,服务业,苏州,多口之家,否
B2168,男,金卡,微信小程序,37,互联网从业,苏州,单身青年,否
B2169,女,普通,微信小程序,39,服务业,广州,三口之家,否
B2170,女,普通,外卖平台导流,39,全职主妇,武汉,三口之家,否
B2171,男,银卡,微信小程序,34,学生,苏州,银发族,否
B2172,女,金卡,线下扫码,44,其他,其他,银发族,是
B2173,男,普通,线下扫码,36,企业职员,南京,银发族,否
B2174,男,普通,微信小程序,43,自由职业,长沙,多口之家,否
B2175,女,银卡,App自然注册,30,企业职员,青岛,银发族,否
B2176,女,银卡,线下扫码,29,学生,深圳,单身青年,否
B2177,女,普通,App自然注册,47,企业职员,上海,三口之家,否
B2178,男,金卡,线下扫码,41,自由职业,其他,三口之家,是
B2179,女,银卡,App自然注册,33,企业职员,深圳,单身青年,否
B2180,女,普通,微信小程序,35,服务业,西安,三口之家,否
B2181,男,普通,App自然注册,28,企业职员,广州,三口之家,否
B2182,男,普通,微信小程序,35,互联网从业,杭州,银发族,否
B2183,女,银卡,线下扫码,34,互联网从业,北京,单身青年,否
B2184,女,银卡,微信小程序,37,互联网从业,其他,多口之家,否
B2185,男,普通,App自然注册,38,自由职业,武汉,单身青年,否
B2186,男,普通,社群裂变,31,企业职员,天津,二人世界,否
B2187,女,金卡,微信小程序,44,公务员,其他,单身青年,是
B2188,女,黑金,线下扫码,37,企业职员,其他,二人世界,是
B2189,男,金卡,App自然注册,39,互联网从业,武汉,单身青年,是
B2190,女,银卡,微信小程序,50,其他,杭州,单身青年,否
B2191,女,普通,微信小程序,39,公务员,郑州,多口之家,否
B2192,男,普通,微信小程序,48,其他,重庆,二人世界,否
B2193,男,普通,App自然注册,39,互联网从业,其他,银发族,否
B2194,男,普通,线下扫码,43,全职主妇,上海,多口之家,否
B2195,男,银卡,App自然注册,33,互联网从业,杭州,二人世界,否
B2196,女,银卡,App自然注册,42,企业职员,苏州,单身青年,否
B2197,男,黑金,社群裂变,36,全职主妇,北京,三口之家,是
B2198,男,普通,线下扫码,39,服务业,杭州,多口之家,否
B2199,女,普通,App自然注册,39,企业职员,北京,单身青年,否
B2200,男,银卡,App自然注册,37,服务业,深圳,三口之家,否
B2201,男,银卡,社群裂变,29,服务业,深圳,三口之家,否
B2202,女,普通,微信小程序,37,企业职员,杭州,三口之家,否
B2203,女,银卡,App自然注册,46,互联网从业,上海,二人世界,否
B2204,女,银卡,微信小程序,48,学生,西安,三口之家,否
B2205,女,普通,微信小程序,41,企业职员,上海,二人世界,否
B2206,男,普通,App自然注册,25,公务员,杭州,二人世界,否
B2207,女,普通,App自然注册,39,全职主妇,成都,多口之家,否
B2208,男,银卡,微信小程序,29,其他,西安,单身青年,否
B2209,男,普通,线下扫码,32,学生,青岛,三口之家,否
B2210,男,普通,微信小程序,42,企业职员,广州,二人世界,否
B2211,女,普通,微信小程序,29,服务业,重庆,多口之家,否
B2212,男,普通,社群裂变,42,互联网从业,南京,银发族,否
B2213,女,银卡,地推活动,36,互联网从业,南京,多口之家,否
B2214,男,金卡,App自然注册,46,互联网从业,西安,银发族,是
B2215,女,金卡,微信小程序,38,全职主妇,南京,三口之家,否
B2216,女,普通,外卖平台导流,38,其他,青岛,二人世界,否
B2217,男,普通,App自然注册,37,公务员,武汉,银发族,否
B2218,女,金卡,微信小程序,32,企业职员,武汉,三口之家,是
B2219,女,银卡,App自然注册,32,互联网从业,天津,单身青年,否
B2220,男,普通,线下扫码,29,企业职员,南京,多口之家,否
B2221,男,银卡,微信小程序,37,自由职业,北京,三口之家,否
B2222,女,金卡,App自然注册,37,学生,北京,三口之家,是
B2223,女,银卡,微信小程序,31,全职主妇,其他,银发族,否
B2224,男,普通,线下扫码,39,企业职员,武汉,多口之家,否
B2225,男,普通,社群裂变,39,企业职员,深圳,二人世界,否
B2226,男,普通,微信小程序,39,公务员,成都,多口之家,否
B2227,女,银卡,外卖平台导流,33,互联网从业,长沙,银发族,否
B2228,女,普通,微信小程序,44,服务业,武汉,三口之家,否
B2229,男,普通,微信小程序,39,企业职员,郑州,单身青年,否
B2230,女,普通,外卖平台导流,41,其他,成都,多口之家,否
B2231,男,银卡,App自然注册,52,企业职员,长沙,三口之家,否
B2232,女,普通,App自然注册,41,自由职业,深圳,多口之家,否
B2233,女,银卡,微信小程序,41,互联网从业,其他,多口之家,否
B2234,女,普通,微信小程序,32,企业职员,广州,二人世界,否
B2235,女,银卡,App自然注册,32,公务员,北京,单身青年,否
B2236,女,黑金,线下扫码,37,企业职员,西安,银发族,是
B2237,女,银卡,地推活动,50,企业职员,其他,多口之家,否
B2238,女,银卡,社群裂变,33,互联网从业,成都,三口之家,否
B2239,女,银卡,App自然注册,37,全职主妇,深圳,三口之家,否
B2240,女,普通,App自然注册,45,全职主妇,上海,三口之家,否
B2241,女,普通,线下扫码,25,学生,上海,多口之家,否
B2242,女,金卡,地推活动,35,全职主妇,北京,银发族,是
B2243,男,黑金,线下扫码,33,自由职业,广州,二人世界,是
B2244,女,黑金,社群裂变,37,互联网从业,重庆,二人世界,是
B2245,女,普通,外卖平台导流,42,全职主妇,广州,三口之家,否
B2246,男,普通,社群裂变,46,互联网从业,其他,单身青年,否
B2247,女,普通,微信小程序,40,自由职业,深圳,二人世界,否
B2248,男,银卡,地推活动,32,自由职业,郑州,三口之家,否
B2249,女,银卡,App自然注册,37,企业职员,成都,三口之家,否
B2250,女,普通,外卖平台导流,43,学生,重庆,银发族,否
B2251,女,黑金,外卖平台导流,36,企业职员,其他,银发族,是
B2252,男,普通,App自然注册,30,企业职员,上海,多口之家,否
B2253,男,黑金,外卖平台导流,34,全职主妇,上海,三口之家,是
B2254,女,普通,地推活动,49,自由职业,南京,三口之家,否
B2255,女,普通,社群裂变,32,其他,上海,单身青年,否
B2256,女,金卡,App自然注册,45,全职主妇,北京,单身青年,是
B2257,女,金卡,线下扫码,39,全职主妇,郑州,单身青年,是
B2258,男,金卡,微信小程序,32,全职主妇,苏州,银发族,是
B2259,女,普通,微信小程序,41,企业职员,深圳,银发族,否
B2260,男,黑金,社群裂变,32,全职主妇,上海,三口之家,是
B2261,女,普通,线下扫码,52,企业职员,北京,三口之家,否
B2262,女,普通,社群裂变,46,服务业,上海,三口之家,否
B2263,男,黑金,微信小程序,27,企业职员,上海,三口之家,是
B2264,女,银卡,微信小程序,31,企业职员,北京,三口之家,否
B2265,男,黑金,社群裂变,42,企业职员,广州,多口之家,是
B2266,男,普通,外卖平台导流,30,公务员,武汉,三口之家,否
B2267,男,黑金,社群裂变,26,互联网从业,杭州,单身青年,是
B2268,男,银卡,App自然注册,32,全职主妇,广州,三口之家,否
B2269,女,普通,微信小程序,40,互联网从业,北京,三口之家,否
B2270,女,金卡,微信小程序,43,服务业,成都,单身青年,是
B2271,女,金卡,地推活动,37,全职主妇,郑州,多口之家,是
B2272,男,普通,App自然注册,31,互联网从业,南京,三口之家,否
B2273,男,银卡,微信小程序,31,服务业,青岛,单身青年,否
B2274,男,普通,App自然注册,38,企业职员,深圳,二人世界,否
B2275,男,普通,社群裂变,36,企业职员,广州,二人世界,否
B2276,男,普通,外卖平台导流,27,全职主妇,杭州,二人世界,否
B2277,女,黑金,微信小程序,46,学生,成都,三口之家,是
B2278,女,银卡,线下扫码,44,自由职业,郑州,多口之家,否
B2279,男,银卡,线下扫码,37,自由职业,重庆,三口之家,否
B2280,女,普通,微信小程序,36,自由职业,北京,二人世界,否
B2281,女,银卡,社群裂变,39,公务员,杭州,多口之家,否
B2282,女,普通,App自然注册,37,服务业,长沙,单身青年,否
B2283,男,银卡,外卖平台导流,38,学生,深圳,单身青年,否
B2284,男,银卡,线下扫码,38,企业职员,成都,三口之家,否
B2285,男,普通,微信小程序,46,互联网从业,北京,三口之家,否
B2286,男,金卡,外卖平台导流,41,全职主妇,武汉,三口之家,是
B2287,男,金卡,线下扫码,26,企业职员,苏州,多口之家,是
B2288,女,普通,线下扫码,38,企业职员,北京,银发族,否
B2289,男,普通,微信小程序,37,企业职员,上海,二人世界,否
B2290,男,普通,App自然注册,37,企业职员,上海,三口之家,否
B2291,女,银卡,社群裂变,41,其他,上海,多口之家,否
B2292,男,银卡,微信小程序,50,公务员,广州,二人世界,否
B2293,男,普通,外卖平台导流,25,学生,北京,多口之家,否
B2294,女,普通,微信小程序,27,全职主妇,南京,三口之家,否
B2295,女,银卡,App自然注册,41,企业职员,长沙,二人世界,否
B2296,女,普通,线下扫码,33,其他,青岛,多口之家,否
B2297,男,黑金,微信小程序,32,公务员,其他,二人世界,是
B2298,女,金卡,线下扫码,37,服务业,重庆,三口之家,是
B2299,男,银卡,App自然注册,37,企业职员,天津,三口之家,否
B2300,男,银卡,App自然注册,50,全职主妇,北京,单身青年,否
B2301,男,银卡,微信小程序,34,企业职员,西安,银发族,否
B2302,男,银卡,外卖平台导流,32,全职主妇,天津,单身青年,否
B2303,女,普通,微信小程序,30,其他,北京,多口之家,否
B2304,男,普通,微信小程序,40,互联网从业,杭州,三口之家,否
B2305,女,普通,微信小程序,35,服务业,青岛,银发族,否
B2306,男,普通,微信小程序,52,企业职员,深圳,三口之家,否
B2307,男,普通,社群裂变,37,企业职员,上海,三口之家,否
B2308,女,普通,微信小程序,34,企业职员,广州,二人世界,否
B2309,女,普通,App自然注册,49,其他,上海,多口之家,否
B2310,男,普通,微信小程序,33,互联网从业,深圳,单身青年,否
B2311,女,普通,微信小程序,38,其他,重庆,三口之家,否
B2312,男,普通,外卖平台导流,43,自由职业,西安,二人世界,否
B2313,女,金卡,社群裂变,44,其他,广州,多口之家,是
B2314,男,银卡,微信小程序,28,全职主妇,长沙,单身青年,否
B2315,女,普通,社群裂变,42,互联网从业,杭州,三口之家,否
B2316,女,普通,线下扫码,49,服务业,武汉,二人世界,否
B2317,男,普通,线下扫码,43,学生,深圳,单身青年,否
B2318,男,银卡,线下扫码,32,全职主妇,广州,单身青年,否
B2319,女,普通,社群裂变,35,公务员,上海,多口之家,否
B2320,女,银卡,微信小程序,33,互联网从业,广州,二人世界,否
B2321,女,普通,微信小程序,31,互联网从业,西安,三口之家,否
B2322,男,银卡,微信小程序,40,自由职业,北京,单身青年,否
B2323,女,黑金,App自然注册,35,自由职业,上海,单身青年,是
B2324,男,银卡,社群裂变,40,企业职员,成都,单身青年,否
B2325,女,普通,App自然注册,46,学生,其他,二人世界,否
B2326,女,银卡,微信小程序,52,全职主妇,青岛,单身青年,否
B2327,女,银卡,线下扫码,33,企业职员,南京,多口之家,否
B2328,女,普通,App自然注册,34,全职主妇,苏州,二人世界,否
B2329,男,黑金,线下扫码,43,互联网从业,深圳,三口之家,是
B2330,男,普通,线下扫码,34,自由职业,成都,二人世界,否
B2331,女,金卡,微信小程序,37,全职主妇,广州,单身青年,是
B2332,男,普通,微信小程序,45,自由职业,深圳,银发族,否
B2333,女,银卡,微信小程序,49,全职主妇,广州,三口之家,否
B2334,男,银卡,微信小程序,43,企业职员,长沙,三口之家,否
B2335,男,黑金,App自然注册,34,公务员,广州,二人世界,是
B2336,男,金卡,微信小程序,36,互联网从业,西安,三口之家,否
B2337,女,银卡,微信小程序,45,全职主妇,广州,三口之家,否
B2338,女,普通,外卖平台导流,25,学生,重庆,三口之家,否
B2339,女,银卡,微信小程序,38,其他,武汉,多口之家,否
B2340,男,普通,App自然注册,39,自由职业,北京,三口之家,否
B2341,女,普通,微信小程序,47,互联网从业,深圳,二人世界,否
B2342,男,普通,微信小程序,37,全职主妇,北京,三口之家,否
B2343,女,普通,微信小程序,27,学生,北京,二人世界,否
B2344,女,银卡,社群裂变,39,企业职员,苏州,多口之家,否
B2345,男,金卡,社群裂变,39,企业职员,成都,三口之家,否
B2346,女,金卡,微信小程序,40,自由职业,深圳,单身青年,是
B2347,男,银卡,线下扫码,40,服务业,北京,银发族,否
B2348,女,金卡,微信小程序,44,全职主妇,成都,三口之家,是
B2349,女,普通,社群裂变,52,企业职员,武汉,三口之家,否
B2350,女,黑金,地推活动,31,全职主妇,北京,二人世界,是
B2351,女,银卡,微信小程序,37,其他,其他,单身青年,否
B2352,男,普通,微信小程序,42,互联网从业,西安,单身青年,否
B2353,男,银卡,App自然注册,35,公务员,成都,多口之家,否
B2354,女,普通,微信小程序,35,服务业,其他,多口之家,否
B2355,男,银卡,地推活动,41,企业职员,青岛,多口之家,否
B2356,男,普通,App自然注册,46,互联网从业,深圳,银发族,否
B2357,女,普通,微信小程序,45,互联网从业,郑州,三口之家,否
B2358,女,普通,微信小程序,44,其他,深圳,银发族,否
B2359,女,银卡,App自然注册,38,企业职员,其他,二人世界,否
B2360,男,银卡,外卖平台导流,32,学生,重庆,三口之家,否
B2361,女,普通,线下扫码,48,企业职员,其他,三口之家,否
B2362,男,普通,App自然注册,44,企业职员,武汉,二人世界,否
B2363,男,金卡,微信小程序,25,全职主妇,重庆,单身青年,是
B2364,男,普通,社群裂变,40,企业职员,苏州,二人世界,否
B2365,男,普通,微信小程序,38,全职主妇,上海,三口之家,否
B2366,女,银卡,线下扫码,28,企业职员,南京,多口之家,否
B2367,男,普通,线下扫码,32,学生,西安,三口之家,否
B2368,男,金卡,外卖平台导流,47,学生,上海,二人世界,是
B2369,男,普通,线下扫码,42,全职主妇,杭州,多口之家,否
B2370,女,普通,线下扫码,37,互联网从业,北京,二人世界,否
B2371,女,黑金,线下扫码,44,企业职员,北京,三口之家,是
B2372,男,银卡,微信小程序,46,全职主妇,广州,三口之家,否
B2373,女,银卡,外卖平台导流,33,企业职员,深圳,三口之家,否
B2374,男,银卡,微信小程序,33,企业职员,北京,单身青年,否
B2375,男,银卡,社群裂变,31,互联网从业,青岛,三口之家,否
B2376,女,普通,外卖平台导流,46,全职主妇,郑州,多口之家,否
B2377,男,黑金,地推活动,32,全职主妇,广州,三口之家,是
B2378,女,普通,微信小程序,38,学生,成都,多口之家,否
B2379,男,金卡,微信小程序,39,公务员,成都,多口之家,是
B2380,女,普通,微信小程序,37,互联网从业,郑州,单身青年,否
B2381,女,普通,App自然注册,34,互联网从业,长沙,三口之家,否
B2382,女,普通,微信小程序,27,企业职员,武汉,三口之家,否
B2383,男,普通,App自然注册,48,服务业,武汉,三口之家,否
B2384,男,普通,线下扫码,47,企业职员,其他,三口之家,否
B2385,男,银卡,App自然注册,33,服务业,其他,三口之家,否
B2386,女,普通,App自然注册,38,企业职员,其他,银发族,否
B2387,男,普通,线下扫码,43,其他,天津,多口之家,否
B2388,男,普通,社群裂变,34,全职主妇,西安,三口之家,否
B2389,男,金卡,线下扫码,33,自由职业,郑州,多口之家,否
B2390,女,银卡,社群裂变,44,企业职员,其他,二人世界,否
B2391,男,普通,微信小程序,32,其他,天津,单身青年,否
B2392,女,普通,App自然注册,37,自由职业,北京,三口之家,否
B2393,女,金卡,线下扫码,51,全职主妇,郑州,单身青年,是
B2394,女,普通,微信小程序,26,学生,西安,单身青年,否
B2395,女,金卡,外卖平台导流,35,企业职员,成都,三口之家,否
B2396,男,银卡,微信小程序,43,企业职员,北京,三口之家,否
B2397,女,普通,微信小程序,38,服务业,武汉,单身青年,否
B2398,女,普通,社群裂变,43,自由职业,武汉,三口之家,否
B2399,男,黑金,微信小程序,37,互联网从业,郑州,三口之家,是
B2400,女,普通,微信小程序,52,公务员,北京,三口之家,否
B2401,女,银卡,微信小程序,28,企业职员,广州,三口之家,否
B2402,男,银卡,微信小程序,41,互联网从业,上海,单身青年,否
B2403,女,金卡,微信小程序,37,企业职员,其他,三口之家,是
B2404,女,银卡,微信小程序,51,服务业,其他,多口之家,否
B2405,女,银卡,App自然注册,41,互联网从业,天津,单身青年,否
B2406,女,普通,地推活动,31,互联网从业,其他,三口之家,否
B2407,女,银卡,App自然注册,42,企业职员,武汉,单身青年,否
B2408,男,普通,线下扫码,40,其他,深圳,多口之家,否
B2409,男,银卡,社群裂变,48,全职主妇,北京,三口之家,否
B2410,男,黑金,App自然注册,40,全职主妇,北京,多口之家,是
B2411,女,银卡,外卖平台导流,41,全职主妇,杭州,三口之家,否
B2412,女,普通,微信小程序,45,服务业,上海,二人世界,否
B2413,女,银卡,线下扫码,48,全职主妇,天津,单身青年,否
B2414,女,普通,App自然注册,37,其他,深圳,单身青年,否
B2415,男,银卡,App自然注册,38,企业职员,上海,二人世界,否
B2416,男,金卡,线下扫码,39,全职主妇,广州,三口之家,是
B2417,男,金卡,App自然注册,46,企业职员,重庆,银发族,是
B2418,女,金卡,微信小程序,45,学生,深圳,单身青年,是
B2419,男,金卡,外卖平台导流,45,学生,重庆,二人世界,是
B2420,男,普通,微信小程序,27,学生,上海,多口之家,否
B2421,男,黑金,App自然注册,37,企业职员,北京,单身青年,是
B2422,男,银卡,地推活动,40,企业职员,长沙,单身青年,否
B2423,男,普通,地推活动,42,其他,北京,单身青年,否
B2424,女,银卡,外卖平台导流,36,互联网从业,深圳,三口之家,否
B2425,男,普通,微信小程序,39,企业职员,上海,多口之家,否
B2426,男,普通,外卖平台导流,30,企业职员,北京,三口之家,否
B2427,男,普通,线下扫码,40,学生,成都,二人世界,否
B2428,男,银卡,App自然注册,30,其他,上海,二人世界,否
B2429,女,金卡,外卖平台导流,46,学生,其他,三口之家,是
B2430,男,普通,地推活动,36,互联网从业,苏州,单身青年,否
B2431,男,银卡,地推活动,49,自由职业,武汉,三口之家,否
B2432,女,银卡,地推活动,36,企业职员,重庆,多口之家,否
B2433,女,普通,线下扫码,34,其他,西安,三口之家,否
B2434,女,普通,微信小程序,36,学生,北京,单身青年,否
B2435,男,普通,App自然注册,37,互联网从业,上海,二人世界,否
B2436,女,普通,App自然注册,51,企业职员,成都,银发族,否
B2437,女,黑金,线下扫码,34,其他,杭州,单身青年,是
B2438,男,金卡,App自然注册,41,自由职业,西安,二人世界,是
B2439,女,普通,社群裂变,33,企业职员,上海,多口之家,否
B2440,男,银卡,线下扫码,41,企业职员,其他,多口之家,否
B2441,男,金卡,线下扫码,42,其他,郑州,二人世界,是
B2442,男,普通,地推活动,52,企业职员,深圳,三口之家,否
B2443,男,普通,微信小程序,29,自由职业,北京,银发族,否
B2444,男,普通,线下扫码,44,企业职员,其他,银发族,否
B2445,男,普通,微信小程序,31,全职主妇,苏州,单身青年,否
B2446,女,金卡,微信小程序,38,服务业,杭州,二人世界,否
B2447,女,金卡,微信小程序,33,互联网从业,杭州,二人世界,是
B2448,女,银卡,App自然注册,41,公务员,青岛,二人世界,否
B2449,男,普通,地推活动,40,企业职员,西安,多口之家,否
B2450,女,普通,App自然注册,44,企业职员,深圳,三口之家,否
B2451,女,银卡,线下扫码,25,自由职业,杭州,银发族,否
B2452,男,金卡,App自然注册,43,企业职员,其他,三口之家,是
B2453,男,银卡,社群裂变,34,自由职业,南京,二人世界,否
B2454,男,银卡,线下扫码,43,自由职业,成都,二人世界,否
B2455,男,银卡,微信小程序,29,全职主妇,西安,三口之家,否
B2456,男,普通,微信小程序,39,全职主妇,武汉,三口之家,否
B2457,女,普通,App自然注册,43,服务业,上海,多口之家,否
B2458,男,黑金,外卖平台导流,51,企业职员,西安,单身青年,是
B2459,男,银卡,线下扫码,29,服务业,北京,三口之家,否
B2460,女,银卡,外卖平台导流,39,企业职员,深圳,三口之家,否
B2461,男,普通,社群裂变,37,互联网从业,南京,三口之家,否
B2462,男,金卡,线下扫码,29,学生,其他,银发族,是
B2463,女,金卡,外卖平台导流,52,学生,杭州,三口之家,是
B2464,女,金卡,App自然注册,32,学生,成都,单身青年,是
B2465,女,银卡,微信小程序,33,企业职员,深圳,三口之家,否
B2466,女,普通,App自然注册,33,其他,杭州,二人世界,否
B2467,女,金卡,微信小程序,41,全职主妇,武汉,三口之家,否
B2468,男,普通,微信小程序,26,服务业,重庆,多口之家,否
B2469,女,银卡,App自然注册,27,互联网从业,上海,三口之家,否
B2470,男,银卡,App自然注册,35,全职主妇,杭州,三口之家,否
B2471,女,银卡,App自然注册,25,全职主妇,郑州,三口之家,否
B2472,女,普通,地推活动,35,企业职员,上海,单身青年,否
B2473,女,黑金,App自然注册,42,其他,西安,单身青年,是
B2474,男,黑金,微信小程序,39,企业职员,苏州,二人世界,是
B2475,男,金卡,微信小程序,38,学生,成都,三口之家,是
B2476,男,普通,社群裂变,38,公务员,北京,多口之家,否
B2477,女,黑金,社群裂变,35,互联网从业,北京,三口之家,是
B2478,女,银卡,线下扫码,36,企业职员,其他,三口之家,否
B2479,男,普通,App自然注册,37,企业职员,其他,二人世界,否
B2480,女,金卡,外卖平台导流,42,自由职业,其他,单身青年,是
B2481,男,普通,微信小程序,44,企业职员,成都,三口之家,否
B2482,男,银卡,线下扫码,40,全职主妇,其他,三口之家,否
B2483,男,银卡,线下扫码,44,学生,深圳,多口之家,否
B2484,男,普通,线下扫码,39,企业职员,深圳,二人世界,否
B2485,男,银卡,App自然注册,40,企业职员,广州,单身青年,否
B2486,男,银卡,外卖平台导流,45,公务员,苏州,三口之家,否
B2487,男,普通,线下扫码,33,自由职业,其他,三口之家,否
B2488,女,金卡,微信小程序,29,服务业,武汉,三口之家,是
B2489,男,银卡,线下扫码,52,互联网从业,郑州,三口之家,否
B2490,男,银卡,App自然注册,45,自由职业,天津,银发族,否
B2491,男,银卡,线下扫码,27,自由职业,郑州,三口之家,否
B2492,女,黑金,社群裂变,45,企业职员,其他,单身青年,是
B2493,女,银卡,外卖平台导流,25,企业职员,南京,三口之家,否
B2494,男,金卡,App自然注册,28,学生,重庆,多口之家,是
B2495,男,普通,社群裂变,33,公务员,长沙,二人世界,否
B2496,女,普通,社群裂变,27,企业职员,北京,三口之家,否
B2497,男,普通,社群裂变,30,全职主妇,北京,单身青年,否
B2498,男,普通,线下扫码,34,全职主妇,深圳,二人世界,否
B2499,女,银卡,外卖平台导流,48,全职主妇,广州,三口之家,否
B2500,女,银卡,微信小程序,29,企业职员,北京,银发族,否
B2501,女,银卡,线下扫码,35,服务业,上海,三口之家,否
B2502,男,金卡,微信小程序,36,企业职员,郑州,单身青年,是
B2503,男,金卡,App自然注册,40,企业职员,长沙,三口之家,是
B2504,女,金卡,微信小程序,33,互联网从业,北京,银发族,是
B2505,女,黑金,微信小程序,41,互联网从业,杭州,三口之家,是
B2506,男,银卡,App自然注册,35,全职主妇,杭州,三口之家,否
B2507,女,普通,社群裂变,32,学生,北京,多口之家,否
B2508,女,普通,微信小程序,39,企业职员,天津,三口之家,否
B2509,男,银卡,微信小程序,32,互联网从业,苏州,三口之家,否
B2510,女,银卡,线下扫码,52,企业职员,杭州,银发族,否
B2511,女,金卡,App自然注册,33,自由职业,成都,多口之家,是
B2512,女,普通,地推活动,32,企业职员,成都,二人世界,否
B2513,女,金卡,微信小程序,46,全职主妇,苏州,单身青年,是
B2514,男,普通,外卖平台导流,50,全职主妇,武汉,多口之家,否
B2515,女,银卡,线下扫码,48,互联网从业,武汉,三口之家,否
B2516,男,普通,外卖平台导流,33,企业职员,长沙,单身青年,否
B2517,女,普通,App自然注册,47,企业职员,北京,二人世界,否
B2518,女,普通,线下扫码,29,企业职员,苏州,多口之家,否
B2519,女,普通,App自然注册,25,企业职员,武汉,银发族,否
B2520,男,普通,App自然注册,32,企业职员,上海,单身青年,否
B2521,女,银卡,微信小程序,41,其他,武汉,多口之家,否
B2522,男,黑金,App自然注册,36,企业职员,深圳,二人世界,是
B2523,女,银卡,微信小程序,25,互联网从业,广州,三口之家,否
B2524,男,普通,App自然注册,44,企业职员,杭州,二人世界,否
B2525,男,金卡,外卖平台导流,47,自由职业,北京,三口之家,是
B2526,男,普通,微信小程序,45,企业职员,郑州,单身青年,否
B2527,男,金卡,微信小程序,46,企业职员,武汉,多口之家,否
B2528,女,普通,线下扫码,29,全职主妇,其他,二人世界,否
B2529,女,金卡,微信小程序,27,企业职员,成都,三口之家,是
B2530,女,普通,微信小程序,36,全职主妇,天津,三口之家,否
B2531,女,普通,外卖平台导流,42,其他,上海,二人世界,否
B2532,男,金卡,地推活动,35,互联网从业,北京,单身青年,是
B2533,男,普通,社群裂变,36,企业职员,长沙,单身青年,否
B2534,女,银卡,外卖平台导流,49,企业职员,苏州,三口之家,否
B2535,男,银卡,微信小程序,32,其他,杭州,多口之家,否
B2536,女,普通,线下扫码,40,服务业,西安,二人世界,否
B2537,女,普通,App自然注册,37,企业职员,武汉,二人世界,否
B2538,女,黑金,社群裂变,41,全职主妇,长沙,单身青年,是
B2539,男,普通,App自然注册,40,互联网从业,天津,单身青年,否
B2540,女,金卡,外卖平台导流,35,学生,深圳,三口之家,是
B2541,女,银卡,社群裂变,31,企业职员,重庆,二人世界,否
B2542,女,银卡,App自然注册,34,学生,广州,多口之家,否
B2543,女,普通,线下扫码,34,服务业,苏州,单身青年,否
B2544,女,银卡,微信小程序,31,互联网从业,苏州,二人世界,否
B2545,女,银卡,App自然注册,31,公务员,北京,三口之家,否
B2546,男,金卡,App自然注册,50,公务员,其他,三口之家,是
B2547,男,金卡,社群裂变,51,企业职员,西安,三口之家,是
B2548,男,普通,外卖平台导流,46,自由职业,其他,二人世界,否
B2549,女,银卡,线下扫码,43,服务业,西安,三口之家,否
B2550,男,银卡,线下扫码,30,企业职员,武汉,三口之家,否
B2551,女,普通,线下扫码,41,服务业,南京,三口之家,否
B2552,男,普通,线下扫码,45,公务员,青岛,三口之家,否
B2553,女,普通,线下扫码,42,全职主妇,北京,多口之家,否
B2554,女,黑金,外卖平台导流,39,服务业,天津,三口之家,是
B2555,男,金卡,外卖平台导流,51,企业职员,杭州,银发族,是
B2556,男,银卡,App自然注册,39,互联网从业,南京,三口之家,否
B2557,女,银卡,App自然注册,36,全职主妇,北京,二人世界,否
B2558,女,银卡,App自然注册,50,企业职员,广州,多口之家,否
B2559,女,普通,线下扫码,26,学生,长沙,三口之家,否
B2560,男,普通,App自然注册,44,企业职员,西安,三口之家,否
B2561,女,金卡,线下扫码,44,企业职员,其他,银发族,是
B2562,男,普通,App自然注册,32,其他,广州,三口之家,否
B2563,女,普通,线下扫码,37,全职主妇,上海,单身青年,否
B2564,男,银卡,线下扫码,39,自由职业,北京,二人世界,否
B2565,男,普通,社群裂变,41,全职主妇,青岛,银发族,否
B2566,男,银卡,App自然注册,40,自由职业,深圳,二人世界,否
B2567,女,银卡,地推活动,31,自由职业,广州,二人世界,否
B2568,女,银卡,微信小程序,47,自由职业,其他,三口之家,否
B2569,女,普通,App自然注册,35,互联网从业,上海,二人世界,否
B2570,男,普通,线下扫码,36,企业职员,苏州,单身青年,否
B2571,女,普通,微信小程序,31,企业职员,北京,三口之家,否
B2572,男,普通,微信小程序,50,企业职员,北京,银发族,否
B2573,女,普通,线下扫码,40,其他,广州,多口之家,否
B2574,女,普通,微信小程序,43,公务员,成都,三口之家,否
B2575,女,银卡,线下扫码,36,自由职业,西安,二人世界,否
B2576,男,银卡,微信小程序,31,服务业,南京,二人世界,否
B2577,女,银卡,App自然注册,39,企业职员,天津,银发族,否
B2578,女,银卡,外卖平台导流,43,互联网从业,成都,三口之家,否
B2579,男,普通,App自然注册,32,企业职员,重庆,银发族,否
B2580,男,普通,社群裂变,35,企业职员,长沙,银发族,否
B2581,男,金卡,App自然注册,25,自由职业,其他,二人世界,是
B2582,女,普通,社群裂变,33,企业职员,上海,二人世界,否
B2583,女,普通,线下扫码,52,企业职员,成都,三口之家,否
B2584,男,黑金,微信小程序,37,全职主妇,苏州,单身青年,是
B2585,男,普通,微信小程序,41,互联网从业,北京,三口之家,否
B2586,女,银卡,微信小程序,37,企业职员,广州,三口之家,否
B2587,男,银卡,微信小程序,38,企业职员,武汉,三口之家,否
B2588,男,普通,线下扫码,27,企业职员,南京,单身青年,否
B2589,男,普通,App自然注册,38,其他,郑州,单身青年,否
B2590,女,银卡,App自然注册,52,全职主妇,其他,二人世界,否
B2591,女,银卡,微信小程序,40,互联网从业,成都,三口之家,否
B2592,女,银卡,微信小程序,49,企业职员,天津,单身青年,否
B2593,男,金卡,微信小程序,36,互联网从业,北京,二人世界,是
B2594,男,银卡,App自然注册,32,公务员,其他,二人世界,否
B2595,女,银卡,线下扫码,36,服务业,天津,单身青年,否
B2596,女,银卡,外卖平台导流,31,企业职员,其他,三口之家,否
B2597,女,普通,App自然注册,43,互联网从业,青岛,多口之家,否
B2598,男,普通,外卖平台导流,28,其他,其他,三口之家,否
B2599,男,金卡,线下扫码,35,其他,重庆,单身青年,否
B2600,男,金卡,App自然注册,45,企业职员,苏州,三口之家,否
B2601,女,普通,外卖平台导流,42,公务员,武汉,单身青年,否
B2602,女,普通,App自然注册,27,自由职业,杭州,多口之家,否
B2603,女,银卡,App自然注册,30,全职主妇,其他,多口之家,否
B2604,女,普通,线下扫码,25,服务业,青岛,二人世界,否
B2605,女,银卡,微信小程序,35,企业职员,杭州,单身青年,否
B2606,女,银卡,外卖平台导流,46,学生,其他,二人世界,否
B2607,男,银卡,微信小程序,52,其他,广州,三口之家,否
B2608,女,普通,App自然注册,41,互联网从业,广州,多口之家,否
B2609,女,普通,社群裂变,48,企业职员,深圳,三口之家,否
B2610,女,银卡,地推活动,34,服务业,南京,三口之家,否
B2611,女,普通,微信小程序,31,企业职员,西安,三口之家,否
B2612,女,普通,微信小程序,39,全职主妇,广州,单身青年,否
B2613,男,普通,线下扫码,40,全职主妇,上海,三口之家,否
B2614,男,银卡,地推活动,52,企业职员,北京,三口之家,否
B2615,女,银卡,App自然注册,42,服务业,其他,多口之家,否
B2616,男,普通,社群裂变,45,全职主妇,上海,三口之家,否
B2617,男,银卡,社群裂变,47,服务业,北京,银发族,否
B2618,男,普通,微信小程序,42,全职主妇,北京,三口之家,否
B2619,女,银卡,App自然注册,29,企业职员,深圳,三口之家,否
B2620,女,银卡,线下扫码,33,学生,广州,二人世界,否
B2621,男,普通,App自然注册,38,自由职业,重庆,单身青年,否
B2622,女,普通,App自然注册,28,全职主妇,广州,单身青年,否
B2623,女,普通,微信小程序,45,企业职员,北京,银发族,否
B2624,女,普通,微信小程序,38,服务业,成都,三口之家,否
B2625,男,普通,线下扫码,30,自由职业,上海,单身青年,否
B2626,男,普通,App自然注册,51,企业职员,成都,多口之家,否
B2627,男,普通,微信小程序,45,企业职员,重庆,多口之家,否
B2628,男,银卡,微信小程序,49,服务业,杭州,单身青年,否
B2629,男,银卡,微信小程序,44,自由职业,成都,单身青年,否
B2630,男,银卡,微信小程序,43,企业职员,郑州,三口之家,否
B2631,男,普通,微信小程序,44,企业职员,武汉,单身青年,否
B2632,女,银卡,线下扫码,34,其他,武汉,三口之家,否
B2633,男,银卡,App自然注册,28,学生,重庆,三口之家,否
B2634,男,普通,外卖平台导流,49,企业职员,武汉,单身青年,否
B2635,男,银卡,外卖平台导流,43,全职主妇,天津,三口之家,否
B2636,女,普通,线下扫码,33,企业职员,杭州,三口之家,否
B2637,男,普通,外卖平台导流,32,公务员,广州,三口之家,否
B2638,男,银卡,App自然注册,43,企业职员,深圳,单身青年,否
B2639,女,普通,App自然注册,36,自由职业,北京,多口之家,否
B2640,女,银卡,App自然注册,38,企业职员,苏州,三口之家,否
B2641,男,银卡,线下扫码,52,全职主妇,广州,多口之家,否
B2642,男,黑金,社群裂变,38,企业职员,西安,三口之家,是
B2643,男,普通,社群裂变,39,互联网从业,天津,三口之家,否
B2644,女,普通,外卖平台导流,41,其他,上海,二人世界,否
B2645,女,金卡,社群裂变,52,全职主妇,北京,多口之家,是
B2646,男,银卡,社群裂变,33,全职主妇,长沙,多口之家,否
B2647,女,银卡,微信小程序,36,互联网从业,青岛,多口之家,否
B2648,女,普通,社群裂变,52,服务业,南京,三口之家,否
B2649,男,普通,微信小程序,31,互联网从业,深圳,三口之家,否
B2650,女,普通,外卖平台导流,46,学生,青岛,单身青年,否
B2651,女,普通,微信小程序,34,企业职员,武汉,银发族,否
B2652,女,普通,微信小程序,39,企业职员,南京,三口之家,否
B2653,女,普通,地推活动,26,全职主妇,苏州,银发族,否
B2654,男,银卡,App自然注册,47,学生,北京,单身青年,否
B2655,男,金卡,外卖平台导流,30,互联网从业,西安,三口之家,否
B2656,女,银卡,线下扫码,39,互联网从业,成都,三口之家,否
B2657,女,银卡,线下扫码,29,全职主妇,重庆,二人世界,否
B2658,男,金卡,App自然注册,48,全职主妇,青岛,三口之家,否
B2659,男,普通,外卖平台导流,52,企业职员,天津,单身青年,否
B2660,男,普通,线下扫码,31,公务员,武汉,二人世界,否
B2661,男,银卡,微信小程序,52,自由职业,长沙,多口之家,否
B2662,男,银卡,线下扫码,47,服务业,北京,多口之家,否
B2663,女,普通,线下扫码,31,互联网从业,天津,三口之家,否
B2664,女,银卡,外卖平台导流,45,其他,青岛,多口之家,否
B2665,女,银卡,线下扫码,38,服务业,郑州,单身青年,否
B2666,女,银卡,微信小程序,44,企业职员,北京,二人世界,否
B2667,女,金卡,外卖平台导流,44,企业职员,杭州,二人世界,是
B2668,女,黑金,社群裂变,38,互联网从业,广州,三口之家,是
B2669,女,普通,外卖平台导流,44,自由职业,武汉,银发族,否
B2670,男,黑金,微信小程序,29,互联网从业,深圳,三口之家,是
B2671,女,银卡,线下扫码,38,企业职员,西安,银发族,否
B2672,女,银卡,微信小程序,34,全职主妇,深圳,银发族,否
B2673,男,普通,社群裂变,50,企业职员,上海,三口之家,否
B2674,女,普通,App自然注册,43,自由职业,苏州,二人世界,否
B2675,男,普通,微信小程序,43,学生,上海,三口之家,否
B2676,女,银卡,地推活动,40,其他,北京,银发族,否
B2677,男,普通,社群裂变,44,互联网从业,苏州,三口之家,否
B2678,女,金卡,微信小程序,48,企业职员,武汉,三口之家,是
B2679,女,普通,App自然注册,35,公务员,杭州,多口之家,否
B2680,男,金卡,社群裂变,36,企业职员,其他,三口之家,是
B2681,女,普通,微信小程序,29,服务业,杭州,多口之家,否
B2682,女,银卡,线下扫码,41,服务业,郑州,单身青年,否
B2683,女,普通,App自然注册,43,企业职员,北京,单身青年,否
B2684,女,普通,微信小程序,40,公务员,广州,三口之家,否
B2685,男,普通,微信小程序,35,服务业,其他,三口之家,否
B2686,男,普通,外卖平台导流,34,互联网从业,苏州,三口之家,否
B2687,女,普通,外卖平台导流,36,服务业,其他,三口之家,否
B2688,女,金卡,微信小程序,41,服务业,上海,单身青年,否
B2689,女,银卡,外卖平台导流,37,自由职业,成都,银发族,否
B2690,男,银卡,App自然注册,30,企业职员,杭州,三口之家,否
B2691,女,金卡,线下扫码,31,全职主妇,北京,三口之家,是
B2692,女,普通,App自然注册,27,互联网从业,广州,银发族,否
B2693,女,普通,微信小程序,40,全职主妇,武汉,三口之家,否
B2694,男,普通,线下扫码,33,全职主妇,青岛,多口之家,否
B2695,男,银卡,App自然注册,45,全职主妇,北京,二人世界,否
B2696,男,金卡,App自然注册,29,企业职员,杭州,三口之家,是
B2697,男,普通,线下扫码,32,企业职员,武汉,多口之家,否
B2698,女,金卡,线下扫码,33,全职主妇,上海,三口之家,否
B2699,女,普通,微信小程序,52,公务员,武汉,二人世界,否
B2700,女,银卡,App自然注册,26,其他,其他,三口之家,否
B2701,女,银卡,App自然注册,45,企业职员,武汉,三口之家,否
B2702,女,银卡,外卖平台导流,47,其他,北京,三口之家,否
B2703,男,银卡,社群裂变,32,企业职员,上海,银发族,否
B2704,男,银卡,线下扫码,28,企业职员,北京,单身青年,否
B2705,男,银卡,线下扫码,31,企业职员,武汉,三口之家,否
B2706,男,银卡,地推活动,52,全职主妇,郑州,三口之家,否
B2707,男,银卡,外卖平台导流,34,互联网从业,南京,多口之家,否
B2708,女,普通,微信小程序,35,企业职员,苏州,二人世界,否
B2709,女,普通,社群裂变,40,其他,北京,二人世界,否
B2710,女,普通,线下扫码,34,全职主妇,西安,三口之家,否
B2711,男,普通,线下扫码,37,服务业,上海,单身青年,否
B2712,男,普通,微信小程序,25,企业职员,成都,单身青年,否
B2713,男,银卡,微信小程序,45,企业职员,北京,三口之家,否
B2714,女,银卡,App自然注册,40,企业职员,北京,单身青年,否
B2715,女,金卡,线下扫码,32,企业职员,深圳,单身青年,否
B2716,女,金卡,地推活动,46,学生,深圳,三口之家,否
B2717,女,普通,社群裂变,33,企业职员,青岛,银发族,否
B2718,男,银卡,线下扫码,41,其他,西安,三口之家,否
B2719,男,银卡,微信小程序,31,自由职业,上海,三口之家,否
B2720,女,银卡,社群裂变,51,全职主妇,上海,三口之家,否
B2721,女,普通,App自然注册,32,公务员,武汉,三口之家,否
B2722,男,普通,微信小程序,25,企业职员,广州,三口之家,否
B2723,男,普通,线下扫码,34,互联网从业,深圳,二人世界,否
B2724,男,金卡,微信小程序,37,自由职业,苏州,多口之家,否
B2725,女,银卡,外卖平台导流,38,学生,西安,多口之家,否
B2726,女,普通,微信小程序,32,企业职员,杭州,单身青年,否
B2727,女,普通,App自然注册,27,互联网从业,南京,多口之家,否
B2728,女,普通,微信小程序,39,企业职员,深圳,二人世界,否
B2729,男,银卡,社群裂变,41,公务员,武汉,多口之家,否
B2730,女,普通,微信小程序,40,其他,广州,三口之家,否
B2731,男,银卡,微信小程序,42,服务业,上海,银发族,否
B2732,女,普通,微信小程序,25,服务业,苏州,二人世界,否
B2733,男,普通,社群裂变,46,学生,北京,三口之家,否
B2734,男,普通,外卖平台导流,39,全职主妇,杭州,银发族,否
B2735,女,银卡,微信小程序,34,服务业,西安,多口之家,否
B2736,男,金卡,微信小程序,36,全职主妇,深圳,三口之家,是
B2737,女,普通,线下扫码,36,企业职员,天津,三口之家,否
B2738,男,普通,App自然注册,25,学生,武汉,单身青年,否
B2739,女,银卡,线下扫码,37,服务业,北京,二人世界,否
B2740,男,银卡,社群裂变,38,服务业,上海,多口之家,否
B2741,男,普通,微信小程序,45,学生,重庆,二人世界,否
B2742,男,普通,社群裂变,46,其他,广州,二人世界,否
B2743,女,普通,App自然注册,40,服务业,长沙,多口之家,否
B2744,女,普通,App自然注册,35,企业职员,广州,三口之家,否
B2745,男,普通,App自然注册,43,企业职员,深圳,单身青年,否
B2746,男,黑金,外卖平台导流,32,全职主妇,长沙,单身青年,是
B2747,女,普通,App自然注册,43,其他,上海,三口之家,否
B2748,男,普通,外卖平台导流,33,互联网从业,郑州,二人世界,否
B2749,男,金卡,微信小程序,36,企业职员,长沙,三口之家,是
B2750,男,银卡,线下扫码,42,互联网从业,北京,二人世界,否
B2751,男,普通,线下扫码,40,公务员,青岛,银发族,否
B2752,男,普通,微信小程序,37,互联网从业,郑州,三口之家,否
B2753,女,银卡,微信小程序,29,学生,上海,三口之家,否
B2754,男,普通,微信小程序,34,企业职员,苏州,二人世界,否
B2755,男,普通,微信小程序,52,互联网从业,苏州,银发族,否
B2756,女,金卡,微信小程序,47,其他,深圳,银发族,是
B2757,男,银卡,线下扫码,44,互联网从业,北京,三口之家,否
B2758,男,普通,App自然注册,31,企业职员,广州,三口之家,否
B2759,女,普通,微信小程序,34,企业职员,西安,单身青年,否
B2760,男,普通,微信小程序,45,互联网从业,重庆,多口之家,否
B2761,男,普通,线下扫码,30,企业职员,南京,单身青年,否
B2762,女,银卡,App自然注册,36,公务员,北京,三口之家,否
B2763,女,银卡,微信小程序,37,自由职业,南京,三口之家,否
B2764,男,普通,App自然注册,33,企业职员,苏州,二人世界,否
B2765,男,普通,App自然注册,47,互联网从业,苏州,二人世界,否
B2766,女,普通,线下扫码,49,学生,广州,多口之家,否
B2767,女,金卡,App自然注册,30,自由职业,上海,二人世界,是
B2768,男,银卡,线下扫码,41,服务业,南京,二人世界,否
B2769,男,普通,微信小程序,36,学生,其他,单身青年,否
B2770,男,普通,社群裂变,46,公务员,广州,银发族,否
B2771,女,金卡,App自然注册,32,互联网从业,西安,单身青年,是
B2772,女,金卡,App自然注册,39,服务业,杭州,单身青年,是
B2773,男,普通,线下扫码,41,服务业,深圳,单身青年,否
B2774,男,银卡,地推活动,43,公务员,南京,多口之家,否
B2775,女,普通,App自然注册,42,互联网从业,重庆,多口之家,否
B2776,男,普通,社群裂变,27,公务员,上海,三口之家,否
B2777,女,普通,线下扫码,25,服务业,成都,多口之家,否
B2778,男,普通,线下扫码,29,学生,郑州,多口之家,否
B2779,女,普通,线下扫码,41,全职主妇,南京,三口之家,否
B2780,男,普通,社群裂变,29,服务业,北京,单身青年,否
B2781,女,金卡,外卖平台导流,29,服务业,郑州,三口之家,否
B2782,女,普通,微信小程序,36,企业职员,杭州,多口之家,否
B2783,男,金卡,App自然注册,34,自由职业,青岛,二人世界,否
B2784,男,普通,微信小程序,25,服务业,深圳,三口之家,否
B2785,女,普通,外卖平台导流,42,互联网从业,南京,单身青年,否
B2786,女,金卡,微信小程序,41,企业职员,上海,三口之家,否
B2787,男,金卡,地推活动,31,企业职员,杭州,银发族,是
B2788,女,普通,微信小程序,49,企业职员,杭州,单身青年,否
B2789,男,普通,App自然注册,41,服务业,重庆,三口之家,否
B2790,男,金卡,线下扫码,33,企业职员,武汉,三口之家,否
B2791,女,普通,地推活动,36,企业职员,南京,银发族,否
B2792,男,金卡,社群裂变,35,互联网从业,成都,三口之家,是
B2793,女,普通,外卖平台导流,35,自由职业,武汉,单身青年,否
B2794,女,银卡,外卖平台导流,46,企业职员,重庆,三口之家,否
B2795,女,普通,微信小程序,35,互联网从业,北京,三口之家,否
B2796,男,普通,线下扫码,33,公务员,北京,多口之家,否
B2797,女,银卡,App自然注册,34,学生,长沙,二人世界,否
B2798,女,金卡,地推活动,34,企业职员,西安,单身青年,是
B2799,女,金卡,社群裂变,28,学生,长沙,多口之家,否
B2800,女,银卡,线下扫码,42,公务员,成都,二人世界,否
B2801,女,银卡,微信小程序,52,互联网从业,北京,多口之家,否
B2802,女,银卡,外卖平台导流,35,企业职员,武汉,三口之家,否
B2803,男,普通,外卖平台导流,44,自由职业,天津,三口之家,否
B2804,男,普通,微信小程序,44,企业职员,成都,三口之家,否
B2805,女,银卡,App自然注册,37,全职主妇,青岛,三口之家,否
B2806,女,普通,App自然注册,30,企业职员,广州,单身青年,否
B2807,男,普通,App自然注册,43,自由职业,上海,三口之家,否
B2808,女,普通,微信小程序,35,其他,上海,银发族,否
B2809,女,金卡,微信小程序,37,互联网从业,武汉,多口之家,是
B2810,男,金卡,线下扫码,38,互联网从业,广州,银发族,是
B2811,女,普通,App自然注册,51,全职主妇,西安,二人世界,否
B2812,女,银卡,App自然注册,48,其他,广州,多口之家,否
B2813,女,普通,App自然注册,49,全职主妇,南京,三口之家,否
B2814,男,普通,App自然注册,32,互联网从业,杭州,二人世界,否
B2815,女,金卡,外卖平台导流,32,企业职员,杭州,二人世界,是
B2816,男,普通,App自然注册,27,企业职员,杭州,单身青年,否
B2817,男,银卡,外卖平台导流,38,企业职员,青岛,二人世界,否
B2818,女,银卡,App自然注册,38,互联网从业,苏州,三口之家,否
B2819,女,普通,App自然注册,28,学生,天津,三口之家,否
B2820,男,普通,地推活动,31,学生,杭州,多口之家,否
B2821,女,普通,微信小程序,39,学生,上海,单身青年,否
B2822,男,普通,App自然注册,42,公务员,长沙,单身青年,否
B2823,男,银卡,社群裂变,34,服务业,西安,二人世界,否
B2824,女,银卡,微信小程序,38,学生,西安,三口之家,否
B2825,女,银卡,微信小程序,29,自由职业,杭州,单身青年,否
B2826,男,黑金,社群裂变,32,全职主妇,北京,三口之家,是
B2827,女,普通,线下扫码,30,公务员,北京,二人世界,否
B2828,男,黑金,外卖平台导流,39,企业职员,上海,三口之家,是
B2829,女,普通,App自然注册,34,服务业,杭州,三口之家,否
B2830,男,金卡,线下扫码,28,企业职员,青岛,三口之家,否
B2831,女,普通,线下扫码,25,企业职员,成都,三口之家,否
B2832,女,普通,地推活动,44,企业职员,其他,单身青年,否
B2833,男,普通,地推活动,31,学生,武汉,二人世界,否
B2834,女,黑金,微信小程序,47,全职主妇,西安,三口之家,是
B2835,女,银卡,微信小程序,34,企业职员,西安,三口之家,否
B2836,女,普通,微信小程序,38,互联网从业,深圳,三口之家,否
B2837,男,银卡,微信小程序,36,企业职员,武汉,三口之家,否
B2838,男,银卡,微信小程序,46,互联网从业,杭州,多口之家,否
B2839,男,普通,线下扫码,34,企业职员,上海,二人世界,否
B2840,女,银卡,微信小程序,44,企业职员,长沙,单身青年,否
B2841,女,银卡,App自然注册,42,全职主妇,上海,多口之家,否
B2842,女,金卡,微信小程序,31,企业职员,郑州,三口之家,否
B2843,男,普通,App自然注册,34,企业职员,北京,单身青年,否
B2844,女,银卡,App自然注册,52,企业职员,北京,三口之家,否
B2845,男,普通,线下扫码,38,自由职业,杭州,二人世界,否
B2846,女,普通,外卖平台导流,32,企业职员,上海,二人世界,否
B2847,男,普通,App自然注册,52,学生,北京,二人世界,否
B2848,女,银卡,微信小程序,33,企业职员,广州,三口之家,否
B2849,男,银卡,线下扫码,43,企业职员,西安,单身青年,否
B2850,男,金卡,外卖平台导流,38,企业职员,成都,三口之家,否
B2851,女,银卡,线下扫码,32,全职主妇,天津,二人世界,否
B2852,女,黑金,社群裂变,36,全职主妇,上海,二人世界,是
B2853,女,普通,社群裂变,35,全职主妇,成都,银发族,否
B2854,男,金卡,地推活动,36,自由职业,西安,三口之家,是
B2855,男,普通,App自然注册,33,互联网从业,其他,多口之家,否
B2856,女,普通,微信小程序,42,企业职员,深圳,二人世界,否
B2857,女,普通,微信小程序,46,全职主妇,天津,银发族,否
B2858,女,银卡,App自然注册,30,服务业,杭州,多口之家,否
B2859,男,银卡,线下扫码,40,企业职员,青岛,单身青年,否
B2860,女,普通,微信小程序,49,企业职员,西安,单身青年,否
B2861,男,银卡,地推活动,42,自由职业,北京,二人世界,否
B2862,男,金卡,微信小程序,33,企业职员,天津,三口之家,是
B2863,女,普通,线下扫码,36,企业职员,杭州,银发族,否
B2864,男,银卡,App自然注册,32,企业职员,杭州,银发族,否
B2865,女,普通,App自然注册,25,企业职员,其他,三口之家,否
B2866,男,银卡,微信小程序,52,全职主妇,青岛,多口之家,否
B2867,男,普通,线下扫码,34,公务员,苏州,二人世界,否
B2868,女,银卡,社群裂变,41,企业职员,西安,银发族,否
B2869,男,金卡,社群裂变,37,互联网从业,北京,三口之家,是
B2870,男,普通,微信小程序,47,公务员,北京,多口之家,否
B2871,女,普通,App自然注册,27,服务业,北京,二人世界,否
B2872,男,银卡,App自然注册,52,公务员,杭州,三口之家,否
B2873,男,金卡,App自然注册,33,企业职员,郑州,三口之家,否
B2874,女,普通,社群裂变,36,全职主妇,其他,三口之家,否
B2875,男,银卡,微信小程序,37,其他,成都,三口之家,否
B2876,女,银卡,外卖平台导流,34,全职主妇,其他,二人世界,否
B2877,女,金卡,外卖平台导流,46,服务业,上海,三口之家,是
B2878,女,普通,App自然注册,47,企业职员,上海,三口之家,否
B2879,男,黑金,线下扫码,25,企业职员,重庆,多口之家,是
B2880,男,普通,线下扫码,33,企业职员,苏州,单身青年,否
B2881,女,普通,线下扫码,47,其他,杭州,银发族,否
B2882,女,银卡,线下扫码,37,服务业,上海,多口之家,否
B2883,男,普通,外卖平台导流,34,学生,广州,多口之家,否
B2884,女,普通,微信小程序,34,互联网从业,北京,多口之家,否
B2885,女,银卡,微信小程序,29,全职主妇,郑州,二人世界,否
B2886,女,普通,微信小程序,31,企业职员,重庆,银发族,否
B2887,男,普通,社群裂变,26,互联网从业,北京,二人世界,否
B2888,男,普通,App自然注册,45,公务员,杭州,银发族,否
B2889,女,银卡,App自然注册,38,其他,重庆,三口之家,否
B2890,女,普通,微信小程序,41,公务员,天津,三口之家,否
B2891,女,银卡,外卖平台导流,35,互联网从业,上海,三口之家,否
B2892,男,银卡,微信小程序,39,服务业,北京,二人世界,否
B2893,女,银卡,线下扫码,37,其他,北京,单身青年,否
B2894,女,黑金,微信小程序,52,全职主妇,重庆,银发族,是
B2895,女,银卡,外卖平台导流,46,互联网从业,深圳,二人世界,否
B2896,女,普通,微信小程序,39,自由职业,南京,三口之家,否
B2897,男,普通,App自然注册,45,自由职业,其他,三口之家,否
B2898,男,金卡,微信小程序,30,服务业,武汉,银发族,是
B2899,女,银卡,线下扫码,42,企业职员,北京,二人世界,否
B2900,男,普通,社群裂变,40,企业职员,南京,单身青年,否
B2901,女,银卡,线下扫码,46,企业职员,上海,二人世界,否
B2902,女,普通,地推活动,27,互联网从业,深圳,三口之家,否
B2903,女,普通,微信小程序,35,其他,武汉,多口之家,否
B2904,男,普通,社群裂变,39,全职主妇,杭州,三口之家,否
B2905,女,普通,App自然注册,50,其他,其他,多口之家,否
B2906,女,银卡,微信小程序,35,其他,郑州,三口之家,否
B2907,女,银卡,外卖平台导流,40,学生,青岛,三口之家,否
B2908,女,银卡,外卖平台导流,52,互联网从业,杭州,多口之家,否
B2909,女,银卡,线下扫码,40,学生,成都,三口之家,否
B2910,女,普通,微信小程序,28,学生,长沙,单身青年,否
B2911,女,普通,线下扫码,39,企业职员,杭州,二人世界,否
B2912,女,金卡,线下扫码,46,企业职员,成都,单身青年,是
B2913,男,金卡,外卖平台导流,37,企业职员,上海,银发族,是
B2914,男,普通,地推活动,34,全职主妇,广州,银发族,否
B2915,男,普通,外卖平台导流,38,全职主妇,北京,单身青年,否
B2916,女,普通,线下扫码,47,服务业,西安,多口之家,否
B2917,男,普通,外卖平台导流,40,学生,上海,二人世界,否
B2918,女,普通,微信小程序,38,互联网从业,武汉,多口之家,否
B2919,女,普通,线下扫码,39,自由职业,天津,银发族,否
B2920,男,银卡,线下扫码,38,互联网从业,广州,三口之家,否
B2921,女,银卡,线下扫码,52,企业职员,上海,三口之家,否
B2922,女,普通,微信小程序,42,企业职员,苏州,单身青年,否
B2923,女,普通,App自然注册,26,企业职员,上海,单身青年,否
B2924,男,普通,微信小程序,36,全职主妇,南京,三口之家,否
B2925,女,银卡,微信小程序,45,自由职业,杭州,单身青年,否
B2926,男,金卡,外卖平台导流,46,互联网从业,武汉,二人世界,否
B2927,男,普通,App自然注册,39,企业职员,武汉,多口之家,否
B2928,男,银卡,微信小程序,45,企业职员,广州,单身青年,否
B2929,男,普通,线下扫码,25,服务业,成都,二人世界,否
B2930,女,银卡,微信小程序,45,自由职业,天津,多口之家,否
B2931,男,普通,微信小程序,50,其他,南京,单身青年,否
B2932,男,普通,微信小程序,38,全职主妇,长沙,三口之家,否
B2933,男,银卡,App自然注册,30,其他,重庆,单身青年,否
B2934,男,金卡,微信小程序,39,企业职员,其他,多口之家,是
B2935,男,普通,社群裂变,40,企业职员,成都,三口之家,否
B2936,男,银卡,微信小程序,39,全职主妇,苏州,多口之家,否
B2937,女,银卡,App自然注册,35,企业职员,北京,三口之家,否
B2938,女,黑金,线下扫码,42,企业职员,天津,二人世界,是
B2939,男,普通,线下扫码,33,学生,天津,银发族,否
B2940,女,普通,App自然注册,34,学生,杭州,银发族,否
B2941,女,银卡,微信小程序,34,互联网从业,广州,二人世界,否
B2942,女,黑金,线下扫码,26,互联网从业,广州,三口之家,是
B2943,女,黑金,线下扫码,36,全职主妇,重庆,多口之家,是
B2944,女,普通,App自然注册,40,自由职业,苏州,多口之家,否
B2945,男,普通,外卖平台导流,45,互联网从业,成都,单身青年,否
B2946,男,普通,微信小程序,44,学生,深圳,二人世界,否
B2947,女,银卡,社群裂变,39,公务员,深圳,三口之家,否
B2948,男,银卡,App自然注册,28,全职主妇,北京,二人世界,否
B2949,男,普通,外卖平台导流,29,学生,北京,单身青年,否
B2950,男,普通,社群裂变,36,自由职业,其他,二人世界,否
B2951,男,普通,微信小程序,50,服务业,重庆,多口之家,否
B2952,男,银卡,微信小程序,30,企业职员,北京,三口之家,否
B2953,男,普通,微信小程序,36,服务业,南京,二人世界,否
B2954,男,银卡,App自然注册,43,企业职员,天津,单身青年,否
B2955,女,普通,外卖平台导流,37,其他,苏州,多口之家,否
B2956,男,银卡,微信小程序,26,自由职业,西安,银发族,否
B2957,男,普通,线下扫码,28,服务业,北京,单身青年,否
B2958,女,普通,App自然注册,45,全职主妇,杭州,二人世界,否
B2959,女,普通,微信小程序,27,全职主妇,重庆,单身青年,否
B2960,女,普通,微信小程序,38,企业职员,成都,三口之家,否
B2961,女,普通,App自然注册,39,自由职业,成都,二人世界,否
B2962,女,普通,线下扫码,37,互联网从业,天津,二人世界,否
B2963,男,普通,微信小程序,45,其他,西安,二人世界,否
B2964,女,普通,微信小程序,52,自由职业,北京,三口之家,否
B2965,女,银卡,App自然注册,34,互联网从业,北京,单身青年,否
B2966,男,银卡,外卖平台导流,36,互联网从业,广州,银发族,否
B2967,女,银卡,线下扫码,31,全职主妇,重庆,三口之家,否
B2968,男,金卡,线下扫码,28,服务业,上海,二人世界,是
B2969,女,普通,地推活动,38,企业职员,青岛,三口之家,否
B2970,女,普通,线下扫码,34,企业职员,上海,三口之家,否
B2971,男,普通,外卖平台导流,40,其他,武汉,多口之家,否
B2972,男,普通,线下扫码,41,学生,成都,单身青年,否
B2973,女,普通,微信小程序,43,学生,北京,银发族,否
B2974,女,银卡,社群裂变,34,其他,其他,三口之家,否
B2975,男,金卡,App自然注册,44,服务业,长沙,多口之家,否
B2976,男,银卡,微信小程序,32,全职主妇,深圳,二人世界,否
B2977,女,银卡,线下扫码,41,互联网从业,郑州,银发族,否
B2978,女,银卡,App自然注册,50,全职主妇,长沙,多口之家,否
B2979,男,普通,App自然注册,41,服务业,深圳,二人世界,否
B2980,男,普通,微信小程序,46,企业职员,广州,银发族,否
B2981,女,普通,微信小程序,52,其他,深圳,三口之家,否
B2982,女,银卡,App自然注册,28,互联网从业,重庆,二人世界,否
B2983,男,普通,微信小程序,32,其他,其他,三口之家,否
B2984,男,普通,线下扫码,42,企业职员,武汉,单身青年,否
B2985,男,金卡,App自然注册,47,企业职员,上海,银发族,否
B2986,男,银卡,社群裂变,52,企业职员,广州,银发族,否
B2987,男,银卡,App自然注册,38,自由职业,北京,三口之家,否
B2988,男,普通,线下扫码,48,服务业,杭州,三口之家,否
B2989,女,银卡,线下扫码,34,企业职员,青岛,多口之家,否
B2990,女,普通,社群裂变,36,互联网从业,北京,三口之家,否
B2991,女,金卡,微信小程序,50,互联网从业,武汉,三口之家,否
B2992,男,银卡,线下扫码,33,服务业,西安,单身青年,否
B2993,男,普通,App自然注册,49,企业职员,杭州,银发族,否
B2994,女,银卡,线下扫码,52,公务员,重庆,三口之家,否
B2995,女,普通,线下扫码,30,学生,其他,三口之家,否
B2996,女,普通,App自然注册,33,企业职员,其他,单身青年,否
B2997,女,普通,外卖平台导流,47,全职主妇,上海,二人世界,否
B2998,女,普通,社群裂变,32,服务业,上海,单身青年,否
B2999,男,银卡,微信小程序,38,企业职员,北京,三口之家,否
B3000,女,普通,App自然注册,42,全职主妇,成都,三口之家,否
B3001,男,金卡,App自然注册,31,公务员,天津,银发族,是
B3002,男,普通,App自然注册,42,自由职业,成都,三口之家,否
B3003,女,普通,微信小程序,43,企业职员,苏州,单身青年,否
B3004,男,银卡,线下扫码,50,企业职员,武汉,多口之家,否
B3005,男,黑金,外卖平台导流,47,其他,上海,三口之家,是
B3006,女,金卡,线下扫码,50,服务业,深圳,二人世界,是
B3007,男,银卡,微信小程序,38,企业职员,南京,二人世界,否
B3008,男,黑金,微信小程序,32,学生,杭州,单身青年,是
B3009,女,普通,App自然注册,43,全职主妇,武汉,三口之家,否
B3010,男,普通,外卖平台导流,51,全职主妇,广州,三口之家,否
B3011,女,普通,线下扫码,34,企业职员,广州,银发族,否
B3012,男,金卡,微信小程序,38,全职主妇,杭州,二人世界,是
B3013,女,金卡,线下扫码,50,全职主妇,青岛,多口之家,是
B3014,女,普通,微信小程序,31,其他,武汉,三口之家,否
B3015,女,金卡,线下扫码,37,公务员,天津,单身青年,否
B3016,女,普通,App自然注册,33,服务业,上海,三口之家,否
B3017,女,普通,外卖平台导流,25,企业职员,南京,多口之家,否
B3018,男,银卡,App自然注册,43,互联网从业,深圳,单身青年,否
B3019,男,银卡,地推活动,41,企业职员,其他,二人世界,否
B3020,男,银卡,线下扫码,38,互联网从业,苏州,多口之家,否
B3021,男,普通,微信小程序,42,学生,长沙,三口之家,否
B3022,女,普通,微信小程序,26,全职主妇,南京,三口之家,否
B3023,女,银卡,外卖平台导流,38,服务业,成都,三口之家,否
B3024,女,普通,App自然注册,41,自由职业,青岛,多口之家,否
B3025,男,普通,App自然注册,28,自由职业,天津,单身青年,否
B3026,男,普通,线下扫码,40,企业职员,北京,多口之家,否
B3027,女,普通,App自然注册,38,全职主妇,深圳,单身青年,否
B3028,男,普通,外卖平台导流,34,服务业,成都,银发族,否
B3029,男,普通,外卖平台导流,41,自由职业,上海,三口之家,否
B3030,女,普通,线下扫码,48,企业职员,天津,三口之家,否
B3031,男,普通,线下扫码,26,服务业,北京,二人世界,否
B3032,女,普通,线下扫码,36,其他,苏州,单身青年,否
B3033,女,普通,线下扫码,45,企业职员,深圳,三口之家,否
B3034,男,普通,微信小程序,44,全职主妇,北京,单身青年,否
B3035,男,银卡,线下扫码,43,服务业,上海,单身青年,否
B3036,男,银卡,线下扫码,35,全职主妇,长沙,单身青年,否
B3037,男,普通,外卖平台导流,41,企业职员,苏州,多口之家,否
B3038,男,普通,线下扫码,36,互联网从业,青岛,银发族,否
B3039,女,普通,微信小程序,25,自由职业,其他,单身青年,否
B3040,女,普通,线下扫码,52,学生,其他,单身青年,否
B3041,女,银卡,社群裂变,36,互联网从业,广州,三口之家,否
B3042,男,金卡,线下扫码,35,全职主妇,青岛,三口之家,是
B3043,男,银卡,线下扫码,37,自由职业,武汉,银发族,否
B3044,男,银卡,微信小程序,31,企业职员,武汉,三口之家,否
B3045,女,普通,外卖平台导流,38,企业职员,广州,二人世界,否
B3046,女,金卡,社群裂变,45,全职主妇,苏州,三口之家,是
B3047,女,银卡,线下扫码,33,互联网从业,武汉,三口之家,否
B3048,女,黑金,微信小程序,52,自由职业,广州,多口之家,是
B3049,男,黑金,线下扫码,40,互联网从业,西安,多口之家,是
B3050,女,普通,社群裂变,40,全职主妇,北京,三口之家,否
B3051,女,普通,App自然注册,38,企业职员,南京,二人世界,否
B3052,男,黑金,App自然注册,33,全职主妇,南京,银发族,是
B3053,女,银卡,社群裂变,30,全职主妇,天津,二人世界,否
B3054,女,普通,社群裂变,32,自由职业,苏州,银发族,否
B3055,男,普通,微信小程序,41,自由职业,其他,三口之家,否
B3056,女,普通,微信小程序,34,企业职员,郑州,三口之家,否
B3057,女,普通,地推活动,46,全职主妇,苏州,三口之家,否
B3058,女,普通,App自然注册,25,企业职员,北京,多口之家,否
B3059,女,普通,线下扫码,49,企业职员,广州,三口之家,否
B3060,女,金卡,微信小程序,51,企业职员,苏州,三口之家,是
B3061,女,普通,微信小程序,33,其他,西安,三口之家,否
B3062,男,银卡,线下扫码,37,互联网从业,广州,三口之家,否
B3063,女,金卡,App自然注册,30,互联网从业,北京,银发族,否
B3064,男,普通,微信小程序,43,自由职业,上海,单身青年,否
B3065,男,银卡,微信小程序,33,互联网从业,南京,三口之家,否
B3066,男,普通,外卖平台导流,40,企业职员,深圳,多口之家,否
B3067,女,普通,微信小程序,34,公务员,重庆,多口之家,否
B3068,女,银卡,App自然注册,31,互联网从业,上海,银发族,否
B3069,女,银卡,社群裂变,52,自由职业,杭州,三口之家,否
B3070,女,金卡,微信小程序,32,企业职员,成都,单身青年,是
B3071,男,普通,社群裂变,41,公务员,南京,三口之家,否
B3072,女,普通,社群裂变,47,企业职员,深圳,单身青年,否
B3073,男,普通,线下扫码,34,企业职员,南京,二人世界,否
B3074,男,银卡,微信小程序,38,服务业,上海,多口之家,否
B3075,男,普通,微信小程序,32,互联网从业,天津,三口之家,否
B3076,男,普通,微信小程序,49,企业职员,广州,多口之家,否
B3077,女,普通,线下扫码,37,全职主妇,成都,三口之家,否
B3078,男,普通,App自然注册,39,其他,北京,单身青年,否
B3079,男,普通,微信小程序,45,企业职员,郑州,三口之家,否
B3080,女,普通,线下扫码,38,全职主妇,郑州,三口之家,否
B3081,男,银卡,微信小程序,34,其他,上海,单身青年,否
B3082,女,普通,微信小程序,46,互联网从业,长沙,银发族,否
B3083,女,普通,微信小程序,25,互联网从业,成都,单身青年,否
B3084,女,金卡,App自然注册,32,其他,武汉,二人世界,是
B3085,男,普通,App自然注册,33,企业职员,北京,二人世界,否
B3086,男,银卡,微信小程序,38,公务员,其他,二人世界,否
B3087,男,普通,微信小程序,42,企业职员,西安,二人世界,否
B3088,男,普通,微信小程序,36,企业职员,杭州,三口之家,否
B3089,男,普通,外卖平台导流,25,自由职业,苏州,三口之家,否
B3090,女,金卡,App自然注册,33,互联网从业,郑州,单身青年,是
B3091,男,银卡,外卖平台导流,39,全职主妇,深圳,银发族,否
B3092,女,普通,微信小程序,28,互联网从业,上海,单身青年,否
B3093,女,普通,微信小程序,33,企业职员,上海,二人世界,否
B3094,男,普通,微信小程序,44,服务业,北京,单身青年,否
B3095,女,金卡,微信小程序,38,企业职员,北京,二人世界,是
B3096,女,普通,社群裂变,52,服务业,深圳,三口之家,否
B3097,女,金卡,微信小程序,33,企业职员,杭州,三口之家,否
B3098,男,金卡,微信小程序,27,服务业,西安,单身青年,否
B3099,女,金卡,微信小程序,33,企业职员,深圳,单身青年,是
B3100,男,普通,微信小程序,37,全职主妇,重庆,二人世界,否
B3101,女,普通,微信小程序,37,互联网从业,其他,三口之家,否
B3102,男,普通,外卖平台导流,36,全职主妇,北京,单身青年,否
B3103,女,金卡,App自然注册,41,全职主妇,天津,多口之家,否
B3104,女,普通,微信小程序,40,服务业,广州,多口之家,否
B3105,男,普通,线下扫码,36,学生,成都,三口之家,否
B3106,男,普通,App自然注册,50,全职主妇,深圳,三口之家,否
B3107,男,普通,外卖平台导流,35,企业职员,广州,二人世界,否
B3108,男,金卡,微信小程序,39,自由职业,其他,单身青年,是
B3109,男,银卡,微信小程序,25,全职主妇,武汉,二人世界,否
B3110,男,银卡,社群裂变,37,企业职员,其他,三口之家,否
B3111,女,普通,App自然注册,28,全职主妇,深圳,单身青年,否
B3112,女,金卡,App自然注册,27,互联网从业,苏州,单身青年,是
B3113,男,银卡,外卖平台导流,35,企业职员,成都,单身青年,否
B3114,男,银卡,地推活动,25,自由职业,深圳,三口之家,否
B3115,女,黑金,线下扫码,41,服务业,苏州,三口之家,是
B3116,男,普通,微信小程序,42,全职主妇,长沙,单身青年,否
B3117,女,金卡,App自然注册,40,服务业,天津,单身青年,否
B3118,女,银卡,线下扫码,45,全职主妇,西安,银发族,否
B3119,女,银卡,App自然注册,42,服务业,长沙,单身青年,否
B3120,女,普通,App自然注册,39,互联网从业,重庆,三口之家,否
B3121,男,金卡,微信小程序,40,互联网从业,西安,三口之家,否
B3122,女,银卡,微信小程序,35,企业职员,重庆,三口之家,否
B3123,女,银卡,微信小程序,38,自由职业,重庆,三口之家,否
B3124,女,银卡,微信小程序,32,其他,北京,三口之家,否
B3125,女,普通,微信小程序,34,自由职业,上海,三口之家,否
B3126,男,普通,App自然注册,36,企业职员,苏州,单身青年,否
B3127,女,银卡,社群裂变,25,服务业,天津,三口之家,否
B3128,男,普通,社群裂变,45,学生,其他,单身青年,否
B3129,男,金卡,线下扫码,44,服务业,其他,二人世界,是
B3130,男,银卡,App自然注册,48,互联网从业,成都,三口之家,否
B3131,女,普通,微信小程序,41,企业职员,北京,单身青年,否
B3132,男,普通,微信小程序,35,其他,广州,单身青年,否
B3133,女,银卡,App自然注册,33,企业职员,其他,银发族,否
B3134,男,黑金,线下扫码,31,全职主妇,深圳,二人世界,是
B3135,女,金卡,地推活动,26,全职主妇,广州,单身青年,否
B3136,男,银卡,微信小程序,44,企业职员,上海,三口之家,否
B3137,女,黑金,微信小程序,44,企业职员,成都,单身青年,是
B3138,男,普通,App自然注册,26,自由职业,苏州,单身青年,否
B3139,男,金卡,线下扫码,31,其他,上海,三口之家,是
B3140,女,普通,外卖平台导流,36,学生,成都,二人世界,否
B3141,男,金卡,地推活动,40,学生,青岛,二人世界,是
B3142,女,普通,微信小程序,33,其他,广州,三口之家,否
B3143,女,金卡,微信小程序,33,企业职员,北京,单身青年,是
B3144,女,金卡,社群裂变,35,学生,武汉,多口之家,是
B3145,女,金卡,线下扫码,41,全职主妇,重庆,单身青年,是
B3146,女,普通,微信小程序,40,企业职员,西安,单身青年,否
B3147,女,银卡,微信小程序,32,其他,天津,二人世界,否
B3148,男,金卡,App自然注册,41,企业职员,北京,三口之家,否
B3149,女,银卡,外卖平台导流,38,公务员,杭州,单身青年,否
B3150,女,银卡,线下扫码,34,企业职员,重庆,多口之家,否
B3151,男,银卡,微信小程序,36,公务员,上海,多口之家,否
B3152,女,普通,App自然注册,37,企业职员,成都,三口之家,否
B3153,女,黑金,App自然注册,36,企业职员,重庆,三口之家,是
B3154,男,普通,微信小程序,39,企业职员,深圳,三口之家,否
B3155,男,银卡,微信小程序,36,全职主妇,其他,单身青年,否
B3156,女,黑金,App自然注册,43,全职主妇,广州,单身青年,是
B3157,女,普通,微信小程序,40,互联网从业,其他,二人世界,否
B3158,男,普通,微信小程序,37,企业职员,苏州,三口之家,否
B3159,女,普通,微信小程序,36,企业职员,广州,单身青年,否
B3160,男,普通,外卖平台导流,41,公务员,郑州,单身青年,否
B3161,男,普通,社群裂变,33,其他,南京,三口之家,否
B3162,女,普通,App自然注册,36,互联网从业,武汉,多口之家,否
B3163,男,金卡,微信小程序,45,企业职员,广州,二人世界,是
B3164,男,银卡,App自然注册,42,互联网从业,天津,三口之家,否
B3165,女,普通,App自然注册,40,学生,重庆,二人世界,否
B3166,女,银卡,App自然注册,47,其他,其他,三口之家,否
B3167,男,普通,微信小程序,32,其他,其他,银发族,否
B3168,女,普通,微信小程序,39,全职主妇,广州,多口之家,否
B3169,女,银卡,线下扫码,43,全职主妇,重庆,单身青年,否
B3170,女,普通,微信小程序,27,服务业,北京,三口之家,否
B3171,女,普通,App自然注册,39,互联网从业,成都,三口之家,否
B3172,男,银卡,线下扫码,36,其他,其他,二人世界,否
B3173,女,银卡,App自然注册,45,企业职员,广州,三口之家,否
B3174,男,金卡,外卖平台导流,47,服务业,武汉,单身青年,是
B3175,女,普通,外卖平台导流,35,互联网从业,深圳,银发族,否
B3176,男,金卡,App自然注册,41,企业职员,长沙,三口之家,否
B3177,女,银卡,App自然注册,39,全职主妇,其他,二人世界,否
B3178,男,银卡,微信小程序,43,互联网从业,成都,三口之家,否
B3179,男,银卡,App自然注册,50,全职主妇,成都,三口之家,否
B3180,男,银卡,线下扫码,40,互联网从业,长沙,二人世界,否
B3181,女,银卡,外卖平台导流,45,互联网从业,郑州,银发族,否
B3182,女,普通,App自然注册,33,互联网从业,长沙,三口之家,否
B3183,男,普通,微信小程序,44,学生,上海,三口之家,否
B3184,女,金卡,社群裂变,32,互联网从业,重庆,多口之家,否
B3185,女,普通,App自然注册,38,全职主妇,青岛,三口之家,否
B3186,男,普通,App自然注册,37,服务业,上海,三口之家,否
B3187,女,普通,外卖平台导流,38,全职主妇,深圳,多口之家,否
B3188,男,银卡,微信小程序,37,全职主妇,成都,银发族,否
B3189,女,普通,App自然注册,39,自由职业,上海,单身青年,否
B3190,男,普通,微信小程序,43,服务业,长沙,单身青年,否
B3191,男,普通,微信小程序,36,互联网从业,深圳,三口之家,否
B3192,女,普通,线下扫码,29,互联网从业,上海,三口之家,否
B3193,女,金卡,App自然注册,38,其他,上海,银发族,否
B3194,女,银卡,外卖平台导流,35,企业职员,北京,三口之家,否
B3195,男,金卡,App自然注册,41,服务业,深圳,银发族,是
B3196,男,黑金,App自然注册,39,互联网从业,成都,二人世界,是
B3197,女,银卡,微信小程序,30,互联网从业,天津,多口之家,否
B3198,男,黑金,App自然注册,30,学生,西安,单身青年,是
B3199,女,普通,App自然注册,43,企业职员,郑州,二人世界,否
B3200,女,银卡,微信小程序,25,企业职员,上海,单身青年,否
B3201,女,银卡,线下扫码,35,企业职员,深圳,多口之家,否
B3202,女,普通,线下扫码,40,互联网从业,西安,二人世界,否
B3203,女,银卡,线下扫码,42,学生,其他,三口之家,否
B3204,男,银卡,线下扫码,43,企业职员,上海,单身青年,否
B3205,男,普通,线下扫码,46,企业职员,上海,单身青年,否
B3206,男,普通,App自然注册,25,全职主妇,苏州,三口之家,否
B3207,男,黑金,社群裂变,33,其他,成都,银发族,是
B3208,女,银卡,社群裂变,40,公务员,苏州,三口之家,否
B3209,男,普通,线下扫码,38,其他,北京,二人世界,否
B3210,男,银卡,App自然注册,52,学生,重庆,单身青年,否
B3211,男,银卡,外卖平台导流,43,企业职员,深圳,银发族,否
B3212,女,黑金,外卖平台导流,36,互联网从业,南京,三口之家,是
B3213,女,普通,外卖平台导流,36,全职主妇,杭州,银发族,否
B3214,女,银卡,微信小程序,27,企业职员,郑州,三口之家,否
B3215,女,普通,App自然注册,41,其他,上海,单身青年,否
B3216,女,银卡,App自然注册,39,服务业,青岛,单身青年,否
B3217,男,普通,微信小程序,25,企业职员,其他,单身青年,否
B3218,男,普通,微信小程序,38,公务员,其他,单身青年,否
B3219,男,普通,社群裂变,34,服务业,天津,三口之家,否
B3220,女,普通,App自然注册,43,公务员,上海,单身青年,否
B3221,男,金卡,App自然注册,30,企业职员,广州,三口之家,是
B3222,女,普通,微信小程序,38,其他,北京,二人世界,否
B3223,女,银卡,外卖平台导流,44,全职主妇,其他,银发族,否
B3224,男,普通,App自然注册,35,学生,深圳,多口之家,否
B3225,女,普通,微信小程序,43,全职主妇,天津,银发族,否
B3226,女,普通,线下扫码,50,其他,上海,三口之家,否
B3227,男,普通,App自然注册,50,其他,长沙,多口之家,否
B3228,女,金卡,外卖平台导流,36,全职主妇,上海,单身青年,否
B3229,男,银卡,外卖平台导流,26,全职主妇,天津,三口之家,否
B3230,男,普通,外卖平台导流,37,全职主妇,郑州,三口之家,否
B3231,男,普通,微信小程序,36,互联网从业,其他,单身青年,否
B3232,男,普通,外卖平台导流,34,企业职员,北京,二人世界,否
B3233,女,黑金,外卖平台导流,33,全职主妇,北京,三口之家,是
B3234,男,普通,社群裂变,49,企业职员,深圳,多口之家,否
B3235,男,普通,微信小程序,42,企业职员,苏州,三口之家,否
B3236,男,金卡,线下扫码,40,全职主妇,上海,二人世界,否
B3237,男,普通,微信小程序,47,服务业,青岛,三口之家,否
B3238,男,普通,App自然注册,30,全职主妇,长沙,三口之家,否
B3239,女,普通,线下扫码,34,互联网从业,长沙,三口之家,否
B3240,男,银卡,微信小程序,48,学生,南京,单身青年,否
B3241,女,银卡,微信小程序,31,企业职员,深圳,三口之家,否
B3242,女,银卡,社群裂变,35,全职主妇,北京,三口之家,否
B3243,男,普通,线下扫码,49,企业职员,北京,单身青年,否
B3244,男,黑金,地推活动,52,企业职员,深圳,三口之家,是
B3245,女,金卡,线下扫码,52,全职主妇,北京,二人世界,是
B3246,男,普通,微信小程序,25,全职主妇,成都,单身青年,否
B3247,男,银卡,外卖平台导流,42,互联网从业,成都,三口之家,否
B3248,女,银卡,社群裂变,35,公务员,西安,三口之家,否
B3249,男,普通,微信小程序,45,企业职员,广州,单身青年,否
B3250,男,金卡,线下扫码,36,其他,北京,二人世界,是
B3251,女,银卡,外卖平台导流,43,其他,杭州,二人世界,否
B3252,女,银卡,社群裂变,38,其他,上海,银发族,否
B3253,女,普通,线下扫码,45,企业职员,杭州,单身青年,否
B3254,女,普通,微信小程序,36,其他,南京,银发族,否
B3255,女,黑金,地推活动,47,其他,青岛,二人世界,是
B3256,女,普通,社群裂变,36,企业职员,广州,三口之家,否
B3257,男,普通,微信小程序,33,学生,杭州,单身青年,否
B3258,男,黑金,地推活动,45,企业职员,深圳,三口之家,是
B3259,女,普通,微信小程序,40,互联网从业,杭州,三口之家,否
B3260,男,普通,线下扫码,36,全职主妇,天津,三口之家,否
B3261,女,银卡,线下扫码,39,公务员,其他,三口之家,否
B3262,男,普通,线下扫码,39,企业职员,上海,单身青年,否
B3263,女,金卡,外卖平台导流,37,服务业,武汉,二人世界,是
B3264,男,银卡,App自然注册,38,服务业,郑州,三口之家,否
B3265,女,普通,社群裂变,43,互联网从业,重庆,单身青年,否
B3266,女,金卡,外卖平台导流,52,学生,其他,多口之家,是
B3267,男,银卡,App自然注册,37,企业职员,北京,银发族,否
B3268,女,普通,微信小程序,44,自由职业,重庆,三口之家,否
B3269,男,银卡,App自然注册,27,企业职员,广州,银发族,否
B3270,女,普通,微信小程序,48,自由职业,南京,三口之家,否
B3271,男,银卡,App自然注册,42,企业职员,长沙,单身青年,否
B3272,女,普通,App自然注册,44,全职主妇,上海,二人世界,否
B3273,男,普通,外卖平台导流,36,其他,杭州,三口之家,否
B3274,女,银卡,App自然注册,41,企业职员,北京,三口之家,否
B3275,女,银卡,App自然注册,40,企业职员,其他,多口之家,否
B3276,女,普通,微信小程序,37,企业职员,广州,三口之家,否
B3277,女,银卡,线下扫码,28,全职主妇,上海,银发族,否
B3278,女,普通,App自然注册,43,其他,武汉,单身青年,否
B3279,男,普通,App自然注册,46,自由职业,武汉,三口之家,否
B3280,男,普通,社群裂变,43,服务业,广州,单身青年,否
B3281,男,银卡,社群裂变,42,互联网从业,青岛,三口之家,否
B3282,男,银卡,外卖平台导流,33,企业职员,其他,单身青年,否
B3283,男,银卡,线下扫码,35,互联网从业,青岛,单身青年,否
B3284,女,普通,微信小程序,28,其他,深圳,三口之家,否
B3285,女,普通,App自然注册,35,自由职业,北京,三口之家,否
B3286,男,普通,App自然注册,33,服务业,郑州,多口之家,否
B3287,女,普通,线下扫码,27,自由职业,长沙,银发族,否
B3288,男,普通,微信小程序,35,企业职员,成都,三口之家,否
B3289,男,普通,外卖平台导流,36,互联网从业,北京,二人世界,否
B3290,女,普通,App自然注册,39,互联网从业,上海,三口之家,否
B3291,男,银卡,微信小程序,29,学生,南京,单身青年,否
B3292,女,银卡,App自然注册,34,企业职员,长沙,多口之家,否
B3293,男,普通,微信小程序,28,企业职员,重庆,三口之家,否
B3294,女,普通,微信小程序,40,企业职员,上海,单身青年,否
B3295,女,普通,线下扫码,52,企业职员,深圳,三口之家,否
B3296,女,普通,微信小程序,32,企业职员,其他,三口之家,否
B3297,男,普通,外卖平台导流,39,全职主妇,深圳,三口之家,否
B3298,女,普通,地推活动,48,自由职业,深圳,三口之家,否
B3299,女,普通,外卖平台导流,29,自由职业,北京,单身青年,否
B3300,男,普通,微信小程序,39,自由职业,南京,二人世界,否
B3301,女,普通,微信小程序,41,学生,北京,三口之家,否
B3302,女,银卡,线下扫码,45,互联网从业,西安,单身青年,否
B3303,女,普通,社群裂变,30,其他,北京,二人世界,否
B3304,男,普通,App自然注册,27,服务业,武汉,二人世界,否
B3305,女,黑金,微信小程序,35,企业职员,广州,三口之家,是
B3306,男,普通,微信小程序,38,企业职员,深圳,三口之家,否
B3307,女,银卡,线下扫码,34,服务业,其他,二人世界,否
B3308,女,普通,线下扫码,25,全职主妇,其他,二人世界,否
B3309,男,金卡,线下扫码,50,服务业,上海,银发族,是
B3310,男,银卡,App自然注册,39,企业职员,上海,多口之家,否
B3311,男,普通,地推活动,39,全职主妇,苏州,多口之家,否
B3312,女,银卡,App自然注册,44,互联网从业,杭州,三口之家,否
B3313,女,普通,微信小程序,37,企业职员,上海,三口之家,否
B3314,男,普通,社群裂变,36,全职主妇,北京,三口之家,否
B3315,男,普通,线下扫码,44,全职主妇,深圳,三口之家,否
B3316,女,银卡,App自然注册,40,互联网从业,成都,二人世界,否
B3317,男,普通,线下扫码,25,企业职员,南京,单身青年,否
B3318,女,银卡,社群裂变,52,互联网从业,杭州,多口之家,否
B3319,男,银卡,线下扫码,35,服务业,北京,三口之家,否
B3320,女,黑金,微信小程序,34,企业职员,其他,三口之家,是
B3321,女,银卡,地推活动,36,企业职员,杭州,单身青年,否
B3322,男,普通,外卖平台导流,44,企业职员,成都,三口之家,否
B3323,男,普通,App自然注册,39,公务员,武汉,三口之家,否
B3324,男,金卡,微信小程序,41,互联网从业,重庆,单身青年,否
B3325,女,普通,线下扫码,41,其他,成都,单身青年,否
B3326,男,普通,微信小程序,40,企业职员,其他,三口之家,否
B3327,男,银卡,社群裂变,40,全职主妇,深圳,二人世界,否
B3328,男,普通,线下扫码,41,公务员,北京,多口之家,否
B3329,女,普通,线下扫码,36,学生,北京,三口之家,否
B3330,女,普通,社群裂变,39,其他,武汉,多口之家,否
B3331,男,普通,微信小程序,38,企业职员,长沙,多口之家,否
B3332,男,普通,地推活动,36,互联网从业,广州,多口之家,否
B3333,男,银卡,微信小程序,29,企业职员,成都,多口之家,否
B3334,女,普通,App自然注册,45,企业职员,杭州,三口之家,否
B3335,女,黑金,微信小程序,40,互联网从业,北京,二人世界,是
B3336,男,普通,微信小程序,38,学生,广州,二人世界,否
B3337,男,银卡,外卖平台导流,28,企业职员,重庆,三口之家,否
B3338,女,银卡,微信小程序,40,其他,成都,二人世界,否
B3339,女,普通,外卖平台导流,44,服务业,北京,三口之家,否
B3340,女,银卡,外卖平台导流,39,其他,西安,多口之家,否
B3341,男,普通,线下扫码,36,企业职员,广州,多口之家,否
B3342,女,黑金,App自然注册,28,企业职员,南京,三口之家,是
B3343,女,金卡,App自然注册,31,互联网从业,上海,二人世界,是
B3344,男,黑金,外卖平台导流,40,自由职业,其他,多口之家,是
B3345,男,普通,App自然注册,36,互联网从业,深圳,单身青年,否
B3346,女,银卡,微信小程序,48,自由职业,北京,单身青年,否
B3347,男,银卡,微信小程序,38,互联网从业,成都,二人世界,否
B3348,女,金卡,微信小程序,42,公务员,北京,单身青年,是
B3349,女,普通,微信小程序,37,服务业,成都,银发族,否
B3350,男,普通,社群裂变,39,企业职员,南京,银发族,否
B3351,男,黑金,微信小程序,36,公务员,成都,三口之家,是
B3352,女,普通,外卖平台导流,46,企业职员,武汉,多口之家,否
B3353,女,普通,线下扫码,39,全职主妇,其他,单身青年,否
B3354,女,银卡,线下扫码,36,自由职业,上海,银发族,否
B3355,男,普通,App自然注册,33,互联网从业,天津,单身青年,否
B3356,女,普通,外卖平台导流,35,全职主妇,其他,多口之家,否
B3357,女,普通,地推活动,33,服务业,西安,三口之家,否
B3358,女,普通,线下扫码,34,企业职员,天津,二人世界,否
B3359,女,普通,线下扫码,28,企业职员,深圳,单身青年,否
B3360,女,普通,App自然注册,38,互联网从业,广州,三口之家,否
B3361,女,普通,外卖平台导流,37,服务业,苏州,银发族,否
B3362,女,银卡,外卖平台导流,49,互联网从业,长沙,银发族,否
B3363,女,普通,线下扫码,37,企业职员,广州,多口之家,否
B3364,男,银卡,微信小程序,38,互联网从业,深圳,单身青年,否
B3365,女,普通,社群裂变,26,全职主妇,苏州,三口之家,否
B3366,男,普通,外卖平台导流,42,自由职业,武汉,二人世界,否
B3367,男,黑金,微信小程序,36,其他,长沙,多口之家,是
B3368,女,银卡,微信小程序,40,企业职员,长沙,二人世界,否
B3369,女,普通,社群裂变,52,自由职业,郑州,二人世界,否
B3370,男,金卡,线下扫码,32,企业职员,武汉,三口之家,是
B3371,女,银卡,App自然注册,52,企业职员,上海,二人世界,否
B3372,女,普通,App自然注册,46,全职主妇,苏州,单身青年,否
B3373,男,银卡,App自然注册,35,企业职员,天津,单身青年,否
B3374,女,银卡,App自然注册,46,服务业,广州,单身青年,否
B3375,女,普通,外卖平台导流,38,全职主妇,西安,二人世界,否
B3376,女,普通,微信小程序,27,服务业,其他,单身青年,否
B3377,男,银卡,App自然注册,47,其他,西安,三口之家,否
B3378,女,普通,微信小程序,51,公务员,上海,三口之家,否
B3379,男,普通,线下扫码,42,互联网从业,其他,二人世界,否
B3380,男,普通,App自然注册,38,企业职员,郑州,银发族,否
B3381,男,黑金,App自然注册,37,互联网从业,其他,二人世界,是
B3382,男,银卡,线下扫码,47,互联网从业,南京,多口之家,否
B3383,女,银卡,App自然注册,31,互联网从业,上海,单身青年,否
B3384,女,银卡,外卖平台导流,48,自由职业,重庆,银发族,否
B3385,男,银卡,微信小程序,44,互联网从业,北京,三口之家,否
B3386,男,普通,微信小程序,37,企业职员,青岛,多口之家,否
B3387,男,银卡,线下扫码,37,服务业,北京,三口之家,否
B3388,男,银卡,App自然注册,38,自由职业,武汉,三口之家,否
B3389,女,银卡,App自然注册,36,互联网从业,成都,单身青年,否
B3390,女,金卡,App自然注册,41,服务业,深圳,三口之家,是
B3391,男,普通,外卖平台导流,44,服务业,重庆,多口之家,否
B3392,男,普通,线下扫码,35,全职主妇,武汉,三口之家,否
B3393,女,银卡,App自然注册,43,服务业,北京,多口之家,否
B3394,女,金卡,微信小程序,42,互联网从业,北京,三口之家,否
B3395,男,金卡,微信小程序,36,其他,上海,三口之家,否
B3396,男,普通,微信小程序,34,自由职业,重庆,多口之家,否
B3397,女,金卡,线下扫码,35,互联网从业,深圳,银发族,否
B3398,男,普通,App自然注册,39,学生,长沙,三口之家,否
B3399,男,普通,微信小程序,39,企业职员,其他,单身青年,否
B3400,女,普通,社群裂变,30,全职主妇,深圳,二人世界,否
B3401,女,黑金,App自然注册,35,全职主妇,上海,三口之家,是
B3402,女,普通,微信小程序,36,全职主妇,其他,单身青年,否
B3403,女,银卡,微信小程序,37,企业职员,北京,三口之家,否
B3404,女,普通,线下扫码,35,全职主妇,深圳,三口之家,否
B3405,男,普通,微信小程序,43,企业职员,深圳,三口之家,否
B3406,女,银卡,App自然注册,43,公务员,杭州,二人世界,否
B3407,男,普通,微信小程序,39,自由职业,郑州,三口之家,否
B3408,女,普通,微信小程序,44,全职主妇,成都,多口之家,否
B3409,男,普通,线下扫码,32,公务员,北京,二人世界,否
B3410,女,普通,App自然注册,26,互联网从业,北京,单身青年,否
B3411,男,银卡,线下扫码,47,学生,广州,单身青年,否
B3412,女,黑金,微信小程序,45,自由职业,北京,单身青年,是
B3413,女,金卡,微信小程序,47,企业职员,西安,三口之家,否
B3414,男,银卡,微信小程序,30,企业职员,广州,三口之家,否
B3415,女,普通,App自然注册,36,全职主妇,其他,三口之家,否
B3416,男,普通,外卖平台导流,40,互联网从业,北京,银发族,否
B3417,男,黑金,App自然注册,25,公务员,深圳,银发族,是
B3418,女,金卡,线下扫码,35,全职主妇,成都,三口之家,是
B3419,女,银卡,地推活动,32,自由职业,苏州,银发族,否
B3420,女,银卡,App自然注册,43,全职主妇,重庆,二人世界,否
B3421,男,普通,线下扫码,32,全职主妇,其他,银发族,否
B3422,男,金卡,社群裂变,39,企业职员,北京,单身青年,是
B3423,男,金卡,社群裂变,52,互联网从业,其他,单身青年,是
B3424,男,普通,微信小程序,31,学生,上海,三口之家,否
B3425,女,普通,App自然注册,31,企业职员,天津,多口之家,否
B3426,女,银卡,App自然注册,29,全职主妇,广州,三口之家,否
B3427,女,银卡,线下扫码,41,企业职员,其他,单身青年,否
B3428,女,普通,App自然注册,34,其他,其他,三口之家,否
B3429,女,普通,App自然注册,35,其他,杭州,单身青年,否
B3430,男,普通,外卖平台导流,34,互联网从业,深圳,三口之家,否
B3431,男,金卡,微信小程序,29,企业职员,天津,三口之家,是
B3432,女,普通,微信小程序,29,其他,北京,多口之家,否
B3433,女,普通,线下扫码,52,互联网从业,北京,多口之家,否
B3434,男,银卡,社群裂变,38,企业职员,重庆,多口之家,否
B3435,男,银卡,App自然注册,37,企业职员,武汉,单身青年,否
B3436,男,金卡,外卖平台导流,42,互联网从业,其他,二人世界,是
B3437,女,普通,微信小程序,31,公务员,成都,单身青年,否
B3438,女,普通,线下扫码,33,自由职业,成都,三口之家,否
B3439,男,银卡,线下扫码,49,互联网从业,上海,多口之家,否
B3440,男,银卡,外卖平台导流,32,互联网从业,深圳,多口之家,否
B3441,男,普通,App自然注册,40,服务业,其他,银发族,否
B3442,男,普通,线下扫码,37,公务员,武汉,多口之家,否
B3443,男,普通,线下扫码,25,全职主妇,杭州,三口之家,否
B3444,女,黑金,微信小程序,46,其他,深圳,二人世界,是
B3445,女,普通,微信小程序,44,企业职员,广州,三口之家,否
B3446,男,普通,微信小程序,37,企业职员,西安,二人世界,否
B3447,男,金卡,微信小程序,41,服务业,上海,单身青年,否
B3448,男,普通,线下扫码,34,企业职员,上海,三口之家,否
B3449,男,银卡,社群裂变,38,公务员,深圳,单身青年,否
B3450,女,银卡,微信小程序,34,企业职员,苏州,三口之家,否
B3451,女,普通,微信小程序,42,企业职员,西安,二人世界,否
B3452,女,银卡,外卖平台导流,29,企业职员,武汉,三口之家,否
B3453,女,黑金,线下扫码,30,互联网从业,天津,三口之家,是
B3454,女,金卡,App自然注册,43,全职主妇,北京,多口之家,是
B3455,女,银卡,地推活动,30,自由职业,苏州,多口之家,否
B3456,男,普通,App自然注册,31,服务业,长沙,三口之家,否
B3457,男,黑金,线下扫码,37,自由职业,西安,三口之家,是
B3458,女,金卡,线下扫码,40,企业职员,杭州,三口之家,是
B3459,男,银卡,线下扫码,40,互联网从业,深圳,三口之家,否
B3460,女,银卡,外卖平台导流,38,服务业,深圳,多口之家,否
B3461,男,金卡,App自然注册,25,学生,西安,三口之家,是
B3462,女,普通,App自然注册,52,服务业,北京,单身青年,否
B3463,男,普通,外卖平台导流,25,企业职员,苏州,单身青年,否
B3464,女,普通,外卖平台导流,32,服务业,深圳,三口之家,否
B3465,女,银卡,微信小程序,41,企业职员,广州,多口之家,否
B3466,男,普通,App自然注册,43,企业职员,西安,单身青年,否
B3467,女,银卡,微信小程序,47,服务业,北京,银发族,否
B3468,女,银卡,微信小程序,42,公务员,天津,多口之家,否
B3469,男,银卡,App自然注册,34,学生,青岛,三口之家,否
B3470,男,银卡,微信小程序,40,企业职员,北京,银发族,否
B3471,男,普通,微信小程序,48,企业职员,北京,单身青年,否
B3472,男,普通,App自然注册,35,全职主妇,天津,多口之家,否
B3473,男,银卡,线下扫码,41,其他,武汉,二人世界,否
B3474,男,普通,外卖平台导流,34,其他,西安,三口之家,否
B3475,女,银卡,社群裂变,40,全职主妇,苏州,三口之家,否
B3476,女,普通,外卖平台导流,46,全职主妇,其他,多口之家,否
B3477,女,金卡,外卖平台导流,49,企业职员,北京,三口之家,是
B3478,女,银卡,微信小程序,41,其他,武汉,三口之家,否
B3479,女,普通,App自然注册,29,全职主妇,北京,多口之家,否
B3480,女,普通,线下扫码,39,学生,广州,三口之家,否
B3481,女,金卡,微信小程序,28,公务员,西安,单身青年,是
B3482,女,普通,线下扫码,37,企业职员,上海,三口之家,否
B3483,女,银卡,线下扫码,30,服务业,广州,多口之家,否
B3484,女,普通,App自然注册,44,其他,深圳,多口之家,否
B3485,男,普通,App自然注册,25,企业职员,苏州,三口之家,否
B3486,男,普通,微信小程序,47,企业职员,长沙,银发族,否
B3487,女,普通,线下扫码,36,自由职业,天津,单身青年,否
B3488,男,普通,线下扫码,25,企业职员,深圳,单身青年,否
B3489,男,银卡,社群裂变,38,公务员,郑州,单身青年,否
B3490,女,普通,微信小程序,47,全职主妇,上海,银发族,否
B3491,男,普通,社群裂变,46,企业职员,杭州,单身青年,否
B3492,女,银卡,微信小程序,37,互联网从业,武汉,三口之家,否
B3493,男,黑金,微信小程序,38,互联网从业,郑州,银发族,是
B3494,女,银卡,App自然注册,40,学生,苏州,单身青年,否
B3495,女,金卡,App自然注册,52,企业职员,重庆,多口之家,否
B3496,女,普通,App自然注册,36,自由职业,北京,多口之家,否
B3497,女,普通,社群裂变,40,全职主妇,郑州,单身青年,否
B3498,男,银卡,微信小程序,31,其他,深圳,二人世界,否
B3499,女,普通,App自然注册,34,企业职员,北京,三口之家,否
B3500,女,普通,线下扫码,44,全职主妇,其他,二人世界,否
B3501,女,金卡,线下扫码,25,服务业,上海,单身青年,否
B3502,女,金卡,App自然注册,46,企业职员,北京,三口之家,否
B3503,女,普通,App自然注册,38,服务业,杭州,二人世界,否
B3504,女,普通,App自然注册,44,全职主妇,武汉,三口之家,否
B3505,男,银卡,地推活动,37,服务业,杭州,单身青年,否
B3506,男,银卡,线下扫码,49,自由职业,重庆,二人世界,否
B3507,男,黑金,微信小程序,44,互联网从业,天津,单身青年,是
B3508,女,金卡,微信小程序,30,服务业,杭州,单身青年,否
B3509,男,普通,微信小程序,39,公务员,青岛,三口之家,否
B3510,男,银卡,社群裂变,44,自由职业,其他,二人世界,否
B3511,男,普通,线下扫码,48,企业职员,深圳,三口之家,否
B3512,女,普通,App自然注册,40,企业职员,深圳,三口之家,否
B3513,女,普通,线下扫码,30,其他,上海,三口之家,否
B3514,女,普通,微信小程序,35,企业职员,重庆,二人世界,否
B3515,男,银卡,外卖平台导流,43,公务员,广州,多口之家,否
B3516,女,普通,微信小程序,45,互联网从业,成都,二人世界,否
B3517,女,金卡,微信小程序,34,全职主妇,郑州,三口之家,是
B3518,女,普通,App自然注册,29,企业职员,苏州,单身青年,否
B3519,男,普通,微信小程序,36,学生,广州,二人世界,否
B3520,男,普通,微信小程序,45,自由职业,上海,三口之家,否
B3521,女,金卡,线下扫码,41,服务业,成都,三口之家,否
B3522,女,银卡,微信小程序,42,其他,杭州,三口之家,否
B3523,女,普通,App自然注册,30,互联网从业,武汉,银发族,否
B3524,女,银卡,外卖平台导流,44,企业职员,青岛,三口之家,否
B3525,女,普通,微信小程序,31,全职主妇,重庆,三口之家,否
B3526,男,普通,微信小程序,41,全职主妇,深圳,二人世界,否
B3527,女,普通,线下扫码,40,全职主妇,成都,单身青年,否
B3528,女,金卡,微信小程序,41,全职主妇,北京,三口之家,是
B3529,女,普通,社群裂变,40,企业职员,长沙,三口之家,否
B3530,女,普通,App自然注册,34,自由职业,上海,多口之家,否
B3531,女,黑金,App自然注册,31,全职主妇,长沙,二人世界,是
B3532,女,普通,App自然注册,25,企业职员,西安,单身青年,否
B3533,女,银卡,外卖平台导流,35,互联网从业,广州,二人世界,否
B3534,女,银卡,App自然注册,49,企业职员,长沙,三口之家,否
B3535,男,普通,微信小程序,46,企业职员,青岛,三口之家,否
B3536,男,银卡,App自然注册,31,自由职业,天津,三口之家,否
B3537,男,金卡,微信小程序,43,互联网从业,杭州,单身青年,是
B3538,男,普通,外卖平台导流,48,互联网从业,南京,二人世界,否
B3539,女,银卡,微信小程序,33,互联网从业,成都,银发族,否
B3540,男,普通,社群裂变,36,服务业,深圳,单身青年,否
B3541,女,银卡,地推活动,31,企业职员,其他,二人世界,否
B3542,女,银卡,App自然注册,27,企业职员,深圳,多口之家,否
B3543,男,银卡,App自然注册,40,全职主妇,上海,三口之家,否
B3544,女,金卡,线下扫码,43,企业职员,广州,三口之家,否
B3545,女,金卡,外卖平台导流,42,企业职员,成都,三口之家,是
B3546,女,普通,App自然注册,40,互联网从业,上海,三口之家,否
B3547,男,普通,App自然注册,31,企业职员,天津,三口之家,否
B3548,女,普通,外卖平台导流,32,服务业,南京,单身青年,否
B3549,女,银卡,App自然注册,42,服务业,其他,银发族,否
B3550,女,普通,线下扫码,42,企业职员,上海,单身青年,否
B3551,女,银卡,App自然注册,41,全职主妇,其他,多口之家,否
B3552,女,银卡,App自然注册,39,企业职员,广州,二人世界,否
B3553,男,普通,App自然注册,38,学生,上海,二人世界,否
B3554,女,黑金,外卖平台导流,41,全职主妇,天津,多口之家,是
B3555,女,普通,地推活动,43,企业职员,苏州,银发族,否
B3556,男,金卡,线下扫码,46,企业职员,深圳,三口之家,否
B3557,女,金卡,微信小程序,31,互联网从业,上海,多口之家,否
B3558,女,普通,App自然注册,35,企业职员,杭州,银发族,否
B3559,女,普通,App自然注册,39,学生,苏州,多口之家,否
B3560,女,普通,App自然注册,36,服务业,深圳,三口之家,否
B3561,男,普通,微信小程序,35,企业职员,苏州,单身青年,否
B3562,男,金卡,线下扫码,33,企业职员,上海,多口之家,是
B3563,女,普通,微信小程序,25,互联网从业,广州,单身青年,否
B3564,男,银卡,微信小程序,32,自由职业,南京,多口之家,否
B3565,男,黑金,外卖平台导流,40,互联网从业,苏州,三口之家,是
B3566,男,银卡,社群裂变,34,自由职业,其他,多口之家,否
B3567,女,普通,外卖平台导流,35,自由职业,广州,多口之家,否
B3568,男,金卡,微信小程序,26,自由职业,青岛,三口之家,是
B3569,男,金卡,外卖平台导流,48,企业职员,武汉,二人世界,是
B3570,男,普通,线下扫码,44,互联网从业,广州,三口之家,否
B3571,女,金卡,地推活动,25,服务业,其他,单身青年,否
B3572,女,银卡,App自然注册,40,自由职业,北京,二人世界,否
B3573,男,普通,微信小程序,36,自由职业,杭州,多口之家,否
B3574,男,普通,微信小程序,32,服务业,上海,三口之家,否
B3575,男,银卡,线下扫码,32,企业职员,南京,三口之家,否
B3576,男,银卡,线下扫码,42,学生,广州,三口之家,否
B3577,男,银卡,线下扫码,33,全职主妇,杭州,二人世界,否
B3578,女,银卡,社群裂变,42,企业职员,北京,单身青年,否
B3579,女,金卡,外卖平台导流,34,全职主妇,成都,多口之家,是
B3580,男,普通,微信小程序,41,全职主妇,南京,银发族,否
B3581,女,金卡,线下扫码,25,企业职员,重庆,三口之家,是
B3582,男,普通,微信小程序,37,企业职员,深圳,多口之家,否
B3583,女,银卡,App自然注册,51,学生,其他,三口之家,否
B3584,男,银卡,App自然注册,38,企业职员,其他,单身青年,否
B3585,女,金卡,线下扫码,34,企业职员,杭州,单身青年,是
B3586,男,金卡,线下扫码,36,其他,其他,三口之家,是
B3587,女,金卡,微信小程序,33,学生,上海,银发族,否
B3588,男,普通,微信小程序,47,企业职员,成都,三口之家,否
B3589,男,黑金,微信小程序,42,服务业,北京,多口之家,是
B3590,女,普通,线下扫码,38,互联网从业,深圳,单身青年,否
B3591,男,普通,线下扫码,35,企业职员,深圳,三口之家,否
B3592,女,普通,社群裂变,40,公务员,深圳,三口之家,否
B3593,男,银卡,外卖平台导流,40,互联网从业,西安,三口之家,否
B3594,女,普通,线下扫码,52,公务员,深圳,单身青年,否
B3595,女,普通,外卖平台导流,32,企业职员,北京,二人世界,否
B3596,男,金卡,微信小程序,38,企业职员,其他,三口之家,是
B3597,女,黑金,微信小程序,45,互联网从业,上海,单身青年,是
B3598,女,普通,微信小程序,35,企业职员,上海,单身青年,否
B3599,男,普通,地推活动,42,服务业,青岛,多口之家,否
B3600,男,银卡,微信小程序,41,企业职员,上海,三口之家,否
B3601,男,银卡,社群裂变,50,自由职业,武汉,三口之家,否
B3602,女,银卡,App自然注册,36,服务业,西安,多口之家,否
B3603,女,黑金,微信小程序,39,全职主妇,其他,多口之家,是
B3604,女,普通,微信小程序,28,其他,长沙,单身青年,否
B3605,女,普通,微信小程序,45,服务业,深圳,多口之家,否
B3606,男,普通,微信小程序,38,学生,成都,多口之家,否
B3607,女,银卡,外卖平台导流,38,全职主妇,上海,单身青年,否
B3608,男,黑金,微信小程序,41,互联网从业,苏州,三口之家,是
B3609,女,银卡,App自然注册,46,自由职业,成都,银发族,否
B3610,女,普通,App自然注册,26,服务业,上海,三口之家,否
B3611,男,普通,App自然注册,35,企业职员,苏州,三口之家,否
B3612,女,银卡,微信小程序,48,自由职业,杭州,三口之家,否
B3613,女,普通,App自然注册,27,企业职员,苏州,三口之家,否
B3614,女,普通,线下扫码,43,企业职员,其他,二人世界,否
B3615,男,普通,微信小程序,43,企业职员,南京,三口之家,否
B3616,女,金卡,App自然注册,27,全职主妇,长沙,二人世界,是
B3617,男,普通,App自然注册,34,自由职业,西安,二人世界,否
B3618,男,黑金,微信小程序,29,自由职业,郑州,多口之家,是
B3619,男,普通,地推活动,29,学生,苏州,多口之家,否
B3620,男,普通,微信小程序,47,自由职业,武汉,单身青年,否
B3621,女,银卡,微信小程序,45,其他,成都,二人世界,否
B3622,女,银卡,微信小程序,42,全职主妇,深圳,单身青年,否
B3623,男,普通,微信小程序,41,自由职业,青岛,多口之家,否
B3624,男,普通,微信小程序,39,自由职业,其他,单身青年,否
B3625,女,银卡,线下扫码,38,其他,成都,二人世界,否
B3626,男,银卡,外卖平台导流,34,企业职员,武汉,三口之家,否
B3627,女,普通,外卖平台导流,34,服务业,杭州,三口之家,否
B3628,女,银卡,微信小程序,32,全职主妇,苏州,三口之家,否
B3629,女,金卡,微信小程序,37,企业职员,郑州,多口之家,是
B3630,男,普通,微信小程序,40,服务业,深圳,多口之家,否
B3631,男,银卡,地推活动,41,企业职员,天津,三口之家,否
B3632,男,普通,微信小程序,40,服务业,成都,多口之家,否
B3633,男,普通,线下扫码,41,互联网从业,北京,银发族,否
B3634,男,普通,App自然注册,33,全职主妇,青岛,多口之家,否
B3635,女,普通,线下扫码,25,其他,北京,单身青年,否
B3636,女,普通,线下扫码,30,全职主妇,上海,银发族,否
B3637,女,普通,微信小程序,32,企业职员,天津,单身青年,否
B3638,女,银卡,App自然注册,41,互联网从业,其他,多口之家,否
B3639,男,普通,微信小程序,46,服务业,北京,多口之家,否
B3640,女,银卡,线下扫码,49,其他,北京,单身青年,否
B3641,女,金卡,微信小程序,37,企业职员,北京,单身青年,是
B3642,女,银卡,地推活动,46,企业职员,成都,单身青年,否
B3643,男,银卡,App自然注册,27,全职主妇,成都,三口之家,否
B3644,女,银卡,微信小程序,42,公务员,其他,二人世界,否
B3645,男,黑金,微信小程序,43,其他,南京,三口之家,是
B3646,男,银卡,外卖平台导流,40,自由职业,西安,单身青年,否
B3647,女,普通,线下扫码,34,全职主妇,北京,银发族,否
B3648,男,普通,线下扫码,44,公务员,武汉,多口之家,否
B3649,男,普通,App自然注册,40,企业职员,西安,二人世界,否
B3650,男,银卡,微信小程序,28,企业职员,武汉,二人世界,否
B3651,女,银卡,微信小程序,31,服务业,长沙,三口之家,否
B3652,男,银卡,线下扫码,46,企业职员,重庆,多口之家,否
B3653,男,金卡,外卖平台导流,42,公务员,南京,三口之家,是
B3654,女,普通,线下扫码,37,全职主妇,广州,三口之家,否
B3655,男,普通,微信小程序,39,学生,长沙,银发族,否
B3656,男,普通,微信小程序,29,企业职员,上海,单身青年,否
B3657,女,普通,线下扫码,37,自由职业,其他,多口之家,否
B3658,女,普通,App自然注册,37,企业职员,成都,二人世界,否
B3659,男,黑金,微信小程序,37,企业职员,青岛,二人世界,是
B3660,男,银卡,微信小程序,41,互联网从业,上海,三口之家,否
B3661,男,银卡,微信小程序,42,公务员,成都,三口之家,否
B3662,女,普通,App自然注册,38,企业职员,北京,三口之家,否
B3663,男,金卡,线下扫码,27,互联网从业,北京,三口之家,否
B3664,男,普通,外卖平台导流,32,互联网从业,上海,三口之家,否
B3665,男,银卡,微信小程序,34,互联网从业,郑州,银发族,否
B3666,男,金卡,App自然注册,35,学生,南京,三口之家,是
B3667,女,普通,微信小程序,45,全职主妇,苏州,三口之家,否
B3668,女,银卡,微信小程序,34,其他,广州,单身青年,否
B3669,男,银卡,外卖平台导流,31,自由职业,上海,三口之家,否
B3670,男,普通,线下扫码,38,企业职员,深圳,三口之家,否
B3671,男,黑金,线下扫码,37,全职主妇,杭州,多口之家,是
B3672,女,普通,微信小程序,44,公务员,杭州,单身青年,否
B3673,男,普通,微信小程序,35,企业职员,长沙,三口之家,否
B3674,男,银卡,微信小程序,41,全职主妇,武汉,三口之家,否
B3675,男,银卡,外卖平台导流,34,全职主妇,武汉,三口之家,否
B3676,男,银卡,App自然注册,39,自由职业,广州,三口之家,否
B3677,男,普通,App自然注册,40,企业职员,广州,单身青年,否
B3678,女,银卡,微信小程序,46,自由职业,北京,三口之家,否
B3679,女,银卡,线下扫码,51,服务业,成都,三口之家,否
B3680,女,普通,线下扫码,25,互联网从业,广州,三口之家,否
B3681,女,普通,微信小程序,50,企业职员,苏州,多口之家,否
B3682,女,银卡,线下扫码,26,全职主妇,长沙,银发族,否
B3683,女,普通,微信小程序,39,学生,成都,二人世界,否
B3684,女,银卡,App自然注册,30,学生,成都,单身青年,否
B3685,男,普通,外卖平台导流,37,自由职业,北京,三口之家,否
B3686,女,金卡,地推活动,34,自由职业,杭州,银发族,是
B3687,女,普通,线下扫码,46,服务业,青岛,二人世界,否
B3688,男,普通,线下扫码,38,企业职员,上海,三口之家,否
B3689,男,普通,微信小程序,39,企业职员,深圳,多口之家,否
B3690,男,银卡,微信小程序,42,企业职员,北京,多口之家,否
B3691,女,金卡,微信小程序,40,其他,深圳,单身青年,是
B3692,女,普通,外卖平台导流,38,自由职业,西安,三口之家,否
B3693,女,普通,社群裂变,34,自由职业,深圳,二人世界,否
B3694,男,普通,社群裂变,46,其他,北京,银发族,否
B3695,男,普通,微信小程序,34,企业职员,上海,单身青年,否
B3696,女,普通,微信小程序,33,全职主妇,重庆,三口之家,否
B3697,男,普通,App自然注册,40,企业职员,其他,单身青年,否
B3698,女,金卡,线下扫码,34,互联网从业,成都,三口之家,是
B3699,女,普通,线下扫码,36,自由职业,深圳,三口之家,否
B3700,男,银卡,线下扫码,37,全职主妇,成都,三口之家,否
B3701,男,普通,微信小程序,29,自由职业,北京,二人世界,否
B3702,女,普通,App自然注册,40,自由职业,北京,单身青年,否
B3703,女,普通,微信小程序,37,公务员,长沙,单身青年,否
B3704,男,普通,线下扫码,39,学生,南京,单身青年,否
B3705,女,银卡,微信小程序,40,企业职员,长沙,三口之家,否
B3706,女,普通,微信小程序,44,自由职业,南京,二人世界,否
B3707,女,普通,微信小程序,32,全职主妇,杭州,二人世界,否
B3708,女,普通,App自然注册,32,其他,成都,多口之家,否
B3709,女,银卡,App自然注册,48,企业职员,杭州,三口之家,否
B3710,男,银卡,线下扫码,26,企业职员,武汉,三口之家,否
B3711,女,银卡,微信小程序,40,其他,北京,二人世界,否
B3712,女,普通,线下扫码,46,学生,郑州,二人世界,否
B3713,男,普通,线下扫码,34,自由职业,其他,三口之家,否
B3714,女,银卡,线下扫码,33,全职主妇,杭州,银发族,否
B3715,男,银卡,外卖平台导流,35,其他,上海,多口之家,否
B3716,女,普通,线下扫码,46,服务业,上海,单身青年,否
B3717,女,银卡,线下扫码,38,企业职员,青岛,三口之家,否
B3718,女,金卡,App自然注册,34,自由职业,成都,二人世界,是
B3719,男,普通,线下扫码,34,企业职员,成都,三口之家,否
B3720,女,普通,微信小程序,43,其他,其他,三口之家,否
B3721,女,金卡,微信小程序,45,服务业,郑州,三口之家,是
B3722,女,普通,线下扫码,38,全职主妇,杭州,多口之家,否
B3723,男,银卡,App自然注册,28,全职主妇,成都,三口之家,否
B3724,男,普通,微信小程序,28,其他,上海,三口之家,否
B3725,女,银卡,微信小程序,36,互联网从业,深圳,三口之家,否
B3726,女,银卡,外卖平台导流,37,互联网从业,重庆,多口之家,否
B3727,女,普通,App自然注册,48,全职主妇,武汉,二人世界,否
B3728,女,普通,线下扫码,37,企业职员,深圳,三口之家,否
B3729,女,银卡,微信小程序,39,自由职业,成都,多口之家,否
B3730,女,普通,线下扫码,37,自由职业,武汉,单身青年,否
B3731,女,普通,微信小程序,38,互联网从业,天津,单身青年,否
B3732,女,银卡,App自然注册,38,互联网从业,上海,多口之家,否
B3733,男,普通,App自然注册,34,公务员,深圳,三口之家,否
B3734,男,普通,App自然注册,31,全职主妇,深圳,三口之家,否
B3735,女,普通,App自然注册,30,企业职员,上海,三口之家,否
B3736,男,金卡,外卖平台导流,33,企业职员,重庆,银发族,否
B3737,女,银卡,微信小程序,52,其他,南京,三口之家,否
B3738,女,普通,外卖平台导流,52,企业职员,上海,银发族,否
B3739,女,黑金,微信小程序,43,自由职业,成都,多口之家,是
B3740,男,普通,App自然注册,40,学生,上海,多口之家,否
B3741,女,普通,微信小程序,35,学生,杭州,二人世界,否
B3742,女,普通,微信小程序,33,企业职员,杭州,三口之家,否
B3743,男,黑金,社群裂变,37,服务业,长沙,三口之家,是
B3744,女,普通,外卖平台导流,26,自由职业,西安,多口之家,否
B3745,女,普通,App自然注册,52,互联网从业,苏州,三口之家,否
B3746,男,普通,App自然注册,25,企业职员,苏州,单身青年,否
B3747,男,金卡,App自然注册,25,全职主妇,上海,单身青年,否
B3748,女,普通,外卖平台导流,40,企业职员,青岛,三口之家,否
B3749,女,银卡,App自然注册,42,互联网从业,北京,银发族,否
B3750,男,银卡,App自然注册,37,企业职员,其他,多口之家,否
B3751,男,普通,线下扫码,41,服务业,其他,三口之家,否
B3752,男,普通,App自然注册,47,企业职员,南京,单身青年,否
B3753,女,银卡,地推活动,48,自由职业,上海,多口之家,否
B3754,女,银卡,微信小程序,27,学生,上海,三口之家,否
B3755,男,普通,社群裂变,28,学生,深圳,多口之家,否
B3756,女,银卡,社群裂变,37,全职主妇,成都,二人世界,否
B3757,女,普通,外卖平台导流,37,企业职员,北京,多口之家,否
B3758,男,金卡,地推活动,33,互联网从业,南京,多口之家,是
B3759,女,普通,App自然注册,44,公务员,北京,二人世界,否
B3760,男,普通,微信小程序,41,自由职业,北京,单身青年,否
B3761,男,普通,App自然注册,29,企业职员,成都,三口之家,否
B3762,女,普通,线下扫码,40,全职主妇,重庆,二人世界,否
B3763,女,普通,线下扫码,40,公务员,其他,三口之家,否
B3764,男,普通,外卖平台导流,34,互联网从业,深圳,三口之家,否
B3765,男,普通,App自然注册,39,企业职员,杭州,单身青年,否
B3766,女,普通,微信小程序,35,学生,武汉,三口之家,否
B3767,男,银卡,外卖平台导流,43,企业职员,苏州,二人世界,否
B3768,男,普通,社群裂变,47,自由职业,上海,三口之家,否
B3769,女,银卡,微信小程序,33,企业职员,其他,单身青年,否
B3770,女,普通,微信小程序,44,企业职员,武汉,三口之家,否
B3771,男,金卡,App自然注册,38,服务业,北京,三口之家,是
B3772,男,普通,地推活动,40,其他,杭州,三口之家,否
B3773,女,银卡,微信小程序,43,学生,重庆,单身青年,否
B3774,男,普通,App自然注册,40,自由职业,深圳,三口之家,否
B3775,女,银卡,App自然注册,30,其他,深圳,三口之家,否
B3776,女,普通,社群裂变,45,企业职员,南京,三口之家,否
B3777,女,黑金,微信小程序,39,服务业,苏州,单身青年,是
B3778,男,黑金,App自然注册,36,全职主妇,深圳,三口之家,是
B3779,男,普通,地推活动,46,全职主妇,武汉,三口之家,否
B3780,男,普通,App自然注册,32,学生,北京,二人世界,否
B3781,男,金卡,微信小程序,36,自由职业,成都,三口之家,是
B3782,男,普通,微信小程序,30,服务业,其他,单身青年,否
B3783,女,银卡,微信小程序,32,企业职员,成都,三口之家,否
B3784,男,银卡,微信小程序,45,自由职业,西安,单身青年,否
B3785,男,普通,App自然注册,29,企业职员,南京,二人世界,否
B3786,男,普通,微信小程序,50,互联网从业,其他,二人世界,否
B3787,女,银卡,线下扫码,30,企业职员,北京,三口之家,否
B3788,女,银卡,线下扫码,37,企业职员,天津,三口之家,否
B3789,男,普通,微信小程序,46,企业职员,武汉,单身青年,否
B3790,女,银卡,微信小程序,51,自由职业,天津,三口之家,否
B3791,女,普通,App自然注册,29,企业职员,北京,三口之家,否
B3792,女,普通,线下扫码,37,自由职业,上海,三口之家,否
B3793,男,金卡,线下扫码,29,全职主妇,南京,三口之家,是
B3794,女,黑金,外卖平台导流,32,互联网从业,苏州,三口之家,是
B3795,女,银卡,微信小程序,45,公务员,武汉,银发族,否
B3796,女,普通,App自然注册,30,学生,北京,二人世界,否
B3797,男,普通,微信小程序,39,企业职员,深圳,三口之家,否
B3798,男,金卡,地推活动,45,企业职员,青岛,三口之家,是
B3799,女,普通,微信小程序,35,全职主妇,西安,二人世界,否
B3800,男,普通,App自然注册,45,自由职业,深圳,二人世界,否
B3801,男,普通,线下扫码,35,企业职员,北京,三口之家,否
B3802,女,金卡,App自然注册,32,全职主妇,重庆,三口之家,是
B3803,女,金卡,外卖平台导流,41,自由职业,其他,三口之家,是
B3804,女,银卡,外卖平台导流,42,企业职员,苏州,银发族,否
B3805,女,普通,外卖平台导流,46,自由职业,其他,多口之家,否
B3806,女,黑金,线下扫码,52,企业职员,杭州,三口之家,是
B3807,女,普通,微信小程序,40,全职主妇,长沙,三口之家,否
B3808,女,普通,微信小程序,44,服务业,广州,三口之家,否
B3809,男,普通,微信小程序,41,服务业,其他,单身青年,否
B3810,女,银卡,App自然注册,25,企业职员,南京,三口之家,否
B3811,男,银卡,线下扫码,44,服务业,杭州,多口之家,否
B3812,女,普通,App自然注册,45,企业职员,深圳,单身青年,否
B3813,女,普通,地推活动,47,互联网从业,成都,三口之家,否
B3814,男,银卡,外卖平台导流,30,全职主妇,西安,单身青年,否
B3815,女,金卡,微信小程序,47,全职主妇,苏州,多口之家,是
B3816,女,普通,微信小程序,35,互联网从业,上海,多口之家,否
B3817,男,金卡,App自然注册,34,其他,西安,单身青年,否
B3818,男,普通,微信小程序,34,服务业,长沙,三口之家,否
B3819,女,银卡,线下扫码,37,全职主妇,西安,单身青年,否
B3820,男,银卡,微信小程序,25,公务员,郑州,三口之家,否
B3821,男,银卡,线下扫码,33,企业职员,广州,二人世界,否
B3822,女,金卡,微信小程序,34,互联网从业,长沙,三口之家,否
B3823,女,金卡,线下扫码,45,学生,西安,多口之家,是
B3824,女,普通,微信小程序,39,自由职业,苏州,银发族,否
B3825,女,普通,App自然注册,37,企业职员,青岛,三口之家,否
B3826,男,金卡,App自然注册,50,企业职员,武汉,单身青年,否
B3827,女,银卡,外卖平台导流,40,全职主妇,广州,多口之家,否
B3828,男,银卡,微信小程序,49,企业职员,成都,三口之家,否
B3829,女,银卡,App自然注册,28,企业职员,天津,三口之家,否
B3830,男,银卡,App自然注册,37,自由职业,郑州,二人世界,否
B3831,男,普通,线下扫码,45,服务业,其他,银发族,否
B3832,女,普通,社群裂变,33,全职主妇,深圳,二人世界,否
B3833,女,普通,App自然注册,43,全职主妇,重庆,三口之家,否
B3834,女,金卡,App自然注册,35,全职主妇,北京,三口之家,是
B3835,女,银卡,线下扫码,41,服务业,武汉,二人世界,否
B3836,女,银卡,微信小程序,42,全职主妇,其他,银发族,否
B3837,男,金卡,线下扫码,41,自由职业,南京,单身青年,否
B3838,女,普通,线下扫码,26,企业职员,北京,三口之家,否
B3839,男,银卡,地推活动,38,企业职员,长沙,二人世界,否
B3840,女,普通,微信小程序,25,学生,重庆,二人世界,否
B3841,女,银卡,微信小程序,41,自由职业,北京,三口之家,否
B3842,女,普通,线下扫码,44,企业职员,其他,三口之家,否
B3843,男,黑金,App自然注册,36,全职主妇,上海,单身青年,是
B3844,女,银卡,微信小程序,34,互联网从业,广州,三口之家,否
B3845,男,金卡,微信小程序,29,公务员,成都,三口之家,否
B3846,女,银卡,社群裂变,41,企业职员,长沙,二人世界,否
B3847,女,普通,外卖平台导流,25,全职主妇,深圳,单身青年,否
B3848,女,银卡,App自然注册,37,企业职员,上海,二人世界,否
B3849,男,普通,社群裂变,43,服务业,武汉,多口之家,否
B3850,女,普通,线下扫码,43,企业职员,深圳,单身青年,否
B3851,女,普通,线下扫码,31,学生,重庆,二人世界,否
B3852,男,普通,线下扫码,38,企业职员,其他,三口之家,否
B3853,女,银卡,外卖平台导流,44,全职主妇,长沙,多口之家,否
B3854,女,普通,社群裂变,31,企业职员,北京,多口之家,否
B3855,女,银卡,App自然注册,29,全职主妇,北京,二人世界,否
B3856,女,普通,微信小程序,43,企业职员,广州,三口之家,否
B3857,男,金卡,外卖平台导流,34,全职主妇,西安,三口之家,是
B3858,男,普通,线下扫码,41,服务业,北京,银发族,否
B3859,男,普通,微信小程序,38,企业职员,深圳,三口之家,否
B3860,女,普通,社群裂变,44,互联网从业,武汉,多口之家,否
B3861,女,银卡,App自然注册,37,企业职员,深圳,多口之家,否
B3862,男,普通,线下扫码,52,自由职业,上海,银发族,否
B3863,男,普通,微信小程序,37,学生,西安,单身青年,否
B3864,女,普通,线下扫码,30,自由职业,杭州,三口之家,否
B3865,男,金卡,线下扫码,38,全职主妇,北京,单身青年,否
B3866,男,金卡,App自然注册,52,自由职业,上海,单身青年,是
B3867,男,普通,微信小程序,34,全职主妇,北京,二人世界,否
B3868,男,金卡,社群裂变,46,企业职员,上海,多口之家,否
B3869,女,普通,微信小程序,39,互联网从业,武汉,银发族,否
B3870,女,普通,微信小程序,34,企业职员,北京,三口之家,否
B3871,男,普通,微信小程序,43,服务业,郑州,二人世界,否
B3872,女,银卡,社群裂变,40,服务业,天津,二人世界,否
B3873,女,银卡,社群裂变,50,全职主妇,广州,二人世界,否
B3874,男,普通,线下扫码,26,企业职员,青岛,二人世界,否
B3875,女,银卡,App自然注册,52,全职主妇,上海,三口之家,否
B3876,男,普通,线下扫码,34,学生,长沙,三口之家,否
B3877,男,银卡,微信小程序,29,企业职员,西安,单身青年,否
B3878,女,普通,外卖平台导流,37,全职主妇,杭州,三口之家,否
B3879,男,普通,社群裂变,33,互联网从业,其他,多口之家,否
B3880,男,金卡,线下扫码,38,公务员,成都,三口之家,否
B3881,男,普通,App自然注册,35,全职主妇,苏州,单身青年,否
B3882,女,普通,线下扫码,43,自由职业,长沙,二人世界,否
B3883,男,普通,微信小程序,30,互联网从业,深圳,银发族,否
B3884,女,银卡,社群裂变,51,公务员,郑州,三口之家,否
B3885,男,银卡,线下扫码,30,其他,天津,单身青年,否
B3886,女,普通,微信小程序,36,企业职员,成都,三口之家,否
B3887,女,普通,微信小程序,40,企业职员,上海,三口之家,否
B3888,女,银卡,微信小程序,33,自由职业,成都,单身青年,否
B3889,男,普通,App自然注册,43,服务业,长沙,三口之家,否
B3890,男,普通,线下扫码,33,公务员,其他,多口之家,否
B3891,女,普通,App自然注册,36,全职主妇,深圳,单身青年,否
B3892,男,金卡,微信小程序,33,企业职员,广州,三口之家,是
B3893,女,普通,外卖平台导流,44,企业职员,苏州,三口之家,否
B3894,女,普通,App自然注册,25,其他,深圳,二人世界,否
B3895,女,普通,线下扫码,35,企业职员,长沙,三口之家,否
B3896,女,银卡,外卖平台导流,27,互联网从业,天津,单身青年,否
B3897,男,银卡,App自然注册,34,服务业,北京,三口之家,否
B3898,男,普通,微信小程序,28,企业职员,广州,三口之家,否
B3899,男,普通,外卖平台导流,39,互联网从业,杭州,单身青年,否
B3900,男,普通,地推活动,48,服务业,广州,单身青年,否
B3901,男,普通,App自然注册,51,互联网从业,成都,二人世界,否
B3902,女,普通,App自然注册,52,企业职员,其他,银发族,否
B3903,男,黑金,外卖平台导流,36,企业职员,武汉,单身青年,是
B3904,女,银卡,微信小程序,37,企业职员,上海,单身青年,否
B3905,男,普通,外卖平台导流,25,企业职员,上海,三口之家,否
B3906,女,金卡,微信小程序,35,服务业,其他,多口之家,否
B3907,女,黑金,微信小程序,41,服务业,苏州,银发族,是
B3908,男,普通,外卖平台导流,27,互联网从业,其他,三口之家,否
B3909,女,普通,线下扫码,29,企业职员,其他,三口之家,否
B3910,男,银卡,微信小程序,37,互联网从业,长沙,银发族,否
B3911,男,普通,线下扫码,38,自由职业,其他,三口之家,否
B3912,男,银卡,App自然注册,45,自由职业,深圳,三口之家,否
B3913,女,银卡,微信小程序,32,全职主妇,深圳,三口之家,否
B3914,女,普通,微信小程序,41,公务员,郑州,单身青年,否
B3915,女,银卡,社群裂变,46,学生,北京,三口之家,否
B3916,女,黑金,App自然注册,35,全职主妇,西安,单身青年,是
B3917,女,普通,线下扫码,32,互联网从业,郑州,多口之家,否
B3918,女,普通,微信小程序,41,公务员,其他,三口之家,否
B3919,男,普通,线下扫码,25,企业职员,长沙,单身青年,否
B3920,女,普通,微信小程序,26,企业职员,上海,单身青年,否
B3921,女,金卡,线下扫码,36,其他,杭州,多口之家,是
B3922,男,银卡,线下扫码,47,企业职员,北京,三口之家,否
B3923,女,普通,线下扫码,29,全职主妇,苏州,银发族,否
B3924,女,金卡,App自然注册,31,学生,成都,三口之家,是
B3925,女,金卡,线下扫码,33,互联网从业,深圳,银发族,是
B3926,女,银卡,线下扫码,50,全职主妇,北京,单身青年,否
B3927,男,银卡,线下扫码,45,全职主妇,重庆,单身青年,否
B3928,男,普通,外卖平台导流,40,全职主妇,广州,三口之家,否
B3929,男,金卡,线下扫码,45,互联网从业,深圳,二人世界,是
B3930,女,普通,App自然注册,45,全职主妇,长沙,银发族,否
B3931,女,普通,外卖平台导流,39,其他,郑州,三口之家,否
B3932,男,普通,微信小程序,44,企业职员,长沙,单身青年,否
B3933,男,银卡,线下扫码,33,企业职员,西安,三口之家,否
B3934,女,银卡,线下扫码,35,全职主妇,苏州,单身青年,否
B3935,男,普通,App自然注册,40,公务员,长沙,二人世界,否
B3936,男,银卡,微信小程序,42,服务业,南京,二人世界,否
B3937,男,普通,线下扫码,42,互联网从业,重庆,三口之家,否
B3938,男,普通,微信小程序,36,全职主妇,青岛,多口之家,否
B3939,女,金卡,App自然注册,39,全职主妇,天津,单身青年,否
B3940,男,普通,社群裂变,33,企业职员,北京,银发族,否
B3941,男,银卡,App自然注册,32,公务员,北京,三口之家,否
B3942,女,普通,外卖平台导流,39,学生,杭州,多口之家,否
B3943,女,银卡,线下扫码,50,互联网从业,重庆,三口之家,否
B3944,男,银卡,外卖平台导流,30,全职主妇,北京,三口之家,否
B3945,男,普通,社群裂变,45,互联网从业,苏州,单身青年,否
B3946,女,金卡,微信小程序,37,企业职员,成都,三口之家,是
B3947,男,金卡,线下扫码,35,全职主妇,青岛,三口之家,是
B3948,女,银卡,线下扫码,41,公务员,长沙,三口之家,否
B3949,男,普通,社群裂变,38,互联网从业,成都,三口之家,否
B3950,男,银卡,微信小程序,32,全职主妇,北京,多口之家,否
B3951,女,银卡,线下扫码,38,自由职业,苏州,三口之家,否
B3952,女,普通,社群裂变,41,公务员,北京,二人世界,否
B3953,女,普通,地推活动,33,服务业,广州,多口之家,否
B3954,女,银卡,微信小程序,45,全职主妇,成都,二人世界,否
B3955,男,金卡,App自然注册,29,全职主妇,重庆,三口之家,是
B3956,女,普通,微信小程序,45,全职主妇,北京,二人世界,否
B3957,男,普通,微信小程序,31,自由职业,北京,三口之家,否
B3958,女,普通,微信小程序,41,企业职员,广州,三口之家,否
B3959,女,普通,App自然注册,33,企业职员,广州,三口之家,否
B3960,男,普通,微信小程序,28,学生,上海,单身青年,否
B3961,男,普通,外卖平台导流,40,服务业,成都,单身青年,否
B3962,女,普通,社群裂变,45,学生,杭州,三口之家,否
B3963,男,银卡,地推活动,35,全职主妇,上海,二人世界,否
B3964,男,金卡,微信小程序,39,企业职员,郑州,二人世界,否
B3965,男,银卡,线下扫码,35,其他,长沙,三口之家,否
B3966,男,黑金,App自然注册,35,自由职业,重庆,银发族,是
B3967,女,金卡,微信小程序,49,学生,成都,三口之家,否
B3968,女,普通,App自然注册,49,全职主妇,广州,二人世界,否
B3969,男,金卡,App自然注册,27,互联网从业,南京,二人世界,是
B3970,女,普通,线下扫码,52,企业职员,西安,单身青年,否
B3971,女,金卡,线下扫码,44,企业职员,重庆,三口之家,是
B3972,男,普通,地推活动,28,企业职员,上海,三口之家,否
B3973,男,普通,App自然注册,44,企业职员,上海,单身青年,否
B3974,女,普通,微信小程序,41,学生,北京,单身青年,否
B3975,男,黑金,社群裂变,38,互联网从业,深圳,多口之家,是
B3976,男,普通,线下扫码,36,学生,武汉,银发族,否
B3977,女,银卡,微信小程序,43,其他,上海,三口之家,否
B3978,男,普通,微信小程序,43,其他,深圳,多口之家,否
B3979,男,银卡,社群裂变,43,互联网从业,重庆,三口之家,否
B3980,男,普通,App自然注册,45,自由职业,上海,三口之家,否
B3981,女,普通,微信小程序,42,服务业,其他,三口之家,否
B3982,女,普通,App自然注册,41,企业职员,成都,单身青年,否
B3983,女,普通,App自然注册,35,自由职业,其他,银发族,否
B3984,男,金卡,地推活动,35,企业职员,其他,银发族,是
B3985,女,银卡,社群裂变,39,企业职员,其他,单身青年,否
B3986,男,金卡,线下扫码,47,全职主妇,天津,银发族,否
B3987,男,普通,外卖平台导流,36,自由职业,长沙,三口之家,否
B3988,女,普通,微信小程序,46,企业职员,天津,三口之家,否
B3989,男,普通,App自然注册,39,互联网从业,深圳,三口之家,否
B3990,女,普通,微信小程序,34,公务员,上海,三口之家,否
B3991,女,普通,外卖平台导流,37,企业职员,南京,单身青年,否
B3992,女,普通,微信小程序,52,互联网从业,北京,二人世界,否
B3993,女,普通,外卖平台导流,33,其他,广州,单身青年,否
B3994,女,银卡,社群裂变,44,企业职员,武汉,三口之家,否
B3995,女,金卡,外卖平台导流,44,服务业,其他,单身青年,否
B3996,男,银卡,社群裂变,28,企业职员,深圳,单身青年,否
B3997,女,银卡,App自然注册,39,公务员,北京,三口之家,否
B3998,男,银卡,微信小程序,41,企业职员,其他,多口之家,否
B3999,女,银卡,微信小程序,42,全职主妇,武汉,多口之家,否
B4000,女,普通,社群裂变,41,服务业,上海,单身青年,否
B4001,女,普通,微信小程序,27,互联网从业,成都,银发族,否
B4002,男,银卡,App自然注册,25,公务员,郑州,三口之家,否
B4003,女,普通,线下扫码,44,全职主妇,青岛,银发族,否
B4004,女,银卡,微信小程序,43,互联网从业,青岛,三口之家,否
B4005,女,金卡,微信小程序,33,公务员,苏州,三口之家,是
B4006,女,普通,App自然注册,32,企业职员,重庆,三口之家,否
B4007,女,银卡,线下扫码,37,企业职员,长沙,多口之家,否
B4008,男,黑金,微信小程序,35,企业职员,其他,单身青年,是
B4009,女,普通,线下扫码,39,服务业,上海,三口之家,否
B4010,女,普通,微信小程序,33,企业职员,武汉,三口之家,否
B4011,女,普通,外卖平台导流,46,其他,西安,三口之家,否
B4012,男,普通,社群裂变,30,服务业,天津,多口之家,否
B4013,男,金卡,App自然注册,50,自由职业,青岛,单身青年,是
B4014,男,黑金,社群裂变,49,企业职员,成都,三口之家,是
B4015,女,银卡,社群裂变,37,学生,苏州,银发族,否
B4016,女,普通,线下扫码,35,全职主妇,杭州,三口之家,否
B4017,女,银卡,App自然注册,45,企业职员,其他,银发族,否
B4018,女,金卡,App自然注册,31,服务业,郑州,单身青年,否
B4019,男,银卡,App自然注册,28,全职主妇,北京,三口之家,否
B4020,女,银卡,外卖平台导流,36,企业职员,深圳,多口之家,否
B4021,女,银卡,线下扫码,37,全职主妇,长沙,单身青年,否
B4022,男,金卡,微信小程序,36,企业职员,深圳,单身青年,是
B4023,男,普通,线下扫码,36,企业职员,苏州,银发族,否
B4024,男,银卡,微信小程序,35,全职主妇,北京,三口之家,否
B4025,女,银卡,App自然注册,33,企业职员,广州,三口之家,否
B4026,女,普通,微信小程序,33,自由职业,成都,三口之家,否
B4027,女,普通,App自然注册,35,公务员,西安,银发族,否
B4028,女,普通,线下扫码,43,企业职员,深圳,三口之家,否
B4029,男,普通,线下扫码,37,全职主妇,武汉,二人世界,否
B4030,男,普通,微信小程序,37,全职主妇,深圳,银发族,否
B4031,男,银卡,地推活动,35,自由职业,上海,单身青年,否
B4032,女,银卡,App自然注册,28,其他,广州,三口之家,否
B4033,男,银卡,外卖平台导流,36,服务业,成都,三口之家,否
B4034,男,银卡,微信小程序,39,互联网从业,广州,多口之家,否
B4035,女,金卡,线下扫码,37,自由职业,杭州,二人世界,是
B4036,女,普通,App自然注册,28,企业职员,杭州,二人世界,否
B4037,男,普通,微信小程序,36,自由职业,上海,多口之家,否
B4038,女,普通,外卖平台导流,34,服务业,上海,单身青年,否
B4039,女,银卡,外卖平台导流,40,企业职员,北京,多口之家,否
B4040,男,黑金,App自然注册,36,企业职员,北京,单身青年,是
B4041,男,普通,微信小程序,35,自由职业,重庆,三口之家,否
B4042,男,普通,App自然注册,40,自由职业,上海,银发族,否
B4043,女,普通,线下扫码,36,公务员,其他,三口之家,否
B4044,男,黑金,线下扫码,38,企业职员,武汉,二人世界,是
B4045,男,普通,线下扫码,42,互联网从业,其他,三口之家,否
B4046,女,金卡,App自然注册,32,互联网从业,上海,多口之家,是
B4047,女,普通,线下扫码,37,自由职业,成都,单身青年,否
B4048,女,普通,社群裂变,34,企业职员,武汉,多口之家,否
B4049,女,黑金,App自然注册,31,自由职业,青岛,三口之家,是
B4050,男,普通,线下扫码,31,企业职员,上海,三口之家,否
B4051,男,金卡,线下扫码,44,企业职员,上海,多口之家,是
B4052,女,黑金,社群裂变,38,服务业,广州,二人世界,是
B4053,男,金卡,App自然注册,31,学生,其他,多口之家,是
B4054,男,普通,微信小程序,48,公务员,武汉,单身青年,否
B4055,女,普通,微信小程序,44,企业职员,北京,二人世界,否
B4056,女,银卡,微信小程序,40,自由职业,广州,单身青年,否
B4057,女,普通,App自然注册,36,企业职员,长沙,三口之家,否
B4058,男,金卡,App自然注册,42,企业职员,上海,银发族,否
B4059,男,普通,地推活动,43,企业职员,天津,单身青年,否
B4060,男,银卡,微信小程序,36,互联网从业,北京,单身青年,否
B4061,男,银卡,线下扫码,42,互联网从业,其他,多口之家,否
B4062,女,普通,地推活动,45,全职主妇,长沙,三口之家,否
B4063,男,银卡,线下扫码,34,企业职员,广州,单身青年,否
B4064,男,普通,微信小程序,31,服务业,天津,单身青年,否
B4065,女,普通,App自然注册,37,企业职员,苏州,二人世界,否
B4066,男,银卡,微信小程序,41,自由职业,深圳,三口之家,否
B4067,女,金卡,App自然注册,45,企业职员,北京,二人世界,否
B4068,男,普通,微信小程序,52,企业职员,重庆,三口之家,否
B4069,男,普通,社群裂变,34,全职主妇,北京,三口之家,否
B4070,女,普通,微信小程序,40,企业职员,深圳,单身青年,否
B4071,女,普通,社群裂变,28,学生,重庆,三口之家,否
B4072,男,普通,社群裂变,34,企业职员,广州,二人世界,否
B4073,女,普通,微信小程序,39,企业职员,广州,单身青年,否
B4074,女,金卡,微信小程序,37,互联网从业,广州,银发族,是
B4075,女,普通,社群裂变,37,全职主妇,苏州,单身青年,否
B4076,男,普通,线下扫码,27,学生,天津,多口之家,否
B4077,男,普通,外卖平台导流,35,互联网从业,北京,三口之家,否
B4078,女,银卡,App自然注册,41,服务业,深圳,三口之家,否
B4079,女,银卡,微信小程序,43,互联网从业,深圳,银发族,否
B4080,女,普通,线下扫码,45,学生,其他,三口之家,否
B4081,男,黑金,微信小程序,44,企业职员,北京,多口之家,是
B4082,女,银卡,外卖平台导流,26,互联网从业,北京,三口之家,否
B4083,女,普通,社群裂变,34,其他,苏州,二人世界,否
B4084,女,普通,App自然注册,36,互联网从业,杭州,三口之家,否
B4085,女,银卡,线下扫码,37,企业职员,天津,三口之家,否
B4086,女,普通,App自然注册,52,其他,深圳,三口之家,否
B4087,女,银卡,微信小程序,52,全职主妇,北京,三口之家,否
B4088,男,普通,微信小程序,38,公务员,北京,单身青年,否
B4089,男,银卡,线下扫码,39,服务业,青岛,三口之家,否
B4090,女,金卡,App自然注册,31,企业职员,广州,单身青年,是
B4091,女,银卡,线下扫码,52,服务业,上海,单身青年,否
B4092,女,普通,App自然注册,38,自由职业,武汉,银发族,否
B4093,女,普通,线下扫码,28,企业职员,北京,三口之家,否
B4094,男,银卡,App自然注册,40,服务业,北京,多口之家,否
B4095,女,普通,线下扫码,30,互联网从业,其他,三口之家,否
B4096,女,普通,线下扫码,51,全职主妇,苏州,多口之家,否
B4097,女,黑金,App自然注册,45,企业职员,重庆,单身青年,是
B4098,女,普通,微信小程序,30,服务业,长沙,单身青年,否
B4099,男,普通,微信小程序,43,自由职业,其他,三口之家,否
B4100,女,金卡,App自然注册,43,服务业,南京,单身青年,是
C0001,男,普通,微信小程序,48,自由职业,天津,三口之家,否
C0002,男,普通,线下扫码,32,公务员,武汉,三口之家,否
C0003,男,普通,App自然注册,32,自由职业,深圳,二人世界,否
C0004,女,普通,App自然注册,45,企业职员,青岛,单身青年,否
C0005,女,普通,App自然注册,25,学生,西安,二人世界,否
C0006,男,普通,微信小程序,40,学生,北京,多口之家,否
C0007,女,普通,地推活动,22,企业职员,苏州,三口之家,否
C0008,男,金卡,外卖平台导流,32,全职主妇,上海,单身青年,是
C0009,女,普通,微信小程序,37,互联网从业,其他,多口之家,否
C0010,女,普通,微信小程序,43,互联网从业,成都,二人世界,否
C0011,男,银卡,App自然注册,43,全职主妇,其他,二人世界,否
C0012,女,银卡,App自然注册,42,其他,深圳,多口之家,否
C0013,女,普通,App自然注册,40,全职主妇,北京,单身青年,否
C0014,男,普通,微信小程序,36,自由职业,深圳,二人世界,否
C0015,女,银卡,App自然注册,32,服务业,青岛,三口之家,否
C0016,女,普通,社群裂变,37,学生,武汉,三口之家,否
C0017,女,普通,微信小程序,26,全职主妇,南京,三口之家,否
C0018,男,普通,外卖平台导流,29,企业职员,南京,二人世界,否
C0019,女,普通,微信小程序,42,学生,南京,单身青年,否
C0020,男,普通,微信小程序,32,服务业,深圳,单身青年,否
C0021,女,普通,App自然注册,39,企业职员,青岛,三口之家,否
C0022,女,普通,微信小程序,25,其他,长沙,三口之家,否
C0023,男,金卡,微信小程序,33,其他,郑州,多口之家,是
C0024,女,普通,App自然注册,38,企业职员,上海,多口之家,否
C0025,男,金卡,微信小程序,38,企业职员,其他,银发族,否
C0026,女,普通,微信小程序,34,企业职员,长沙,单身青年,否
C0027,男,银卡,社群裂变,41,企业职员,重庆,三口之家,否
C0028,女,银卡,线下扫码,33,自由职业,郑州,二人世界,否
C0029,男,普通,地推活动,25,全职主妇,上海,二人世界,否
C0030,女,普通,App自然注册,37,自由职业,西安,二人世界,否
C0031,男,普通,线下扫码,36,互联网从业,深圳,三口之家,否
C0032,女,普通,微信小程序,35,公务员,深圳,二人世界,否
C0033,男,普通,地推活动,37,服务业,成都,三口之家,否
C0034,男,金卡,微信小程序,27,企业职员,上海,三口之家,是
C0035,女,银卡,微信小程序,25,企业职员,重庆,单身青年,否
C0036,女,银卡,App自然注册,40,学生,广州,三口之家,否
C0037,女,普通,线下扫码,42,全职主妇,上海,多口之家,否
C0038,女,银卡,线下扫码,29,企业职员,北京,三口之家,否
C0039,女,银卡,线下扫码,24,其他,青岛,三口之家,否
C0040,女,普通,社群裂变,39,全职主妇,重庆,二人世界,否
C0041,女,银卡,社群裂变,38,公务员,上海,三口之家,否
C0042,女,普通,社群裂变,30,全职主妇,西安,银发族,否
C0043,男,银卡,线下扫码,22,企业职员,郑州,银发族,否
C0044,男,金卡,微信小程序,43,互联网从业,重庆,三口之家,是
C0045,女,黑金,线下扫码,24,服务业,上海,多口之家,是
C0046,女,金卡,微信小程序,43,公务员,南京,二人世界,否
C0047,男,普通,线下扫码,35,全职主妇,杭州,银发族,否
C0048,女,普通,微信小程序,36,全职主妇,郑州,单身青年,否
C0049,男,普通,微信小程序,25,自由职业,武汉,三口之家,否
C0050,女,普通,App自然注册,46,企业职员,上海,三口之家,否
C0051,女,普通,微信小程序,34,全职主妇,上海,单身青年,否
C0052,男,银卡,App自然注册,45,企业职员,北京,单身青年,否
C0053,女,普通,App自然注册,29,全职主妇,西安,三口之家,否
C0054,男,银卡,App自然注册,34,企业职员,武汉,单身青年,否
C0055,男,普通,微信小程序,32,全职主妇,其他,二人世界,否
C0056,女,普通,线下扫码,37,服务业,天津,多口之家,否
C0057,男,普通,App自然注册,43,自由职业,广州,三口之家,否
C0058,男,普通,微信小程序,27,企业职员,郑州,三口之家,否
C0059,男,普通,线下扫码,48,服务业,西安,三口之家,否
C0060,男,普通,外卖平台导流,36,全职主妇,深圳,二人世界,否
C0061,女,普通,App自然注册,29,全职主妇,西安,多口之家,否
C0062,男,普通,线下扫码,36,企业职员,西安,单身青年,否
C0063,女,普通,App自然注册,41,企业职员,长沙,三口之家,否
C0064,女,普通,微信小程序,28,企业职员,其他,银发族,否
C0065,男,普通,社群裂变,33,自由职业,其他,单身青年,否
C0066,男,普通,App自然注册,24,企业职员,南京,二人世界,否
C0067,女,金卡,线下扫码,35,全职主妇,北京,二人世界,否
C0068,女,普通,线下扫码,39,全职主妇,上海,多口之家,否
C0069,女,普通,社群裂变,35,企业职员,郑州,银发族,否
C0070,女,金卡,社群裂变,36,全职主妇,杭州,三口之家,是
C0071,女,普通,微信小程序,48,企业职员,广州,单身青年,否
C0072,男,普通,微信小程序,36,企业职员,上海,三口之家,否
C0073,男,金卡,社群裂变,40,全职主妇,重庆,三口之家,是
C0074,女,普通,微信小程序,22,互联网从业,重庆,二人世界,否
C0075,女,银卡,微信小程序,36,其他,其他,单身青年,否
C0076,女,银卡,App自然注册,26,全职主妇,成都,二人世界,否
C0077,女,普通,线下扫码,32,互联网从业,北京,多口之家,否
C0078,女,普通,App自然注册,41,服务业,上海,单身青年,否
C0079,女,银卡,微信小程序,42,其他,郑州,银发族,否
C0080,男,普通,微信小程序,29,其他,北京,单身青年,否
C0081,男,银卡,线下扫码,40,互联网从业,杭州,三口之家,否
C0082,男,普通,微信小程序,29,互联网从业,南京,三口之家,否
C0083,女,普通,外卖平台导流,32,互联网从业,上海,三口之家,否
C0084,男,普通,微信小程序,42,服务业,西安,多口之家,否
C0085,男,普通,App自然注册,30,企业职员,北京,多口之家,否
C0086,男,普通,App自然注册,36,互联网从业,成都,三口之家,否
C0087,男,普通,微信小程序,37,全职主妇,重庆,银发族,否
C0088,男,普通,线下扫码,28,企业职员,杭州,单身青年,否
C0089,女,银卡,App自然注册,38,其他,深圳,二人世界,否
C0090,女,普通,App自然注册,23,全职主妇,深圳,单身青年,否
C0091,男,银卡,App自然注册,29,其他,深圳,二人世界,否
C0092,女,银卡,外卖平台导流,40,全职主妇,其他,二人世界,否
C0093,男,普通,App自然注册,36,互联网从业,青岛,三口之家,否
C0094,男,银卡,App自然注册,42,企业职员,青岛,三口之家,否
C0095,女,普通,微信小程序,32,企业职员,武汉,三口之家,否
C0096,女,银卡,线下扫码,34,服务业,武汉,二人世界,否
C0097,男,普通,微信小程序,35,其他,其他,多口之家,否
C0098,女,普通,App自然注册,38,企业职员,上海,三口之家,否
C0099,女,银卡,社群裂变,37,服务业,广州,三口之家,否
C0100,男,普通,微信小程序,26,企业职员,北京,三口之家,否
C0101,女,普通,微信小程序,43,其他,南京,多口之家,否
C0102,女,金卡,微信小程序,27,自由职业,南京,三口之家,是
C0103,男,普通,地推活动,36,互联网从业,深圳,三口之家,否
C0104,男,普通,微信小程序,39,自由职业,北京,三口之家,否
C0105,女,银卡,外卖平台导流,31,互联网从业,重庆,三口之家,否
C0106,女,普通,社群裂变,44,学生,上海,银发族,否
C0107,女,普通,社群裂变,38,学生,重庆,三口之家,否
C0108,男,普通,App自然注册,28,互联网从业,杭州,单身青年,否
C0109,男,普通,微信小程序,39,公务员,上海,三口之家,否
C0110,女,普通,外卖平台导流,22,自由职业,杭州,多口之家,否
C0111,男,普通,线下扫码,28,其他,上海,多口之家,否
C0112,男,普通,外卖平台导流,35,互联网从业,其他,单身青年,否
C0113,女,银卡,微信小程序,34,互联网从业,天津,三口之家,否
C0114,男,普通,地推活动,36,全职主妇,苏州,二人世界,否
C0115,男,普通,微信小程序,38,互联网从业,重庆,多口之家,否
C0116,女,普通,微信小程序,39,企业职员,天津,三口之家,否
C0117,女,银卡,微信小程序,32,互联网从业,苏州,多口之家,否
C0118,女,普通,App自然注册,41,学生,北京,多口之家,否
C0119,女,普通,微信小程序,27,全职主妇,武汉,二人世界,否
C0120,女,普通,外卖平台导流,40,互联网从业,上海,单身青年,否
C0121,女,普通,线下扫码,42,学生,上海,三口之家,否
C0122,女,普通,微信小程序,30,企业职员,天津,银发族,否
C0123,女,普通,线下扫码,34,其他,长沙,三口之家,否
C0124,男,银卡,地推活动,24,企业职员,其他,三口之家,否
C0125,男,普通,外卖平台导流,48,企业职员,北京,单身青年,否
C0126,女,普通,微信小程序,26,企业职员,南京,单身青年,否
C0127,男,普通,微信小程序,28,公务员,上海,单身青年,否
C0128,男,普通,社群裂变,35,企业职员,武汉,三口之家,否
C0129,男,普通,App自然注册,40,服务业,北京,二人世界,否
C0130,男,普通,微信小程序,39,企业职员,杭州,多口之家,否
C0131,男,银卡,外卖平台导流,34,服务业,武汉,三口之家,否
C0132,男,普通,微信小程序,40,自由职业,重庆,银发族,否
C0133,女,银卡,线下扫码,48,企业职员,长沙,三口之家,否
C0134,男,普通,微信小程序,34,企业职员,郑州,单身青年,否
C0135,女,普通,App自然注册,38,学生,广州,多口之家,否
C0136,女,普通,社群裂变,44,全职主妇,武汉,银发族,否
C0137,男,普通,线下扫码,41,企业职员,广州,三口之家,否
C0138,女,普通,外卖平台导流,31,全职主妇,深圳,多口之家,否
C0139,女,普通,外卖平台导流,44,服务业,天津,单身青年,否
C0140,女,普通,App自然注册,34,服务业,上海,多口之家,否
C0141,女,普通,外卖平台导流,37,企业职员,重庆,多口之家,否
C0142,女,银卡,App自然注册,45,全职主妇,其他,多口之家,否
C0143,男,普通,App自然注册,31,其他,北京,银发族,否
C0144,男,普通,外卖平台导流,27,自由职业,成都,二人世界,否
C0145,男,银卡,App自然注册,38,其他,广州,二人世界,否
C0146,男,普通,社群裂变,32,公务员,其他,三口之家,否
C0147,男,普通,社群裂变,36,企业职员,北京,三口之家,否
C0148,女,普通,App自然注册,34,其他,上海,二人世界,否
C0149,男,普通,外卖平台导流,30,企业职员,天津,三口之家,否
C0150,女,普通,线下扫码,35,互联网从业,天津,二人世界,否
C0151,男,普通,社群裂变,39,互联网从业,杭州,二人世界,否
C0152,女,普通,地推活动,34,企业职员,上海,单身青年,否
C0153,男,银卡,微信小程序,35,自由职业,成都,三口之家,否
C0154,男,普通,外卖平台导流,45,企业职员,武汉,单身青年,否
C0155,女,银卡,线下扫码,31,互联网从业,南京,单身青年,否
C0156,女,普通,App自然注册,32,全职主妇,郑州,二人世界,否
C0157,女,普通,微信小程序,48,全职主妇,成都,三口之家,否
C0158,女,普通,App自然注册,33,全职主妇,成都,三口之家,否
C0159,女,普通,App自然注册,32,企业职员,深圳,单身青年,否
C0160,女,普通,线下扫码,38,全职主妇,上海,三口之家,否
C0161,女,普通,线下扫码,36,企业职员,重庆,单身青年,否
C0162,女,普通,微信小程序,23,全职主妇,重庆,三口之家,否
C0163,女,银卡,微信小程序,30,互联网从业,北京,多口之家,否
C0164,女,普通,线下扫码,48,其他,苏州,三口之家,否
C0165,女,金卡,线下扫码,24,全职主妇,武汉,单身青年,是
C0166,女,普通,微信小程序,30,互联网从业,上海,单身青年,否
C0167,女,普通,线下扫码,40,互联网从业,郑州,多口之家,否
C0168,男,普通,社群裂变,41,互联网从业,深圳,单身青年,否
C0169,女,普通,线下扫码,28,全职主妇,杭州,三口之家,否
C0170,男,银卡,外卖平台导流,48,公务员,上海,二人世界,否
C0171,男,普通,线下扫码,46,全职主妇,北京,单身青年,否
C0172,女,普通,地推活动,39,企业职员,上海,二人世界,否
C0173,女,银卡,App自然注册,38,企业职员,其他,银发族,否
C0174,男,普通,外卖平台导流,31,企业职员,郑州,三口之家,否
C0175,女,金卡,线下扫码,33,服务业,上海,多口之家,是
C0176,男,金卡,微信小程序,39,其他,深圳,单身青年,是
C0177,女,普通,微信小程序,31,公务员,深圳,三口之家,否
C0178,女,普通,App自然注册,39,企业职员,重庆,多口之家,否
C0179,女,普通,外卖平台导流,28,服务业,南京,二人世界,否
C0180,男,普通,微信小程序,39,企业职员,南京,三口之家,否
C0181,男,银卡,微信小程序,25,学生,成都,三口之家,否
C0182,男,普通,App自然注册,38,自由职业,杭州,三口之家,否
C0183,女,普通,微信小程序,48,服务业,天津,银发族,否
C0184,女,普通,App自然注册,22,其他,郑州,银发族,否
C0185,女,金卡,App自然注册,44,学生,成都,单身青年,是
C0186,男,普通,微信小程序,44,全职主妇,武汉,二人世界,否
C0187,女,银卡,App自然注册,43,服务业,南京,单身青年,否
C0188,男,普通,微信小程序,41,公务员,长沙,单身青年,否
C0189,男,普通,线下扫码,42,全职主妇,广州,三口之家,否
C0190,男,普通,微信小程序,29,企业职员,重庆,二人世界,否
C0191,女,金卡,线下扫码,24,互联网从业,上海,三口之家,否
C0192,女,普通,外卖平台导流,32,全职主妇,郑州,二人世界,否
C0193,女,普通,线下扫码,40,企业职员,上海,三口之家,否
C0194,男,普通,外卖平台导流,39,服务业,上海,银发族,否
C0195,女,普通,线下扫码,37,企业职员,其他,三口之家,否
C0196,女,普通,微信小程序,42,自由职业,西安,银发族,否
C0197,男,普通,线下扫码,35,互联网从业,长沙,银发族,否
C0198,女,普通,App自然注册,35,企业职员,成都,单身青年,否
C0199,女,普通,外卖平台导流,38,服务业,上海,二人世界,否
C0200,男,普通,微信小程序,22,企业职员,苏州,银发族,否
C0201,男,普通,外卖平台导流,40,服务业,西安,三口之家,否
C0202,男,黑金,微信小程序,48,互联网从业,天津,二人世界,是
C0203,女,普通,微信小程序,28,企业职员,其他,单身青年,否
C0204,女,普通,线下扫码,36,全职主妇,北京,银发族,否
C0205,女,银卡,App自然注册,32,服务业,苏州,二人世界,否
C0206,女,普通,微信小程序,39,企业职员,成都,二人世界,否
C0207,男,银卡,App自然注册,27,学生,北京,单身青年,否
C0208,男,银卡,App自然注册,37,企业职员,青岛,二人世界,否
C0209,女,金卡,微信小程序,46,自由职业,深圳,三口之家,是
C0210,女,银卡,外卖平台导流,43,全职主妇,杭州,三口之家,否
C0211,女,银卡,线下扫码,22,企业职员,北京,三口之家,否
C0212,男,普通,微信小程序,39,互联网从业,苏州,三口之家,否
C0213,女,普通,微信小程序,36,服务业,上海,多口之家,否
C0214,男,普通,地推活动,23,服务业,北京,三口之家,否
C0215,男,银卡,社群裂变,37,全职主妇,青岛,三口之家,否
C0216,女,银卡,App自然注册,41,企业职员,重庆,三口之家,否
C0217,女,银卡,外卖平台导流,36,互联网从业,重庆,三口之家,否
C0218,男,银卡,微信小程序,37,自由职业,其他,三口之家,否
C0219,女,普通,App自然注册,29,互联网从业,深圳,二人世界,否
C0220,女,普通,微信小程序,28,学生,深圳,三口之家,否
C0221,女,普通,社群裂变,38,学生,郑州,三口之家,否
C0222,女,普通,微信小程序,42,互联网从业,北京,多口之家,否
C0223,男,银卡,App自然注册,39,自由职业,苏州,三口之家,否
C0224,女,普通,线下扫码,44,自由职业,武汉,二人世界,否
C0225,男,普通,外卖平台导流,23,学生,深圳,二人世界,否
C0226,女,普通,微信小程序,38,全职主妇,上海,二人世界,否
C0227,女,金卡,外卖平台导流,48,服务业,广州,二人世界,是
C0228,男,普通,微信小程序,22,企业职员,苏州,单身青年,否
C0229,女,普通,App自然注册,22,企业职员,青岛,多口之家,否
C0230,女,普通,外卖平台导流,38,其他,北京,多口之家,否
C0231,男,普通,App自然注册,35,互联网从业,成都,二人世界,否
C0232,女,普通,微信小程序,35,互联网从业,天津,单身青年,否
C0233,男,金卡,线下扫码,37,企业职员,成都,二人世界,否
C0234,男,普通,社群裂变,30,企业职员,武汉,三口之家,否
C0235,男,银卡,App自然注册,31,企业职员,武汉,单身青年,否
C0236,女,普通,微信小程序,31,企业职员,其他,单身青年,否
C0237,女,银卡,线下扫码,25,全职主妇,上海,多口之家,否
C0238,男,普通,地推活动,32,服务业,杭州,二人世界,否
C0239,女,普通,外卖平台导流,34,全职主妇,苏州,单身青年,否
C0240,女,普通,微信小程序,41,服务业,成都,多口之家,否
C0241,女,黑金,微信小程序,48,互联网从业,武汉,二人世界,是
C0242,女,普通,地推活动,32,服务业,深圳,单身青年,否
C0243,女,普通,App自然注册,30,其他,深圳,单身青年,否
C0244,女,金卡,微信小程序,25,企业职员,成都,二人世界,是
C0245,女,银卡,线下扫码,41,互联网从业,天津,多口之家,否
C0246,男,普通,App自然注册,22,互联网从业,上海,银发族,否
C0247,女,金卡,微信小程序,37,互联网从业,上海,单身青年,是
C0248,男,银卡,外卖平台导流,29,学生,深圳,三口之家,否
C0249,女,普通,线下扫码,38,服务业,深圳,二人世界,否
C0250,女,银卡,微信小程序,38,互联网从业,郑州,三口之家,否
C0251,女,银卡,App自然注册,32,企业职员,南京,二人世界,否
C0252,男,普通,App自然注册,31,全职主妇,北京,三口之家,否
C0253,男,普通,App自然注册,33,互联网从业,广州,三口之家,否
C0254,女,普通,微信小程序,48,公务员,广州,三口之家,否
C0255,女,普通,微信小程序,48,企业职员,武汉,三口之家,否
C0256,女,金卡,微信小程序,36,全职主妇,上海,单身青年,否
C0257,男,普通,地推活动,24,企业职员,武汉,多口之家,否
C0258,男,金卡,线下扫码,36,企业职员,其他,单身青年,是
C0259,男,普通,社群裂变,35,学生,苏州,三口之家,否
C0260,女,银卡,线下扫码,34,自由职业,西安,三口之家,否
C0261,女,普通,App自然注册,33,自由职业,上海,银发族,否
C0262,女,银卡,微信小程序,32,企业职员,上海,二人世界,否
C0263,男,普通,App自然注册,42,服务业,其他,二人世界,否
C0264,男,银卡,微信小程序,35,自由职业,北京,单身青年,否
C0265,男,普通,线下扫码,38,互联网从业,北京,单身青年,否
C0266,男,普通,微信小程序,47,服务业,深圳,三口之家,否
C0267,女,普通,地推活动,29,企业职员,杭州,单身青年,否
C0268,男,普通,地推活动,38,公务员,北京,单身青年,否
C0269,男,银卡,App自然注册,27,自由职业,上海,银发族,否
C0270,男,普通,社群裂变,26,企业职员,南京,单身青年,否
C0271,女,金卡,微信小程序,28,互联网从业,上海,单身青年,是
C0272,男,普通,微信小程序,36,服务业,杭州,银发族,否
C0273,女,普通,线下扫码,34,全职主妇,武汉,三口之家,否
C0274,女,银卡,App自然注册,39,其他,北京,单身青年,否
C0275,女,银卡,微信小程序,30,企业职员,南京,三口之家,否
C0276,男,普通,微信小程序,29,服务业,长沙,单身青年,否
C0277,男,普通,App自然注册,24,服务业,西安,多口之家,否
C0278,女,银卡,社群裂变,35,企业职员,北京,二人世界,否
C0279,男,金卡,App自然注册,33,互联网从业,北京,单身青年,是
C0280,男,银卡,线下扫码,29,企业职员,北京,三口之家,否
C0281,女,银卡,微信小程序,33,互联网从业,西安,单身青年,否
C0282,女,银卡,微信小程序,44,服务业,南京,三口之家,否
C0283,男,普通,微信小程序,33,服务业,苏州,三口之家,否
C0284,女,普通,App自然注册,37,互联网从业,北京,三口之家,否
C0285,女,普通,线下扫码,36,服务业,郑州,三口之家,否
C0286,女,银卡,微信小程序,34,企业职员,上海,三口之家,否
C0287,男,黑金,App自然注册,36,其他,青岛,二人世界,是
C0288,女,普通,App自然注册,32,自由职业,广州,多口之家,否
C0289,男,银卡,微信小程序,25,互联网从业,广州,二人世界,否
C0290,女,金卡,社群裂变,48,自由职业,其他,多口之家,是
C0291,男,普通,线下扫码,34,自由职业,西安,三口之家,否
C0292,女,金卡,微信小程序,29,学生,深圳,多口之家,是
C0293,男,普通,App自然注册,35,自由职业,长沙,二人世界,否
C0294,男,普通,App自然注册,42,自由职业,武汉,多口之家,否
C0295,男,普通,微信小程序,37,自由职业,北京,银发族,否
C0296,男,普通,App自然注册,34,企业职员,上海,三口之家,否
C0297,女,普通,微信小程序,28,企业职员,武汉,三口之家,否
C0298,女,金卡,App自然注册,41,企业职员,成都,三口之家,否
C0299,女,普通,App自然注册,35,自由职业,深圳,三口之家,否
C0300,女,普通,外卖平台导流,32,企业职员,杭州,单身青年,否
C0301,男,银卡,外卖平台导流,29,企业职员,成都,银发族,否
C0302,男,普通,微信小程序,26,互联网从业,武汉,二人世界,否
C0303,男,普通,微信小程序,34,服务业,北京,单身青年,否
C0304,男,普通,社群裂变,22,企业职员,武汉,多口之家,否
C0305,女,银卡,线下扫码,35,企业职员,成都,二人世界,否
C0306,女,普通,微信小程序,41,其他,青岛,二人世界,否
C0307,女,金卡,社群裂变,26,学生,杭州,三口之家,是
C0308,女,普通,微信小程序,36,企业职员,西安,三口之家,否
C0309,女,普通,社群裂变,31,公务员,成都,银发族,否
C0310,女,普通,App自然注册,27,企业职员,成都,二人世界,否
C0311,男,普通,App自然注册,33,互联网从业,青岛,三口之家,否
C0312,女,金卡,App自然注册,41,企业职员,上海,多口之家,是
C0313,女,普通,微信小程序,35,企业职员,广州,多口之家,否
C0314,女,普通,微信小程序,29,企业职员,杭州,单身青年,否
C0315,女,金卡,微信小程序,25,公务员,成都,多口之家,否
C0316,男,银卡,线下扫码,35,学生,成都,单身青年,否
C0317,男,普通,App自然注册,47,自由职业,武汉,三口之家,否
C0318,男,普通,App自然注册,32,自由职业,其他,多口之家,否
C0319,女,普通,外卖平台导流,34,自由职业,杭州,多口之家,否
C0320,女,普通,线下扫码,45,互联网从业,南京,三口之家,否
C0321,男,银卡,微信小程序,43,学生,上海,三口之家,否
C0322,女,金卡,线下扫码,38,其他,杭州,多口之家,是
C0323,男,普通,地推活动,27,企业职员,青岛,单身青年,否
C0324,女,银卡,线下扫码,22,全职主妇,北京,单身青年,否
C0325,女,普通,微信小程序,29,企业职员,其他,二人世界,否
C0326,男,普通,微信小程序,24,服务业,其他,三口之家,否
C0327,男,金卡,App自然注册,41,互联网从业,深圳,银发族,是
C0328,女,银卡,地推活动,40,自由职业,苏州,单身青年,否
C0329,女,普通,App自然注册,31,全职主妇,其他,银发族,否
C0330,男,普通,App自然注册,27,企业职员,成都,单身青年,否
C0331,男,普通,App自然注册,23,自由职业,北京,三口之家,否
C0332,男,普通,地推活动,37,自由职业,苏州,单身青年,否
C0333,男,普通,App自然注册,37,全职主妇,上海,银发族,否
C0334,男,普通,微信小程序,42,互联网从业,天津,二人世界,否
C0335,女,银卡,线下扫码,34,企业职员,深圳,三口之家,否
C0336,女,普通,App自然注册,31,学生,杭州,三口之家,否
C0337,男,普通,微信小程序,40,互联网从业,西安,三口之家,否
C0338,男,银卡,微信小程序,34,自由职业,重庆,银发族,否
C0339,男,银卡,微信小程序,36,自由职业,深圳,银发族,否
C0340,男,普通,App自然注册,27,全职主妇,北京,三口之家,否
C0341,男,普通,微信小程序,48,互联网从业,重庆,二人世界,否
C0342,男,普通,微信小程序,37,企业职员,广州,单身青年,否
C0343,男,普通,App自然注册,37,全职主妇,其他,三口之家,否
C0344,女,普通,社群裂变,22,自由职业,其他,银发族,否
C0345,女,普通,地推活动,47,服务业,深圳,单身青年,否
C0346,男,普通,线下扫码,31,企业职员,苏州,单身青年,否
C0347,女,普通,App自然注册,32,学生,其他,三口之家,否
C0348,女,金卡,地推活动,34,学生,西安,二人世界,是
C0349,女,黑金,社群裂变,38,自由职业,成都,多口之家,是
C0350,男,普通,社群裂变,35,企业职员,广州,三口之家,否
C0351,男,金卡,微信小程序,40,公务员,天津,二人世界,否
C0352,女,普通,微信小程序,40,自由职业,北京,二人世界,否
C0353,男,普通,App自然注册,34,企业职员,重庆,三口之家,否
C0354,男,普通,社群裂变,30,服务业,其他,银发族,否
C0355,男,银卡,线下扫码,31,公务员,杭州,单身青年,否
C0356,男,普通,App自然注册,43,全职主妇,重庆,银发族,否
C0357,女,金卡,微信小程序,30,公务员,其他,多口之家,否
C0358,男,普通,社群裂变,40,服务业,苏州,单身青年,否
C0359,女,普通,外卖平台导流,22,服务业,上海,三口之家,否
C0360,女,金卡,App自然注册,47,服务业,上海,三口之家,是
C0361,女,普通,App自然注册,34,互联网从业,苏州,三口之家,否
C0362,女,银卡,线下扫码,29,企业职员,上海,二人世界,否
C0363,女,普通,外卖平台导流,35,互联网从业,杭州,三口之家,否
C0364,女,银卡,外卖平台导流,33,互联网从业,北京,三口之家,否
C0365,男,黑金,App自然注册,30,互联网从业,南京,单身青年,是
C0366,女,银卡,微信小程序,41,企业职员,郑州,三口之家,否
C0367,男,普通,外卖平台导流,36,企业职员,青岛,单身青年,否
C0368,女,普通,线下扫码,41,企业职员,西安,多口之家,否
C0369,男,普通,微信小程序,22,自由职业,北京,银发族,否
C0370,男,银卡,外卖平台导流,32,企业职员,南京,二人世界,否
C0371,女,普通,外卖平台导流,29,学生,苏州,多口之家,否
C0372,女,普通,App自然注册,37,企业职员,成都,三口之家,否
C0373,男,普通,App自然注册,29,服务业,深圳,单身青年,否
C0374,女,普通,App自然注册,27,全职主妇,武汉,多口之家,否
C0375,男,金卡,App自然注册,43,服务业,上海,单身青年,否
C0376,女,普通,线下扫码,48,自由职业,上海,三口之家,否
C0377,女,普通,线下扫码,39,服务业,深圳,二人世界,否
C0378,女,普通,社群裂变,25,服务业,武汉,三口之家,否
C0379,男,金卡,地推活动,46,其他,北京,三口之家,否
C0380,男,普通,外卖平台导流,34,全职主妇,广州,单身青年,否
C0381,女,普通,App自然注册,33,自由职业,重庆,多口之家,否
C0382,女,普通,线下扫码,43,其他,郑州,二人世界,否
C0383,女,金卡,外卖平台导流,33,其他,重庆,单身青年,否
C0384,女,普通,微信小程序,45,服务业,杭州,二人世界,否
C0385,女,普通,外卖平台导流,37,互联网从业,青岛,单身青年,否
C0386,女,银卡,微信小程序,40,自由职业,西安,多口之家,否
C0387,男,普通,线下扫码,35,全职主妇,深圳,多口之家,否
C0388,男,普通,微信小程序,39,企业职员,上海,银发族,否
C0389,女,金卡,线下扫码,24,服务业,杭州,单身青年,是
C0390,男,普通,外卖平台导流,38,互联网从业,北京,二人世界,否
C0391,男,金卡,微信小程序,34,全职主妇,深圳,单身青年,否
C0392,女,普通,微信小程序,32,自由职业,杭州,三口之家,否
C0393,女,普通,线下扫码,34,企业职员,西安,三口之家,否
C0394,女,普通,外卖平台导流,39,互联网从业,青岛,多口之家,否
C0395,男,银卡,社群裂变,22,企业职员,重庆,单身青年,否
C0396,男,银卡,线下扫码,40,全职主妇,西安,二人世界,否
C0397,男,普通,外卖平台导流,33,企业职员,其他,三口之家,否
C0398,女,银卡,微信小程序,38,公务员,重庆,二人世界,否
C0399,女,普通,App自然注册,35,自由职业,广州,单身青年,否
C0400,男,银卡,线下扫码,39,互联网从业,上海,二人世界,否
C0401,女,普通,App自然注册,25,企业职员,苏州,三口之家,否
C0402,男,普通,微信小程序,22,互联网从业,其他,二人世界,否
C0403,男,普通,外卖平台导流,31,企业职员,深圳,单身青年,否
C0404,女,金卡,App自然注册,38,全职主妇,广州,二人世界,否
C0405,女,金卡,微信小程序,38,自由职业,深圳,三口之家,是
C0406,女,金卡,微信小程序,38,公务员,其他,三口之家,否
C0407,女,普通,App自然注册,40,公务员,北京,二人世界,否
C0408,女,银卡,社群裂变,26,学生,北京,三口之家,否
C0409,男,黑金,微信小程序,33,服务业,苏州,二人世界,是
C0410,女,普通,线下扫码,33,全职主妇,深圳,三口之家,否
C0411,女,普通,线下扫码,36,企业职员,西安,三口之家,否
C0412,女,普通,微信小程序,40,企业职员,苏州,三口之家,否
C0413,女,银卡,社群裂变,30,服务业,成都,三口之家,否
C0414,男,普通,线下扫码,35,全职主妇,北京,三口之家,否
C0415,女,银卡,微信小程序,23,企业职员,重庆,银发族,否
C0416,男,普通,外卖平台导流,22,公务员,深圳,三口之家,否
C0417,女,银卡,App自然注册,33,自由职业,成都,三口之家,否
C0418,女,普通,微信小程序,34,其他,苏州,三口之家,否
C0419,男,普通,线下扫码,22,其他,成都,单身青年,否
C0420,男,普通,App自然注册,38,其他,重庆,多口之家,否
C0421,女,普通,微信小程序,46,企业职员,南京,三口之家,否
C0422,男,普通,App自然注册,27,其他,其他,多口之家,否
C0423,女,普通,线下扫码,43,企业职员,西安,银发族,否
C0424,男,普通,外卖平台导流,27,全职主妇,广州,单身青年,否
C0425,男,普通,社群裂变,26,自由职业,上海,单身青年,否
C0426,男,普通,线下扫码,34,学生,郑州,二人世界,否
C0427,男,银卡,微信小程序,27,其他,上海,三口之家,否
C0428,女,普通,社群裂变,27,学生,天津,银发族,否
C0429,女,普通,微信小程序,32,企业职员,武汉,三口之家,否
C0430,女,普通,线下扫码,47,公务员,上海,三口之家,否
C0431,女,银卡,微信小程序,25,其他,天津,三口之家,否
C0432,女,普通,外卖平台导流,40,自由职业,重庆,三口之家,否
C0433,女,普通,微信小程序,31,其他,天津,多口之家,否
C0434,女,普通,线下扫码,43,服务业,郑州,单身青年,否
C0435,女,普通,社群裂变,35,企业职员,北京,单身青年,否
C0436,女,普通,线下扫码,36,全职主妇,上海,单身青年,否
C0437,女,银卡,社群裂变,33,企业职员,上海,二人世界,否
C0438,男,金卡,社群裂变,35,企业职员,深圳,单身青年,否
C0439,女,金卡,App自然注册,40,企业职员,北京,银发族,否
C0440,男,普通,App自然注册,27,互联网从业,成都,多口之家,否
C0441,女,普通,社群裂变,34,全职主妇,上海,三口之家,否
C0442,女,普通,微信小程序,31,互联网从业,苏州,三口之家,否
C0443,女,普通,App自然注册,31,服务业,北京,二人世界,否
C0444,男,金卡,外卖平台导流,36,学生,上海,多口之家,是
C0445,女,普通,微信小程序,37,自由职业,上海,单身青年,否
C0446,女,普通,App自然注册,35,服务业,成都,单身青年,否
C0447,男,普通,社群裂变,36,自由职业,西安,三口之家,否
C0448,女,普通,线下扫码,34,公务员,长沙,多口之家,否
C0449,女,普通,微信小程序,22,互联网从业,长沙,多口之家,否
C0450,男,普通,微信小程序,33,学生,其他,单身青年,否
C0451,男,金卡,微信小程序,37,学生,北京,三口之家,是
C0452,男,普通,微信小程序,22,学生,广州,二人世界,否
C0453,女,普通,外卖平台导流,36,学生,上海,银发族,否
C0454,女,普通,App自然注册,34,公务员,成都,银发族,否
C0455,女,普通,微信小程序,27,服务业,南京,多口之家,否
C0456,男,金卡,微信小程序,42,全职主妇,天津,银发族,是
C0457,女,普通,地推活动,35,互联网从业,上海,三口之家,否
C0458,女,银卡,社群裂变,33,其他,深圳,银发族,否
C0459,男,普通,微信小程序,30,学生,西安,单身青年,否
C0460,女,普通,社群裂变,24,全职主妇,成都,单身青年,否
C0461,男,普通,微信小程序,40,全职主妇,南京,三口之家,否
C0462,男,普通,App自然注册,28,公务员,上海,银发族,否
C0463,女,银卡,社群裂变,36,企业职员,上海,单身青年,否
C0464,女,银卡,线下扫码,36,全职主妇,郑州,单身青年,否
C0465,男,普通,微信小程序,31,服务业,武汉,三口之家,否
C0466,男,普通,App自然注册,40,自由职业,青岛,单身青年,否
C0467,女,普通,社群裂变,34,企业职员,杭州,二人世界,否
C0468,女,银卡,线下扫码,34,全职主妇,西安,二人世界,否
C0469,女,普通,微信小程序,48,服务业,郑州,二人世界,否
C0470,女,普通,App自然注册,40,服务业,西安,银发族,否
C0471,女,普通,微信小程序,40,服务业,苏州,二人世界,否
C0472,女,普通,App自然注册,34,企业职员,上海,多口之家,否
C0473,男,普通,地推活动,24,企业职员,成都,单身青年,否
C0474,男,普通,线下扫码,35,全职主妇,杭州,三口之家,否
C0475,女,普通,线下扫码,25,企业职员,苏州,三口之家,否
C0476,男,普通,线下扫码,41,学生,北京,银发族,否
C0477,女,银卡,App自然注册,29,企业职员,成都,三口之家,否
C0478,男,普通,微信小程序,29,其他,青岛,三口之家,否
C0479,女,普通,微信小程序,35,学生,上海,三口之家,否
C0480,男,金卡,微信小程序,38,互联网从业,长沙,银发族,是
C0481,女,金卡,微信小程序,32,互联网从业,武汉,二人世界,否
C0482,女,普通,外卖平台导流,36,企业职员,广州,二人世界,否
C0483,男,黑金,线下扫码,26,互联网从业,广州,三口之家,是
C0484,女,银卡,外卖平台导流,44,互联网从业,武汉,三口之家,否
C0485,男,普通,微信小程序,31,学生,杭州,二人世界,否
C0486,女,普通,线下扫码,34,全职主妇,重庆,三口之家,否
C0487,女,普通,外卖平台导流,30,企业职员,南京,二人世界,否
C0488,女,银卡,App自然注册,27,企业职员,上海,三口之家,否
C0489,男,银卡,外卖平台导流,25,企业职员,天津,三口之家,否
C0490,男,普通,App自然注册,44,企业职员,其他,单身青年,否
C0491,女,普通,微信小程序,36,学生,其他,三口之家,否
C0492,女,普通,线下扫码,37,企业职员,其他,多口之家,否
C0493,男,普通,微信小程序,35,学生,天津,二人世界,否
C0494,女,普通,微信小程序,35,其他,北京,多口之家,否
C0495,女,银卡,社群裂变,22,企业职员,北京,三口之家,否
C0496,女,普通,微信小程序,37,自由职业,苏州,三口之家,否
C0497,女,普通,社群裂变,28,公务员,天津,多口之家,否
C0498,男,普通,线下扫码,48,企业职员,武汉,二人世界,否
C0499,女,金卡,App自然注册,31,服务业,上海,三口之家,是
C0500,女,黑金,地推活动,31,学生,广州,三口之家,是
C0501,男,普通,微信小程序,38,自由职业,杭州,多口之家,否
C0502,男,银卡,App自然注册,36,服务业,苏州,三口之家,否
C0503,女,普通,微信小程序,35,全职主妇,杭州,二人世界,否
C0504,男,银卡,社群裂变,42,其他,苏州,三口之家,否
C0505,女,金卡,App自然注册,48,企业职员,其他,二人世界,是
C0506,男,黑金,线下扫码,22,互联网从业,苏州,单身青年,是
C0507,男,普通,App自然注册,26,互联网从业,其他,二人世界,否
C0508,男,普通,微信小程序,40,学生,上海,三口之家,否
C0509,女,银卡,地推活动,27,其他,杭州,单身青年,否
C0510,男,普通,线下扫码,29,其他,天津,三口之家,否
C0511,男,银卡,App自然注册,35,自由职业,深圳,二人世界,否
C0512,男,普通,App自然注册,38,公务员,成都,二人世界,否
C0513,女,普通,微信小程序,37,企业职员,深圳,二人世界,否
C0514,男,银卡,微信小程序,39,全职主妇,重庆,银发族,否
C0515,女,普通,App自然注册,43,互联网从业,成都,三口之家,否
C0516,女,普通,社群裂变,38,企业职员,苏州,单身青年,否
C0517,女,普通,微信小程序,31,全职主妇,武汉,单身青年,否
C0518,女,普通,社群裂变,26,自由职业,广州,三口之家,否
C0519,男,银卡,微信小程序,35,互联网从业,重庆,单身青年,否
C0520,男,普通,App自然注册,25,自由职业,长沙,二人世界,否
C0521,男,普通,外卖平台导流,28,服务业,上海,二人世界,否
C0522,女,普通,微信小程序,36,自由职业,武汉,二人世界,否
C0523,男,普通,线下扫码,34,企业职员,其他,三口之家,否
C0524,女,黑金,App自然注册,35,企业职员,天津,银发族,是
C0525,女,黑金,线下扫码,33,服务业,北京,三口之家,是
C0526,女,银卡,微信小程序,29,自由职业,杭州,多口之家,否
C0527,男,普通,外卖平台导流,28,其他,广州,三口之家,否
C0528,女,普通,App自然注册,37,全职主妇,北京,二人世界,否
C0529,女,普通,App自然注册,30,其他,西安,单身青年,否
C0530,女,普通,微信小程序,29,其他,天津,多口之家,否
C0531,男,普通,微信小程序,32,自由职业,杭州,三口之家,否
C0532,女,普通,外卖平台导流,30,服务业,杭州,二人世界,否
C0533,男,普通,线下扫码,36,服务业,上海,二人世界,否
C0534,女,银卡,微信小程序,32,自由职业,成都,单身青年,否
C0535,男,普通,App自然注册,42,全职主妇,武汉,三口之家,否
C0536,男,黑金,微信小程序,39,学生,深圳,三口之家,是
C0537,男,银卡,微信小程序,36,全职主妇,北京,二人世界,否
C0538,男,普通,线下扫码,26,企业职员,武汉,银发族,否
C0539,女,普通,微信小程序,44,服务业,广州,单身青年,否
C0540,女,银卡,App自然注册,36,全职主妇,深圳,二人世界,否
C0541,女,普通,线下扫码,35,学生,南京,单身青年,否
C0542,男,金卡,线下扫码,38,服务业,成都,二人世界,否
C0543,女,普通,线下扫码,31,全职主妇,广州,多口之家,否
C0544,女,普通,微信小程序,38,服务业,上海,三口之家,否
C0545,男,银卡,地推活动,40,其他,成都,银发族,否
C0546,女,银卡,微信小程序,48,全职主妇,成都,银发族,否
C0547,女,普通,微信小程序,36,服务业,成都,三口之家,否
C0548,女,普通,微信小程序,45,全职主妇,深圳,银发族,否
C0549,男,普通,社群裂变,22,互联网从业,北京,三口之家,否
C0550,男,普通,微信小程序,39,全职主妇,上海,三口之家,否
C0551,女,银卡,外卖平台导流,33,全职主妇,成都,单身青年,否
C0552,男,普通,App自然注册,37,企业职员,杭州,三口之家,否
C0553,男,普通,App自然注册,33,服务业,武汉,三口之家,否
C0554,女,普通,线下扫码,29,全职主妇,北京,三口之家,否
C0555,男,普通,App自然注册,43,全职主妇,其他,单身青年,否
C0556,女,普通,外卖平台导流,31,学生,西安,三口之家,否
C0557,女,银卡,微信小程序,40,企业职员,北京,单身青年,否
C0558,女,普通,地推活动,41,全职主妇,杭州,三口之家,否
C0559,男,普通,微信小程序,40,互联网从业,上海,二人世界,否
C0560,男,黑金,外卖平台导流,33,企业职员,上海,多口之家,是
C0561,女,普通,线下扫码,43,其他,上海,二人世界,否
C0562,男,银卡,微信小程序,38,全职主妇,上海,多口之家,否
C0563,女,黑金,App自然注册,28,服务业,郑州,单身青年,是
C0564,女,普通,线下扫码,30,互联网从业,南京,三口之家,否
C0565,女,普通,社群裂变,22,互联网从业,成都,单身青年,否
C0566,女,银卡,App自然注册,33,互联网从业,北京,多口之家,否
C0567,男,普通,线下扫码,47,学生,北京,三口之家,否
C0568,男,银卡,App自然注册,33,其他,郑州,多口之家,否
C0569,女,普通,App自然注册,26,自由职业,上海,三口之家,否
C0570,女,普通,微信小程序,44,学生,郑州,二人世界,否
C0571,男,普通,外卖平台导流,40,企业职员,深圳,多口之家,否
C0572,男,普通,App自然注册,40,全职主妇,其他,二人世界,否
C0573,男,普通,微信小程序,27,其他,上海,三口之家,否
C0574,女,普通,App自然注册,26,企业职员,长沙,二人世界,否
C0575,女,普通,线下扫码,40,企业职员,武汉,三口之家,否
C0576,女,普通,微信小程序,28,自由职业,上海,单身青年,否
C0577,男,银卡,社群裂变,36,公务员,上海,三口之家,否
C0578,男,普通,外卖平台导流,45,企业职员,苏州,三口之家,否
C0579,男,普通,线下扫码,33,企业职员,武汉,二人世界,否
C0580,男,普通,线下扫码,36,公务员,成都,三口之家,否
C0581,女,普通,App自然注册,26,自由职业,天津,三口之家,否
C0582,男,普通,App自然注册,32,企业职员,南京,三口之家,否
C0583,男,普通,外卖平台导流,35,公务员,长沙,多口之家,否
C0584,女,普通,社群裂变,33,学生,武汉,三口之家,否
C0585,女,普通,社群裂变,37,全职主妇,深圳,三口之家,否
C0586,男,普通,微信小程序,40,自由职业,北京,多口之家,否
C0587,男,普通,微信小程序,36,互联网从业,深圳,多口之家,否
C0588,男,普通,App自然注册,32,服务业,深圳,单身青年,否
C0589,男,普通,外卖平台导流,22,学生,郑州,三口之家,否
C0590,男,普通,线下扫码,41,企业职员,西安,银发族,否
C0591,男,金卡,线下扫码,30,互联网从业,其他,单身青年,是
C0592,女,普通,外卖平台导流,48,自由职业,杭州,三口之家,否
C0593,男,普通,线下扫码,44,全职主妇,重庆,多口之家,否
C0594,男,银卡,微信小程序,42,企业职员,北京,三口之家,否
C0595,女,普通,地推活动,42,全职主妇,西安,单身青年,否
C0596,男,普通,微信小程序,27,企业职员,郑州,三口之家,否
C0597,男,银卡,微信小程序,36,全职主妇,深圳,银发族,否
C0598,男,普通,外卖平台导流,40,企业职员,南京,三口之家,否
C0599,男,普通,App自然注册,37,互联网从业,青岛,三口之家,否
C0600,女,普通,线下扫码,32,企业职员,南京,银发族,否
C0601,男,普通,社群裂变,42,企业职员,郑州,三口之家,否
C0602,女,普通,线下扫码,34,企业职员,天津,单身青年,否
C0603,男,银卡,地推活动,38,公务员,北京,二人世界,否
C0604,女,普通,线下扫码,27,互联网从业,其他,三口之家,否
C0605,男,普通,外卖平台导流,34,公务员,北京,三口之家,否
C0606,男,金卡,App自然注册,36,服务业,深圳,银发族,是
C0607,男,普通,App自然注册,40,互联网从业,广州,二人世界,否
C0608,女,黑金,微信小程序,38,服务业,西安,银发族,是
C0609,女,银卡,App自然注册,37,互联网从业,其他,银发族,否
C0610,男,普通,社群裂变,22,互联网从业,重庆,单身青年,否
C0611,女,银卡,App自然注册,27,企业职员,成都,三口之家,否
C0612,男,普通,外卖平台导流,27,全职主妇,武汉,三口之家,否
C0613,女,普通,App自然注册,40,其他,天津,三口之家,否
C0614,男,普通,微信小程序,43,学生,重庆,多口之家,否
C0615,男,普通,社群裂变,37,企业职员,重庆,二人世界,否
C0616,女,银卡,App自然注册,34,全职主妇,广州,三口之家,否
C0617,男,普通,微信小程序,37,自由职业,广州,三口之家,否
C0618,女,普通,线下扫码,27,企业职员,西安,二人世界,否
C0619,男,银卡,微信小程序,38,企业职员,成都,单身青年,否
C0620,男,普通,微信小程序,41,公务员,上海,二人世界,否
C0621,男,普通,App自然注册,27,全职主妇,上海,单身青年,否
C0622,男,普通,社群裂变,31,学生,武汉,银发族,否
C0623,女,普通,App自然注册,28,企业职员,深圳,单身青年,否
C0624,女,普通,App自然注册,28,学生,郑州,银发族,否
C0625,男,普通,线下扫码,34,企业职员,上海,单身青年,否
C0626,女,普通,外卖平台导流,28,企业职员,南京,银发族,否
C0627,女,普通,App自然注册,41,服务业,北京,多口之家,否
C0628,女,普通,社群裂变,31,服务业,深圳,多口之家,否
C0629,女,普通,线下扫码,22,自由职业,重庆,单身青年,否
C0630,女,普通,微信小程序,42,学生,南京,多口之家,否
C0631,男,金卡,App自然注册,30,互联网从业,深圳,三口之家,否
C0632,女,普通,微信小程序,31,企业职员,北京,三口之家,否
C0633,女,普通,地推活动,37,全职主妇,武汉,二人世界,否
C0634,男,金卡,App自然注册,41,其他,西安,三口之家,是
C0635,女,普通,App自然注册,34,全职主妇,深圳,二人世界,否
C0636,女,普通,线下扫码,42,自由职业,成都,单身青年,否
C0637,男,普通,App自然注册,38,公务员,西安,三口之家,否
C0638,男,普通,线下扫码,23,企业职员,广州,多口之家,否
C0639,男,银卡,外卖平台导流,34,自由职业,深圳,多口之家,否
C0640,女,普通,线下扫码,36,企业职员,深圳,银发族,否
C0641,男,普通,社群裂变,41,企业职员,深圳,单身青年,否
C0642,男,银卡,社群裂变,23,自由职业,重庆,多口之家,否
C0643,男,银卡,线下扫码,28,企业职员,杭州,单身青年,否
C0644,女,普通,外卖平台导流,36,企业职员,深圳,二人世界,否
C0645,男,银卡,社群裂变,30,公务员,深圳,单身青年,否
C0646,女,普通,微信小程序,44,学生,上海,二人世界,否
C0647,男,普通,微信小程序,25,互联网从业,上海,银发族,否
C0648,女,普通,地推活动,34,企业职员,其他,多口之家,否
C0649,女,普通,App自然注册,37,互联网从业,天津,单身青年,否
C0650,男,普通,App自然注册,36,服务业,长沙,三口之家,否
C0651,女,普通,线下扫码,37,服务业,北京,三口之家,否
C0652,女,普通,微信小程序,38,公务员,其他,三口之家,否
C0653,男,普通,微信小程序,36,公务员,深圳,多口之家,否
C0654,女,普通,线下扫码,30,企业职员,武汉,多口之家,否
C0655,女,黑金,线下扫码,45,企业职员,广州,多口之家,是
C0656,男,银卡,App自然注册,35,公务员,北京,多口之家,否
C0657,女,银卡,App自然注册,31,自由职业,深圳,三口之家,否
C0658,女,普通,外卖平台导流,45,企业职员,其他,多口之家,否
C0659,男,普通,微信小程序,38,全职主妇,上海,二人世界,否
C0660,女,普通,App自然注册,34,服务业,武汉,二人世界,否
C0661,男,普通,微信小程序,31,全职主妇,杭州,单身青年,否
C0662,女,普通,线下扫码,46,其他,天津,三口之家,否
C0663,男,普通,外卖平台导流,48,互联网从业,其他,单身青年,否
C0664,女,普通,外卖平台导流,38,企业职员,重庆,银发族,否
C0665,男,普通,外卖平台导流,37,互联网从业,上海,单身青年,否
C0666,女,银卡,微信小程序,30,企业职员,其他,三口之家,否
C0667,女,普通,微信小程序,46,全职主妇,广州,三口之家,否
C0668,男,金卡,社群裂变,34,互联网从业,成都,三口之家,是
C0669,男,普通,App自然注册,32,互联网从业,深圳,三口之家,否
C0670,男,普通,社群裂变,39,企业职员,其他,二人世界,否
C0671,男,普通,微信小程序,39,企业职员,深圳,三口之家,否
C0672,男,普通,微信小程序,28,自由职业,北京,三口之家,否
C0673,女,银卡,App自然注册,44,互联网从业,其他,二人世界,否
C0674,女,普通,社群裂变,27,学生,杭州,三口之家,否
C0675,男,普通,外卖平台导流,24,互联网从业,郑州,单身青年,否
C0676,男,银卡,App自然注册,41,互联网从业,上海,二人世界,否
C0677,女,普通,线下扫码,33,互联网从业,成都,二人世界,否
C0678,女,普通,线下扫码,33,互联网从业,北京,单身青年,否
C0679,女,普通,App自然注册,37,互联网从业,其他,三口之家,否
C0680,男,普通,地推活动,40,学生,杭州,银发族,否
C0681,男,普通,外卖平台导流,32,企业职员,深圳,多口之家,否
C0682,女,普通,外卖平台导流,25,服务业,广州,三口之家,否
C0683,男,普通,App自然注册,36,学生,北京,二人世界,否
C0684,男,普通,线下扫码,48,学生,郑州,二人世界,否
C0685,男,普通,社群裂变,33,自由职业,广州,二人世界,否
C0686,女,普通,社群裂变,40,服务业,成都,银发族,否
C0687,女,银卡,线下扫码,42,全职主妇,上海,银发族,否
C0688,男,普通,线下扫码,30,服务业,北京,银发族,否
C0689,女,普通,线下扫码,41,企业职员,苏州,银发族,否
C0690,男,银卡,线下扫码,35,全职主妇,深圳,单身青年,否
C0691,女,银卡,线下扫码,27,企业职员,北京,三口之家,否
C0692,女,普通,App自然注册,44,自由职业,武汉,三口之家,否
C0693,女,银卡,App自然注册,39,企业职员,成都,三口之家,否
C0694,女,普通,线下扫码,31,公务员,北京,三口之家,否
C0695,男,普通,社群裂变,35,企业职员,青岛,多口之家,否
C0696,女,普通,微信小程序,41,企业职员,长沙,三口之家,否
C0697,女,普通,外卖平台导流,35,互联网从业,郑州,三口之家,否
C0698,女,银卡,线下扫码,31,其他,重庆,二人世界,否
C0699,女,普通,App自然注册,36,全职主妇,上海,三口之家,否
C0700,男,普通,微信小程序,35,全职主妇,上海,单身青年,否
C0701,男,普通,微信小程序,39,其他,深圳,单身青年,否
C0702,女,普通,外卖平台导流,31,企业职员,青岛,多口之家,否
C0703,男,普通,社群裂变,24,企业职员,深圳,单身青年,否
C0704,男,普通,线下扫码,45,全职主妇,上海,三口之家,否
C0705,女,普通,App自然注册,43,其他,郑州,二人世界,否
C0706,男,普通,App自然注册,34,其他,南京,二人世界,否
C0707,女,普通,微信小程序,40,服务业,长沙,三口之家,否
C0708,男,普通,微信小程序,34,服务业,北京,三口之家,否
C0709,男,普通,App自然注册,43,自由职业,苏州,单身青年,否
C0710,女,普通,App自然注册,36,服务业,武汉,单身青年,否
C0711,女,普通,微信小程序,22,互联网从业,重庆,三口之家,否
C0712,男,普通,微信小程序,42,企业职员,成都,二人世界,否
C0713,女,普通,地推活动,34,企业职员,上海,三口之家,否
C0714,女,普通,App自然注册,23,自由职业,深圳,单身青年,否
C0715,男,银卡,线下扫码,27,自由职业,广州,单身青年,否
C0716,男,普通,微信小程序,26,自由职业,杭州,三口之家,否
C0717,男,黑金,地推活动,29,互联网从业,南京,单身青年,是
C0718,女,普通,线下扫码,31,互联网从业,郑州,三口之家,否
C0719,女,普通,社群裂变,42,全职主妇,其他,二人世界,否
C0720,女,普通,App自然注册,40,自由职业,北京,三口之家,否
C0721,男,银卡,App自然注册,31,自由职业,苏州,单身青年,否
C0722,女,普通,外卖平台导流,36,自由职业,深圳,多口之家,否
C0723,女,银卡,线下扫码,42,其他,南京,二人世界,否
C0724,女,银卡,线下扫码,39,企业职员,杭州,多口之家,否
C0725,女,银卡,App自然注册,35,服务业,天津,单身青年,否
C0726,男,普通,社群裂变,27,其他,武汉,单身青年,否
C0727,女,普通,线下扫码,24,企业职员,成都,单身青年,否
C0728,女,普通,地推活动,36,服务业,北京,二人世界,否
C0729,女,普通,App自然注册,37,企业职员,成都,多口之家,否
C0730,男,金卡,App自然注册,23,全职主妇,杭州,银发族,否
C0731,女,普通,微信小程序,31,全职主妇,武汉,二人世界,否
C0732,男,银卡,外卖平台导流,39,互联网从业,上海,多口之家,否
C0733,女,银卡,App自然注册,30,服务业,南京,二人世界,否
C0734,女,普通,地推活动,22,学生,其他,多口之家,否
C0735,男,银卡,线下扫码,41,自由职业,广州,二人世界,否
C0736,女,普通,微信小程序,31,自由职业,其他,三口之家,否
C0737,女,普通,社群裂变,26,服务业,武汉,三口之家,否
C0738,女,普通,微信小程序,22,服务业,上海,三口之家,否
C0739,女,普通,微信小程序,39,全职主妇,北京,三口之家,否
C0740,女,银卡,外卖平台导流,25,企业职员,重庆,单身青年,否
C0741,女,银卡,社群裂变,48,服务业,上海,银发族,否
C0742,女,银卡,App自然注册,42,全职主妇,苏州,二人世界,否
C0743,女,金卡,线下扫码,38,企业职员,广州,三口之家,是
C0744,男,普通,外卖平台导流,30,学生,深圳,二人世界,否
C0745,女,普通,App自然注册,36,企业职员,广州,银发族,否
C0746,女,普通,App自然注册,39,互联网从业,北京,多口之家,否
C0747,女,普通,外卖平台导流,37,互联网从业,广州,单身青年,否
C0748,男,普通,线下扫码,34,自由职业,重庆,三口之家,否
C0749,男,银卡,微信小程序,45,全职主妇,南京,多口之家,否
C0750,男,普通,微信小程序,35,互联网从业,西安,银发族,否
C0751,男,普通,App自然注册,27,全职主妇,深圳,银发族,否
C0752,女,银卡,线下扫码,31,企业职员,武汉,三口之家,否
C0753,女,普通,微信小程序,33,企业职员,上海,单身青年,否
C0754,男,普通,线下扫码,36,互联网从业,杭州,多口之家,否
C0755,男,普通,社群裂变,46,服务业,南京,二人世界,否
C0756,男,普通,微信小程序,43,自由职业,苏州,银发族,否
C0757,女,普通,微信小程序,42,服务业,深圳,三口之家,否
C0758,女,普通,社群裂变,27,全职主妇,苏州,三口之家,否
C0759,男,普通,外卖平台导流,25,全职主妇,北京,二人世界,否
C0760,男,普通,微信小程序,34,互联网从业,重庆,单身青年,否
C0761,女,普通,App自然注册,30,企业职员,北京,银发族,否
C0762,男,普通,线下扫码,22,企业职员,深圳,三口之家,否
C0763,女,普通,微信小程序,32,学生,北京,三口之家,否
C0764,男,普通,线下扫码,48,公务员,广州,三口之家,否
C0765,女,普通,社群裂变,30,学生,深圳,二人世界,否
C0766,男,普通,App自然注册,35,全职主妇,深圳,多口之家,否
C0767,女,普通,微信小程序,27,企业职员,南京,三口之家,否
C0768,女,普通,微信小程序,37,企业职员,苏州,三口之家,否
C0769,男,普通,社群裂变,38,全职主妇,深圳,单身青年,否
C0770,女,银卡,微信小程序,31,服务业,长沙,二人世界,否
C0771,女,普通,社群裂变,22,服务业,青岛,单身青年,否
C0772,女,普通,社群裂变,45,企业职员,西安,银发族,否
C0773,男,银卡,微信小程序,29,互联网从业,成都,三口之家,否
C0774,女,金卡,微信小程序,26,其他,武汉,三口之家,是
C0775,男,银卡,外卖平台导流,31,企业职员,重庆,单身青年,否
C0776,男,银卡,地推活动,28,企业职员,杭州,多口之家,否
C0777,女,普通,App自然注册,39,其他,成都,多口之家,否
C0778,女,金卡,外卖平台导流,45,全职主妇,天津,三口之家,是
C0779,女,普通,社群裂变,22,企业职员,深圳,多口之家,否
C0780,女,普通,地推活动,27,全职主妇,其他,单身青年,否
C0781,男,普通,社群裂变,31,自由职业,上海,多口之家,否
C0782,男,普通,微信小程序,33,公务员,北京,二人世界,否
C0783,男,普通,App自然注册,27,全职主妇,上海,单身青年,否
C0784,女,金卡,微信小程序,36,自由职业,武汉,多口之家,是
C0785,男,普通,线下扫码,39,互联网从业,成都,单身青年,否
C0786,男,金卡,App自然注册,29,服务业,重庆,二人世界,否
C0787,女,普通,外卖平台导流,37,互联网从业,天津,三口之家,否
C0788,男,普通,App自然注册,36,企业职员,上海,多口之家,否
C0789,女,普通,地推活动,23,全职主妇,杭州,三口之家,否
C0790,男,普通,线下扫码,34,企业职员,重庆,三口之家,否
C0791,女,普通,外卖平台导流,39,企业职员,成都,多口之家,否
C0792,女,普通,App自然注册,28,互联网从业,南京,三口之家,否
C0793,男,普通,线下扫码,30,全职主妇,成都,二人世界,否
C0794,男,普通,App自然注册,29,全职主妇,上海,多口之家,否
C0795,女,普通,App自然注册,33,服务业,北京,多口之家,否
C0796,女,普通,线下扫码,37,服务业,杭州,二人世界,否
C0797,男,普通,微信小程序,31,全职主妇,北京,二人世界,否
C0798,女,普通,社群裂变,34,企业职员,天津,银发族,否
C0799,女,金卡,App自然注册,42,全职主妇,青岛,单身青年,是
C0800,男,普通,微信小程序,42,自由职业,其他,二人世界,否
C0801,男,普通,线下扫码,25,其他,成都,二人世界,否
C0802,女,银卡,微信小程序,34,企业职员,上海,三口之家,否
C0803,女,金卡,微信小程序,43,全职主妇,杭州,三口之家,是
C0804,男,普通,地推活动,45,全职主妇,西安,多口之家,否
C0805,男,普通,微信小程序,37,其他,南京,三口之家,否
C0806,男,普通,外卖平台导流,35,互联网从业,长沙,二人世界,否
C0807,男,普通,微信小程序,33,学生,武汉,三口之家,否
C0808,男,普通,App自然注册,41,企业职员,南京,单身青年,否
C0809,女,普通,微信小程序,34,互联网从业,青岛,二人世界,否
C0810,女,普通,App自然注册,35,企业职员,其他,单身青年,否
C0811,男,普通,App自然注册,38,公务员,北京,三口之家,否
C0812,男,普通,微信小程序,39,公务员,其他,多口之家,否
C0813,女,普通,社群裂变,30,互联网从业,成都,多口之家,否
C0814,女,银卡,社群裂变,32,全职主妇,深圳,单身青年,否
C0815,女,银卡,微信小程序,27,服务业,上海,三口之家,否
C0816,男,普通,外卖平台导流,28,互联网从业,其他,三口之家,否
C0817,男,银卡,线下扫码,28,公务员,长沙,二人世界,否
C0818,女,普通,社群裂变,35,服务业,杭州,三口之家,否
C0819,女,银卡,微信小程序,37,企业职员,广州,单身青年,否
C0820,女,普通,微信小程序,22,服务业,西安,银发族,否
C0821,男,普通,微信小程序,37,互联网从业,北京,二人世界,否
C0822,女,普通,线下扫码,26,企业职员,北京,三口之家,否
C0823,男,普通,社群裂变,24,全职主妇,苏州,三口之家,否
C0824,女,银卡,App自然注册,43,自由职业,其他,二人世界,否
C0825,男,银卡,外卖平台导流,39,学生,成都,银发族,否
C0826,男,银卡,微信小程序,28,企业职员,青岛,单身青年,否
C0827,男,普通,App自然注册,30,自由职业,广州,三口之家,否
C0828,女,普通,地推活动,28,企业职员,成都,三口之家,否
C0829,男,银卡,社群裂变,44,企业职员,青岛,单身青年,否
C0830,男,银卡,微信小程序,43,其他,青岛,三口之家,否
C0831,男,银卡,App自然注册,26,其他,天津,三口之家,否
C0832,女,普通,App自然注册,29,企业职员,成都,三口之家,否
C0833,男,普通,外卖平台导流,26,企业职员,青岛,多口之家,否
C0834,男,银卡,微信小程序,33,服务业,重庆,二人世界,否
C0835,男,普通,微信小程序,28,学生,其他,三口之家,否
C0836,女,普通,微信小程序,29,自由职业,长沙,三口之家,否
C0837,女,银卡,外卖平台导流,26,互联网从业,广州,多口之家,否
C0838,男,金卡,外卖平台导流,39,学生,西安,三口之家,是
C0839,男,金卡,社群裂变,33,全职主妇,长沙,三口之家,是
C0840,男,银卡,线下扫码,32,公务员,深圳,单身青年,否
C0841,男,银卡,地推活动,37,互联网从业,重庆,多口之家,否
C0842,女,普通,线下扫码,36,企业职员,广州,三口之家,否
C0843,男,普通,线下扫码,46,企业职员,南京,三口之家,否
C0844,男,普通,App自然注册,38,其他,南京,银发族,否
C0845,女,普通,线下扫码,25,学生,南京,二人世界,否
C0846,男,普通,线下扫码,22,企业职员,上海,单身青年,否
C0847,男,金卡,微信小程序,28,企业职员,长沙,二人世界,是
C0848,女,普通,线下扫码,32,企业职员,深圳,三口之家,否
C0849,女,普通,线下扫码,30,企业职员,广州,单身青年,否
C0850,男,普通,外卖平台导流,38,企业职员,北京,二人世界,否
C0851,女,普通,线下扫码,34,全职主妇,北京,银发族,否
C0852,女,黑金,微信小程序,25,互联网从业,深圳,单身青年,是
C0853,男,普通,线下扫码,40,企业职员,西安,三口之家,否
C0854,男,金卡,社群裂变,37,互联网从业,广州,多口之家,否
C0855,男,普通,微信小程序,41,学生,深圳,三口之家,否
C0856,女,普通,微信小程序,48,其他,重庆,二人世界,否
C0857,女,普通,外卖平台导流,40,全职主妇,北京,二人世界,否
C0858,女,普通,微信小程序,44,全职主妇,广州,单身青年,否
C0859,女,普通,线下扫码,30,企业职员,其他,三口之家,否
C0860,女,普通,外卖平台导流,43,公务员,深圳,三口之家,否
C0861,女,普通,微信小程序,39,其他,武汉,二人世界,否
C0862,男,普通,App自然注册,26,其他,广州,三口之家,否
C0863,男,普通,微信小程序,35,企业职员,郑州,银发族,否
C0864,女,银卡,线下扫码,34,企业职员,深圳,多口之家,否
C0865,男,银卡,App自然注册,35,服务业,北京,单身青年,否
C0866,女,银卡,微信小程序,37,全职主妇,杭州,三口之家,否
C0867,女,普通,微信小程序,39,服务业,杭州,多口之家,否
C0868,女,普通,地推活动,34,服务业,上海,多口之家,否
C0869,男,普通,线下扫码,28,企业职员,上海,二人世界,否
C0870,男,普通,线下扫码,31,全职主妇,南京,单身青年,否
C0871,女,普通,微信小程序,23,企业职员,北京,单身青年,否
C0872,男,普通,微信小程序,29,服务业,上海,多口之家,否
C0873,男,银卡,社群裂变,43,企业职员,广州,多口之家,否
C0874,男,银卡,外卖平台导流,28,公务员,武汉,多口之家,否
C0875,男,普通,微信小程序,22,自由职业,苏州,单身青年,否
C0876,男,银卡,微信小程序,36,公务员,深圳,银发族,否
C0877,女,普通,外卖平台导流,28,其他,上海,单身青年,否
C0878,女,金卡,微信小程序,38,企业职员,上海,多口之家,是
C0879,女,金卡,微信小程序,38,其他,天津,二人世界,是
C0880,男,银卡,外卖平台导流,35,企业职员,北京,二人世界,否
C0881,男,普通,线下扫码,23,自由职业,杭州,三口之家,否
C0882,女,普通,App自然注册,32,互联网从业,广州,三口之家,否
C0883,女,普通,App自然注册,33,企业职员,深圳,三口之家,否
C0884,女,普通,App自然注册,47,服务业,西安,三口之家,否
C0885,男,普通,微信小程序,38,企业职员,天津,单身青年,否
C0886,男,银卡,线下扫码,31,互联网从业,上海,银发族,否
C0887,女,银卡,外卖平台导流,36,公务员,南京,多口之家,否
C0888,男,普通,App自然注册,32,自由职业,西安,多口之家,否
C0889,女,银卡,微信小程序,35,企业职员,北京,银发族,否
C0890,男,金卡,App自然注册,35,企业职员,天津,二人世界,是
C0891,男,银卡,线下扫码,27,企业职员,上海,单身青年,否
C0892,男,普通,微信小程序,42,服务业,长沙,多口之家,否
C0893,男,普通,线下扫码,29,企业职员,南京,单身青年,否
C0894,女,普通,外卖平台导流,31,学生,深圳,单身青年,否
C0895,男,银卡,外卖平台导流,29,企业职员,重庆,多口之家,否
C0896,女,普通,App自然注册,37,互联网从业,南京,多口之家,否
C0897,女,金卡,微信小程序,34,企业职员,南京,二人世界,是
C0898,女,普通,微信小程序,32,全职主妇,上海,多口之家,否
C0899,男,普通,线下扫码,37,企业职员,苏州,多口之家,否
C0900,女,金卡,App自然注册,31,企业职员,杭州,三口之家,是
C0901,女,普通,线下扫码,40,全职主妇,其他,单身青年,否
C0902,女,普通,App自然注册,32,自由职业,北京,三口之家,否
C0903,女,普通,外卖平台导流,39,企业职员,天津,银发族,否
C0904,男,普通,线下扫码,33,服务业,广州,二人世界,否
C0905,女,普通,线下扫码,46,全职主妇,上海,单身青年,否
C0906,女,普通,线下扫码,40,互联网从业,苏州,三口之家,否
C0907,女,银卡,外卖平台导流,38,全职主妇,成都,三口之家,否
C0908,女,金卡,外卖平台导流,44,企业职员,青岛,银发族,是
C0909,男,普通,App自然注册,42,企业职员,其他,三口之家,否
C0910,女,普通,微信小程序,33,互联网从业,南京,三口之家,否
C0911,女,银卡,App自然注册,32,互联网从业,青岛,二人世界,否
C0912,男,普通,外卖平台导流,38,全职主妇,苏州,多口之家,否
C0913,男,普通,线下扫码,31,企业职员,上海,三口之家,否
C0914,女,普通,App自然注册,29,其他,成都,银发族,否
C0915,男,银卡,App自然注册,46,自由职业,深圳,银发族,否
C0916,女,普通,外卖平台导流,47,学生,上海,单身青年,否
C0917,女,银卡,线下扫码,38,学生,北京,三口之家,否
C0918,女,普通,微信小程序,46,自由职业,重庆,三口之家,否
C0919,男,普通,微信小程序,35,自由职业,苏州,三口之家,否
C0920,女,普通,外卖平台导流,27,全职主妇,苏州,三口之家,否
C0921,女,普通,线下扫码,43,自由职业,上海,单身青年,否
C0922,女,普通,微信小程序,41,互联网从业,苏州,二人世界,否
C0923,男,普通,线下扫码,28,互联网从业,苏州,二人世界,否
C0924,男,普通,地推活动,28,其他,郑州,三口之家,否
C0925,男,普通,App自然注册,29,企业职员,广州,多口之家,否
C0926,男,普通,线下扫码,44,学生,深圳,银发族,否
C0927,女,普通,线下扫码,29,互联网从业,成都,三口之家,否
C0928,女,银卡,App自然注册,39,互联网从业,北京,三口之家,否
C0929,女,黑金,外卖平台导流,29,服务业,杭州,三口之家,是
C0930,男,银卡,社群裂变,31,服务业,西安,二人世界,否
C0931,男,普通,微信小程序,37,企业职员,上海,二人世界,否
C0932,男,金卡,微信小程序,36,互联网从业,广州,二人世界,是
C0933,男,普通,微信小程序,42,企业职员,重庆,三口之家,否
C0934,男,普通,线下扫码,34,全职主妇,深圳,单身青年,否
C0935,女,普通,线下扫码,34,互联网从业,苏州,单身青年,否
C0936,女,金卡,外卖平台导流,31,服务业,青岛,二人世界,否
C0937,男,银卡,App自然注册,35,互联网从业,北京,银发族,否
C0938,女,银卡,App自然注册,22,学生,北京,多口之家,否
C0939,男,银卡,App自然注册,35,公务员,苏州,三口之家,否
C0940,男,普通,微信小程序,32,全职主妇,广州,三口之家,否
C0941,女,普通,社群裂变,26,学生,苏州,单身青年,否
C0942,男,普通,微信小程序,36,全职主妇,西安,二人世界,否
C0943,男,普通,外卖平台导流,24,其他,长沙,单身青年,否
C0944,女,普通,地推活动,36,企业职员,长沙,银发族,否
C0945,女,普通,社群裂变,24,企业职员,郑州,单身青年,否
C0946,女,普通,外卖平台导流,44,企业职员,苏州,三口之家,否
C0947,女,银卡,外卖平台导流,37,企业职员,广州,银发族,否
C0948,男,银卡,App自然注册,40,服务业,重庆,二人世界,否
C0949,女,普通,微信小程序,30,企业职员,上海,单身青年,否
C0950,女,普通,微信小程序,42,企业职员,苏州,多口之家,否
C0951,男,银卡,外卖平台导流,22,自由职业,广州,三口之家,否
C0952,女,普通,App自然注册,37,全职主妇,杭州,三口之家,否
C0953,男,普通,微信小程序,39,自由职业,深圳,三口之家,否
C0954,女,普通,App自然注册,22,公务员,郑州,单身青年,否
C0955,女,普通,线下扫码,33,互联网从业,杭州,单身青年,否
C0956,男,金卡,社群裂变,32,企业职员,上海,二人世界,是
C0957,女,普通,线下扫码,22,学生,苏州,三口之家,否
C0958,男,普通,App自然注册,35,公务员,北京,二人世界,否
C0959,女,银卡,社群裂变,43,自由职业,其他,三口之家,否
C0960,男,普通,线下扫码,37,全职主妇,北京,银发族,否
C0961,男,金卡,线下扫码,26,企业职员,西安,三口之家,是
C0962,男,普通,微信小程序,32,互联网从业,长沙,三口之家,否
C0963,女,银卡,App自然注册,33,全职主妇,广州,银发族,否
C0964,男,普通,App自然注册,37,学生,深圳,二人世界,否
C0965,女,银卡,线下扫码,33,企业职员,上海,多口之家,否
C0966,男,普通,微信小程序,31,企业职员,广州,单身青年,否
C0967,男,金卡,微信小程序,36,学生,上海,银发族,是
C0968,女,普通,App自然注册,29,企业职员,广州,二人世界,否
C0969,男,金卡,微信小程序,25,企业职员,其他,三口之家,是
C0970,女,银卡,社群裂变,33,企业职员,深圳,多口之家,否
C0971,男,银卡,微信小程序,24,互联网从业,深圳,三口之家,否
C0972,女,普通,社群裂变,25,自由职业,杭州,多口之家,否
C0973,男,普通,微信小程序,22,全职主妇,上海,三口之家,否
C0974,男,银卡,App自然注册,25,自由职业,深圳,单身青年,否
C0975,男,银卡,微信小程序,31,企业职员,北京,多口之家,否
C0976,男,银卡,App自然注册,37,公务员,上海,多口之家,否
C0977,女,普通,微信小程序,39,其他,北京,单身青年,否
C0978,男,普通,微信小程序,27,学生,北京,单身青年,否
C0979,女,银卡,App自然注册,46,学生,成都,三口之家,否
C0980,男,普通,App自然注册,36,互联网从业,杭州,多口之家,否
C0981,女,金卡,App自然注册,37,企业职员,苏州,三口之家,是
C0982,女,普通,社群裂变,38,互联网从业,西安,二人世界,否
C0983,男,银卡,社群裂变,38,其他,其他,单身青年,否
C0984,女,普通,社群裂变,37,公务员,杭州,多口之家,否
C0985,女,银卡,外卖平台导流,44,企业职员,西安,银发族,否
C0986,女,普通,微信小程序,44,全职主妇,长沙,单身青年,否
C0987,男,普通,地推活动,39,全职主妇,苏州,三口之家,否
C0988,女,普通,线下扫码,31,服务业,南京,三口之家,否
C0989,男,金卡,社群裂变,28,服务业,北京,单身青年,否
C0990,男,普通,地推活动,37,自由职业,其他,二人世界,否
C0991,男,普通,社群裂变,27,企业职员,长沙,三口之家,否
C0992,女,银卡,微信小程序,33,服务业,上海,单身青年,否
C0993,男,普通,App自然注册,35,服务业,北京,三口之家,否
C0994,女,银卡,线下扫码,39,企业职员,广州,银发族,否
C0995,女,黑金,微信小程序,42,企业职员,深圳,银发族,是
C0996,女,银卡,微信小程序,31,互联网从业,南京,单身青年,否
C0997,男,金卡,微信小程序,41,全职主妇,上海,多口之家,是
C0998,男,普通,App自然注册,33,其他,深圳,单身青年,否
C0999,男,普通,App自然注册,44,服务业,西安,单身青年,否
C1000,男,金卡,线下扫码,27,自由职业,重庆,银发族,是
C1001,女,银卡,线下扫码,33,互联网从业,其他,多口之家,否
C1002,女,银卡,社群裂变,37,自由职业,天津,单身青年,否
C1003,女,普通,外卖平台导流,41,企业职员,上海,三口之家,否
C1004,男,普通,App自然注册,25,企业职员,上海,二人世界,否
C1005,男,金卡,App自然注册,32,互联网从业,深圳,二人世界,是
C1006,女,银卡,微信小程序,48,全职主妇,重庆,银发族,否
C1007,女,普通,地推活动,22,企业职员,广州,银发族,否
C1008,女,金卡,App自然注册,29,公务员,长沙,多口之家,是
C1009,男,普通,地推活动,42,企业职员,青岛,三口之家,否
C1010,男,银卡,线下扫码,25,企业职员,北京,三口之家,否
C1011,女,金卡,社群裂变,28,互联网从业,杭州,多口之家,否
C1012,男,银卡,线下扫码,32,企业职员,深圳,单身青年,否
C1013,女,普通,App自然注册,31,学生,郑州,二人世界,否
C1014,女,普通,微信小程序,28,服务业,西安,单身青年,否
C1015,男,普通,外卖平台导流,31,企业职员,武汉,单身青年,否
C1016,女,普通,App自然注册,25,全职主妇,武汉,多口之家,否
C1017,男,普通,App自然注册,30,互联网从业,其他,银发族,否
C1018,男,普通,微信小程序,33,互联网从业,南京,单身青年,否
C1019,男,普通,App自然注册,23,全职主妇,南京,三口之家,否
C1020,男,银卡,线下扫码,38,企业职员,北京,三口之家,否
C1021,男,普通,微信小程序,37,自由职业,广州,单身青年,否
C1022,男,银卡,线下扫码,28,互联网从业,广州,三口之家,否
C1023,女,普通,微信小程序,33,自由职业,杭州,单身青年,否
C1024,女,普通,地推活动,48,互联网从业,上海,三口之家,否
C1025,男,普通,微信小程序,37,学生,郑州,单身青年,否
C1026,男,普通,微信小程序,36,企业职员,上海,单身青年,否
C1027,女,普通,微信小程序,39,企业职员,南京,多口之家,否
C1028,男,普通,外卖平台导流,39,互联网从业,重庆,单身青年,否
C1029,女,普通,外卖平台导流,48,自由职业,杭州,单身青年,否
C1030,女,银卡,微信小程序,35,服务业,重庆,银发族,否
C1031,女,普通,App自然注册,29,服务业,北京,银发族,否
C1032,男,普通,线下扫码,47,其他,其他,多口之家,否
C1033,女,普通,App自然注册,22,学生,北京,单身青年,否
C1034,男,普通,微信小程序,37,企业职员,武汉,三口之家,否
C1035,男,普通,线下扫码,32,企业职员,其他,单身青年,否
C1036,男,普通,线下扫码,24,全职主妇,西安,单身青年,否
C1037,男,普通,社群裂变,47,自由职业,广州,三口之家,否
C1038,男,金卡,外卖平台导流,44,企业职员,重庆,二人世界,否
C1039,男,银卡,线下扫码,31,互联网从业,成都,三口之家,否
C1040,女,普通,社群裂变,34,自由职业,北京,三口之家,否
C1041,女,普通,App自然注册,42,学生,杭州,银发族,否
C1042,女,普通,线下扫码,37,企业职员,北京,多口之家,否
C1043,男,银卡,微信小程序,22,企业职员,上海,单身青年,否
C1044,男,普通,App自然注册,37,服务业,其他,二人世界,否
C1045,男,普通,App自然注册,41,服务业,上海,二人世界,否
C1046,男,普通,App自然注册,41,全职主妇,青岛,三口之家,否
C1047,女,银卡,线下扫码,24,企业职员,南京,三口之家,否
C1048,女,金卡,App自然注册,28,互联网从业,北京,三口之家,是
C1049,男,银卡,微信小程序,30,企业职员,其他,单身青年,否
C1050,男,金卡,微信小程序,42,企业职员,成都,银发族,是
C1051,男,普通,App自然注册,34,互联网从业,其他,单身青年,否
C1052,男,普通,App自然注册,28,企业职员,上海,多口之家,否
C1053,男,银卡,微信小程序,45,企业职员,杭州,三口之家,否
C1054,女,普通,社群裂变,37,企业职员,广州,多口之家,否
C1055,女,银卡,线下扫码,27,服务业,天津,三口之家,否
C1056,女,金卡,App自然注册,41,企业职员,广州,三口之家,是
C1057,男,普通,外卖平台导流,42,互联网从业,天津,多口之家,否
C1058,男,普通,App自然注册,24,全职主妇,苏州,多口之家,否
C1059,女,普通,社群裂变,25,全职主妇,郑州,三口之家,否
C1060,女,银卡,App自然注册,39,企业职员,苏州,单身青年,否
C1061,男,普通,线下扫码,30,全职主妇,青岛,单身青年,否
C1062,女,普通,社群裂变,26,企业职员,天津,三口之家,否
C1063,女,普通,社群裂变,29,全职主妇,青岛,二人世界,否
C1064,女,普通,App自然注册,35,服务业,北京,三口之家,否
C1065,男,银卡,线下扫码,37,自由职业,北京,三口之家,否
C1066,女,普通,外卖平台导流,45,全职主妇,苏州,多口之家,否
C1067,男,银卡,App自然注册,29,企业职员,杭州,二人世界,否
C1068,男,银卡,地推活动,39,全职主妇,深圳,单身青年,否
C1069,男,普通,线下扫码,34,互联网从业,上海,二人世界,否
C1070,男,银卡,微信小程序,30,互联网从业,广州,三口之家,否
C1071,女,银卡,微信小程序,36,互联网从业,深圳,三口之家,否
C1072,男,普通,App自然注册,28,企业职员,天津,银发族,否
C1073,女,普通,微信小程序,35,企业职员,上海,银发族,否
C1074,女,普通,App自然注册,40,互联网从业,上海,银发族,否
C1075,女,普通,App自然注册,22,其他,上海,三口之家,否
C1076,女,普通,线下扫码,38,全职主妇,北京,三口之家,否
C1077,女,普通,App自然注册,39,自由职业,其他,三口之家,否
C1078,男,银卡,微信小程序,31,企业职员,成都,二人世界,否
C1079,男,银卡,外卖平台导流,41,全职主妇,长沙,三口之家,否
C1080,男,普通,微信小程序,22,学生,天津,单身青年,否
C1081,男,普通,微信小程序,32,企业职员,上海,二人世界,否
C1082,男,普通,线下扫码,39,企业职员,上海,三口之家,否
C1083,女,普通,地推活动,36,自由职业,长沙,单身青年,否
C1084,女,普通,外卖平台导流,38,其他,上海,二人世界,否
C1085,女,银卡,微信小程序,40,企业职员,其他,多口之家,否
C1086,女,普通,微信小程序,48,企业职员,成都,单身青年,否
C1087,女,普通,社群裂变,48,自由职业,成都,三口之家,否
C1088,女,普通,社群裂变,28,互联网从业,广州,三口之家,否
C1089,女,普通,线下扫码,37,全职主妇,上海,二人世界,否
C1090,男,普通,App自然注册,37,学生,深圳,三口之家,否
C1091,男,银卡,App自然注册,42,学生,青岛,三口之家,否
C1092,女,银卡,微信小程序,41,企业职员,北京,多口之家,否
C1093,男,普通,地推活动,26,自由职业,上海,多口之家,否
C1094,男,银卡,线下扫码,25,互联网从业,杭州,三口之家,否
C1095,女,普通,外卖平台导流,31,企业职员,苏州,三口之家,否
C1096,男,银卡,微信小程序,32,学生,上海,单身青年,否
C1097,女,普通,社群裂变,33,其他,上海,单身青年,否
C1098,男,普通,地推活动,33,企业职员,广州,单身青年,否
C1099,男,普通,社群裂变,41,自由职业,深圳,单身青年,否
C1100,女,银卡,社群裂变,41,互联网从业,重庆,多口之家,否
C1101,女,普通,外卖平台导流,39,服务业,北京,三口之家,否
C1102,男,普通,线下扫码,25,学生,重庆,单身青年,否
C1103,男,黑金,App自然注册,37,全职主妇,北京,银发族,是
C1104,女,银卡,App自然注册,29,企业职员,长沙,二人世界,否
C1105,女,普通,外卖平台导流,39,自由职业,成都,多口之家,否
C1106,男,黑金,线下扫码,22,互联网从业,其他,三口之家,是
C1107,女,普通,地推活动,27,全职主妇,重庆,单身青年,否
C1108,女,普通,微信小程序,41,互联网从业,上海,二人世界,否
C1109,女,普通,线下扫码,36,企业职员,广州,多口之家,否
C1110,女,普通,App自然注册,27,其他,北京,多口之家,否
C1111,女,普通,线下扫码,43,互联网从业,西安,三口之家,否
C1112,女,普通,外卖平台导流,33,互联网从业,上海,三口之家,否
C1113,女,黑金,App自然注册,48,自由职业,深圳,单身青年,是
C1114,女,普通,社群裂变,25,企业职员,苏州,多口之家,否
C1115,男,普通,微信小程序,38,企业职员,北京,单身青年,否
C1116,男,普通,地推活动,28,企业职员,上海,二人世界,否
C1117,男,银卡,外卖平台导流,37,其他,苏州,单身青年,否
C1118,男,银卡,微信小程序,28,企业职员,重庆,三口之家,否
C1119,男,普通,App自然注册,24,企业职员,深圳,三口之家,否
C1120,男,银卡,微信小程序,26,公务员,郑州,三口之家,否
C1121,男,普通,App自然注册,46,企业职员,苏州,三口之家,否
C1122,男,普通,社群裂变,48,自由职业,长沙,三口之家,否
C1123,男,普通,社群裂变,24,全职主妇,深圳,二人世界,否
C1124,女,银卡,社群裂变,32,自由职业,武汉,三口之家,否
C1125,男,银卡,App自然注册,39,企业职员,杭州,单身青年,否
C1126,男,普通,App自然注册,48,企业职员,重庆,三口之家,否
C1127,男,普通,线下扫码,40,企业职员,西安,三口之家,否
C1128,男,普通,微信小程序,33,自由职业,成都,银发族,否
C1129,女,银卡,App自然注册,46,其他,北京,二人世界,否
C1130,女,黑金,微信小程序,27,企业职员,广州,多口之家,是
C1131,女,普通,App自然注册,43,全职主妇,广州,二人世界,否
C1132,女,普通,线下扫码,40,企业职员,杭州,银发族,否
C1133,女,普通,App自然注册,38,企业职员,西安,多口之家,否
C1134,女,普通,微信小程序,36,企业职员,深圳,多口之家,否
C1135,女,普通,微信小程序,36,全职主妇,杭州,二人世界,否
C1136,男,普通,外卖平台导流,34,企业职员,武汉,三口之家,否
C1137,女,金卡,微信小程序,37,服务业,青岛,三口之家,是
C1138,男,普通,App自然注册,32,全职主妇,苏州,二人世界,否
C1139,女,普通,地推活动,31,其他,北京,三口之家,否
C1140,女,普通,线下扫码,35,全职主妇,北京,二人世界,否
C1141,男,普通,微信小程序,43,全职主妇,长沙,三口之家,否
C1142,女,普通,外卖平台导流,33,全职主妇,天津,二人世界,否
C1143,男,普通,微信小程序,37,企业职员,北京,三口之家,否
C1144,女,普通,微信小程序,40,企业职员,深圳,单身青年,否
C1145,男,金卡,微信小程序,39,学生,长沙,单身青年,否
C1146,女,普通,App自然注册,22,全职主妇,上海,三口之家,否
C1147,男,普通,外卖平台导流,22,学生,武汉,单身青年,否
C1148,女,普通,微信小程序,34,企业职员,郑州,二人世界,否
C1149,男,普通,线下扫码,35,自由职业,广州,单身青年,否
C1150,男,普通,微信小程序,26,全职主妇,北京,银发族,否
C1151,男,普通,微信小程序,31,学生,其他,银发族,否
C1152,男,银卡,社群裂变,30,其他,杭州,多口之家,否
C1153,女,普通,微信小程序,36,企业职员,广州,单身青年,否
C1154,女,普通,外卖平台导流,39,互联网从业,广州,三口之家,否
C1155,女,普通,App自然注册,42,互联网从业,南京,单身青年,否
C1156,男,银卡,社群裂变,37,自由职业,武汉,二人世界,否
C1157,女,普通,社群裂变,40,全职主妇,武汉,三口之家,否
C1158,女,普通,微信小程序,29,企业职员,北京,三口之家,否
C1159,女,金卡,微信小程序,33,服务业,天津,二人世界,是
C1160,女,银卡,线下扫码,27,企业职员,长沙,多口之家,否
C1161,女,银卡,微信小程序,28,企业职员,深圳,二人世界,否
C1162,男,银卡,微信小程序,31,学生,天津,多口之家,否
C1163,女,银卡,微信小程序,26,自由职业,杭州,单身青年,否
C1164,女,普通,微信小程序,34,学生,北京,单身青年,否
C1165,男,普通,App自然注册,27,互联网从业,广州,二人世界,否
C1166,女,普通,微信小程序,31,其他,广州,三口之家,否
C1167,男,银卡,App自然注册,27,企业职员,苏州,单身青年,否
C1168,男,银卡,微信小程序,46,企业职员,广州,单身青年,否
C1169,女,银卡,社群裂变,45,自由职业,长沙,二人世界,否
C1170,女,普通,线下扫码,43,互联网从业,杭州,银发族,否
C1171,女,普通,App自然注册,23,服务业,郑州,二人世界,否
C1172,男,金卡,外卖平台导流,35,其他,天津,三口之家,是
C1173,男,银卡,App自然注册,29,全职主妇,青岛,多口之家,否
C1174,男,普通,外卖平台导流,34,公务员,重庆,银发族,否
C1175,女,普通,外卖平台导流,38,企业职员,成都,三口之家,否
C1176,男,普通,微信小程序,37,公务员,北京,三口之家,否
C1177,女,普通,微信小程序,48,公务员,西安,单身青年,否
C1178,男,普通,微信小程序,36,其他,苏州,二人世界,否
C1179,女,普通,App自然注册,39,全职主妇,上海,单身青年,否
C1180,女,普通,微信小程序,33,企业职员,重庆,单身青年,否
C1181,男,普通,线下扫码,24,其他,郑州,银发族,否
C1182,男,银卡,微信小程序,33,企业职员,南京,单身青年,否
C1183,男,普通,外卖平台导流,30,互联网从业,杭州,三口之家,否
C1184,男,普通,微信小程序,25,其他,武汉,单身青年,否
C1185,男,普通,App自然注册,38,全职主妇,长沙,多口之家,否
C1186,男,黑金,线下扫码,34,企业职员,其他,三口之家,是
C1187,男,普通,地推活动,47,互联网从业,成都,三口之家,否
C1188,女,普通,外卖平台导流,22,学生,郑州,三口之家,否
C1189,女,普通,App自然注册,27,企业职员,其他,多口之家,否
C1190,女,黑金,线下扫码,39,公务员,天津,二人世界,是
C1191,男,普通,微信小程序,28,全职主妇,深圳,二人世界,否
C1192,男,普通,微信小程序,44,全职主妇,其他,多口之家,否
C1193,女,普通,微信小程序,34,企业职员,苏州,二人世界,否
C1194,男,普通,微信小程序,33,企业职员,成都,单身青年,否
C1195,女,金卡,App自然注册,30,企业职员,成都,二人世界,否
C1196,女,银卡,外卖平台导流,33,企业职员,长沙,三口之家,否
C1197,男,普通,App自然注册,22,自由职业,长沙,三口之家,否
C1198,女,银卡,App自然注册,41,互联网从业,成都,三口之家,否
C1199,女,黑金,App自然注册,34,全职主妇,郑州,单身青年,是
C1200,女,普通,微信小程序,48,企业职员,苏州,二人世界,否
C1201,女,银卡,微信小程序,37,公务员,郑州,二人世界,否
C1202,女,普通,线下扫码,22,服务业,天津,三口之家,否
C1203,女,银卡,微信小程序,44,其他,杭州,银发族,否
C1204,女,普通,App自然注册,32,互联网从业,上海,银发族,否
C1205,女,银卡,线下扫码,45,全职主妇,武汉,二人世界,否
C1206,女,普通,微信小程序,29,服务业,杭州,三口之家,否
C1207,男,普通,社群裂变,26,企业职员,上海,三口之家,否
C1208,女,普通,外卖平台导流,31,全职主妇,北京,多口之家,否
C1209,男,普通,线下扫码,29,公务员,杭州,单身青年,否
C1210,男,银卡,线下扫码,25,自由职业,上海,三口之家,否
C1211,男,普通,社群裂变,39,企业职员,北京,单身青年,否
C1212,男,普通,地推活动,27,企业职员,郑州,三口之家,否
C1213,男,普通,微信小程序,41,其他,其他,三口之家,否
C1214,男,银卡,地推活动,23,其他,杭州,二人世界,否
C1215,男,普通,微信小程序,42,服务业,武汉,单身青年,否
C1216,男,普通,App自然注册,39,全职主妇,广州,三口之家,否
C1217,女,普通,微信小程序,38,互联网从业,郑州,二人世界,否
C1218,女,普通,线下扫码,28,学生,武汉,三口之家,否
C1219,男,普通,微信小程序,34,全职主妇,北京,三口之家,否
C1220,男,金卡,线下扫码,37,学生,苏州,三口之家,否
C1221,女,银卡,微信小程序,34,全职主妇,杭州,多口之家,否
C1222,男,普通,微信小程序,48,企业职员,上海,二人世界,否
C1223,女,普通,微信小程序,44,服务业,郑州,银发族,否
C1224,女,银卡,线下扫码,24,全职主妇,青岛,三口之家,否
C1225,女,银卡,外卖平台导流,40,互联网从业,武汉,多口之家,否
C1226,女,银卡,社群裂变,26,其他,杭州,三口之家,否
C1227,男,银卡,线下扫码,40,自由职业,南京,单身青年,否
C1228,女,普通,地推活动,33,企业职员,其他,三口之家,否
C1229,女,普通,地推活动,28,全职主妇,其他,银发族,否
C1230,女,普通,App自然注册,35,企业职员,深圳,多口之家,否
C1231,女,银卡,地推活动,37,自由职业,西安,单身青年,否
C1232,女,普通,微信小程序,48,企业职员,西安,三口之家,否
C1233,男,普通,App自然注册,30,全职主妇,北京,银发族,否
C1234,男,金卡,社群裂变,41,企业职员,其他,二人世界,是
C1235,女,普通,社群裂变,30,学生,苏州,三口之家,否
C1236,男,黑金,线下扫码,34,公务员,西安,单身青年,是
C1237,男,黑金,App自然注册,31,互联网从业,重庆,多口之家,是
C1238,男,普通,外卖平台导流,35,服务业,其他,三口之家,否
C1239,男,普通,微信小程序,36,学生,成都,多口之家,否
C1240,男,普通,微信小程序,22,学生,青岛,三口之家,否
C1241,男,银卡,线下扫码,42,服务业,重庆,银发族,否
C1242,女,银卡,线下扫码,45,企业职员,成都,二人世界,否
C1243,女,银卡,外卖平台导流,40,学生,南京,单身青年,否
C1244,女,普通,微信小程序,48,其他,杭州,三口之家,否
C1245,男,普通,微信小程序,38,企业职员,广州,三口之家,否
C1246,男,普通,社群裂变,42,其他,南京,二人世界,否
C1247,男,普通,微信小程序,31,互联网从业,广州,二人世界,否
C1248,女,普通,App自然注册,36,全职主妇,武汉,三口之家,否
C1249,男,银卡,App自然注册,40,互联网从业,南京,多口之家,否
C1250,男,普通,社群裂变,37,其他,西安,三口之家,否
C1251,女,普通,微信小程序,25,企业职员,广州,三口之家,否
C1252,男,银卡,App自然注册,31,自由职业,成都,二人世界,否
C1253,男,金卡,地推活动,38,服务业,重庆,单身青年,否
C1254,女,普通,App自然注册,34,互联网从业,广州,单身青年,否
C1255,男,普通,App自然注册,24,全职主妇,武汉,多口之家,否
C1256,女,普通,App自然注册,37,服务业,上海,三口之家,否
C1257,女,银卡,外卖平台导流,38,全职主妇,郑州,三口之家,否
C1258,男,普通,微信小程序,26,全职主妇,深圳,多口之家,否
C1259,男,普通,外卖平台导流,29,服务业,上海,二人世界,否
C1260,女,黑金,微信小程序,24,全职主妇,深圳,银发族,是
C1261,女,普通,线下扫码,35,其他,南京,三口之家,否
C1262,男,普通,微信小程序,35,其他,南京,三口之家,否
C1263,女,普通,微信小程序,29,企业职员,南京,二人世界,否
C1264,男,普通,App自然注册,36,企业职员,其他,三口之家,否
C1265,男,银卡,外卖平台导流,42,互联网从业,北京,单身青年,否
C1266,男,金卡,微信小程序,23,企业职员,杭州,三口之家,是
C1267,女,普通,微信小程序,29,企业职员,上海,单身青年,否
C1268,女,银卡,外卖平台导流,34,全职主妇,其他,二人世界,否
C1269,男,普通,外卖平台导流,28,服务业,其他,银发族,否
C1270,女,银卡,社群裂变,38,学生,成都,三口之家,否
C1271,女,银卡,App自然注册,26,全职主妇,武汉,三口之家,否
C1272,男,普通,App自然注册,46,公务员,上海,二人世界,否
C1273,女,普通,线下扫码,48,学生,深圳,单身青年,否
C1274,男,普通,微信小程序,37,互联网从业,广州,二人世界,否
C1275,男,金卡,线下扫码,37,企业职员,南京,二人世界,是
C1276,女,金卡,App自然注册,30,自由职业,广州,多口之家,是
C1277,女,银卡,社群裂变,40,互联网从业,深圳,多口之家,否
C1278,女,普通,社群裂变,33,自由职业,青岛,单身青年,否
C1279,女,普通,地推活动,48,公务员,重庆,单身青年,否
C1280,男,普通,社群裂变,26,全职主妇,长沙,三口之家,否
C1281,男,普通,App自然注册,39,企业职员,其他,三口之家,否
C1282,男,金卡,微信小程序,45,企业职员,上海,单身青年,是
C1283,女,普通,微信小程序,35,服务业,广州,单身青年,否
C1284,女,普通,社群裂变,33,自由职业,北京,单身青年,否
C1285,男,普通,微信小程序,30,学生,郑州,多口之家,否
C1286,女,普通,App自然注册,36,自由职业,上海,三口之家,否
C1287,男,银卡,微信小程序,32,其他,重庆,多口之家,否
C1288,女,普通,线下扫码,32,企业职员,重庆,多口之家,否
C1289,男,银卡,微信小程序,40,企业职员,南京,银发族,否
C1290,女,银卡,线下扫码,39,企业职员,武汉,二人世界,否
C1291,男,普通,微信小程序,26,服务业,其他,三口之家,否
C1292,男,普通,App自然注册,24,学生,北京,多口之家,否
C1293,女,普通,线下扫码,34,学生,广州,三口之家,否
C1294,女,普通,微信小程序,36,企业职员,广州,二人世界,否
C1295,男,普通,App自然注册,34,互联网从业,北京,单身青年,否
C1296,女,普通,App自然注册,37,全职主妇,南京,三口之家,否
C1297,女,银卡,微信小程序,41,学生,北京,三口之家,否
C1298,女,普通,线下扫码,22,企业职员,青岛,三口之家,否
C1299,男,普通,微信小程序,28,企业职员,上海,三口之家,否
C1300,男,普通,App自然注册,36,公务员,广州,三口之家,否
C1301,男,普通,外卖平台导流,25,全职主妇,深圳,三口之家,否
C1302,男,普通,线下扫码,40,企业职员,重庆,单身青年,否
C1303,女,银卡,微信小程序,29,全职主妇,西安,三口之家,否
C1304,女,普通,微信小程序,43,其他,南京,银发族,否
C1305,男,普通,App自然注册,40,全职主妇,青岛,银发族,否
C1306,男,普通,App自然注册,28,全职主妇,北京,多口之家,否
C1307,女,银卡,App自然注册,42,全职主妇,郑州,单身青年,否
C1308,女,金卡,线下扫码,31,公务员,苏州,银发族,是
C1309,女,银卡,微信小程序,30,互联网从业,上海,三口之家,否
C1310,男,银卡,App自然注册,28,企业职员,上海,二人世界,否
C1311,男,普通,App自然注册,43,公务员,广州,三口之家,否
C1312,女,普通,微信小程序,40,全职主妇,武汉,三口之家,否
C1313,女,黑金,线下扫码,35,互联网从业,北京,三口之家,是
C1314,女,银卡,微信小程序,45,服务业,杭州,多口之家,否
C1315,男,银卡,线下扫码,42,企业职员,西安,三口之家,否
C1316,女,银卡,微信小程序,22,全职主妇,西安,三口之家,否
C1317,女,银卡,线下扫码,37,学生,长沙,三口之家,否
C1318,女,普通,微信小程序,34,公务员,其他,单身青年,否
C1319,女,金卡,App自然注册,35,自由职业,南京,三口之家,否
C1320,女,普通,微信小程序,39,学生,其他,单身青年,否
C1321,女,普通,App自然注册,41,学生,成都,多口之家,否
C1322,女,金卡,App自然注册,35,自由职业,其他,单身青年,否
C1323,女,普通,App自然注册,30,全职主妇,成都,单身青年,否
C1324,男,普通,微信小程序,34,互联网从业,成都,单身青年,否
C1325,男,普通,外卖平台导流,32,全职主妇,重庆,三口之家,否
C1326,女,银卡,微信小程序,32,企业职员,北京,三口之家,否
C1327,女,普通,App自然注册,34,其他,上海,三口之家,否
C1328,男,普通,线下扫码,41,企业职员,上海,三口之家,否
C1329,女,普通,线下扫码,31,企业职员,成都,多口之家,否
C1330,女,普通,微信小程序,40,其他,天津,二人世界,否
C1331,女,普通,App自然注册,29,企业职员,上海,单身青年,否
C1332,男,普通,App自然注册,35,企业职员,武汉,单身青年,否
C1333,女,普通,App自然注册,48,互联网从业,北京,银发族,否
C1334,女,普通,微信小程序,36,自由职业,武汉,三口之家,否
C1335,男,金卡,线下扫码,29,服务业,上海,三口之家,是
C1336,男,金卡,外卖平台导流,26,全职主妇,北京,三口之家,否
C1337,男,银卡,微信小程序,38,互联网从业,广州,多口之家,否
C1338,女,普通,微信小程序,40,自由职业,苏州,单身青年,否
C1339,男,银卡,微信小程序,35,互联网从业,苏州,二人世界,否
C1340,男,普通,微信小程序,40,企业职员,武汉,二人世界,否
C1341,男,银卡,微信小程序,28,全职主妇,西安,三口之家,否
C1342,男,银卡,微信小程序,30,企业职员,其他,银发族,否
C1343,男,普通,线下扫码,32,学生,西安,多口之家,否
C1344,男,普通,微信小程序,39,学生,其他,三口之家,否
C1345,女,普通,微信小程序,31,全职主妇,青岛,三口之家,否
C1346,男,普通,外卖平台导流,34,其他,武汉,三口之家,否
C1347,男,银卡,社群裂变,28,学生,天津,银发族,否
C1348,女,金卡,微信小程序,40,公务员,长沙,二人世界,是
C1349,女,普通,社群裂变,47,互联网从业,重庆,二人世界,否
C1350,女,普通,外卖平台导流,42,全职主妇,成都,二人世界,否
C1351,女,银卡,线下扫码,22,全职主妇,长沙,银发族,否
C1352,女,普通,外卖平台导流,36,企业职员,武汉,银发族,否
C1353,女,普通,线下扫码,41,公务员,上海,二人世界,否
C1354,女,普通,App自然注册,34,企业职员,重庆,三口之家,否
C1355,女,普通,微信小程序,32,全职主妇,苏州,单身青年,否
C1356,女,银卡,微信小程序,33,全职主妇,北京,单身青年,否
C1357,男,普通,微信小程序,34,企业职员,南京,银发族,否
C1358,男,普通,外卖平台导流,48,互联网从业,上海,二人世界,否
C1359,女,普通,微信小程序,28,自由职业,青岛,单身青年,否
C1360,男,普通,社群裂变,34,企业职员,重庆,三口之家,否
C1361,女,普通,App自然注册,36,服务业,武汉,银发族,否
C1362,女,普通,线下扫码,29,企业职员,杭州,单身青年,否
C1363,女,普通,微信小程序,43,互联网从业,其他,三口之家,否
C1364,男,普通,地推活动,29,全职主妇,杭州,单身青年,否
C1365,男,银卡,微信小程序,44,企业职员,成都,银发族,否
C1366,女,普通,App自然注册,45,互联网从业,南京,银发族,否
C1367,男,普通,外卖平台导流,48,服务业,其他,单身青年,否
C1368,男,普通,线下扫码,43,互联网从业,北京,二人世界,否
C1369,男,金卡,微信小程序,22,自由职业,苏州,银发族,是
C1370,女,黑金,线下扫码,34,服务业,成都,银发族,是
C1371,男,普通,App自然注册,43,互联网从业,深圳,单身青年,否
C1372,女,普通,App自然注册,29,互联网从业,北京,单身青年,否
C1373,男,银卡,App自然注册,47,企业职员,苏州,银发族,否
C1374,女,普通,线下扫码,33,全职主妇,上海,单身青年,否
C1375,男,银卡,社群裂变,36,公务员,长沙,单身青年,否
C1376,女,普通,微信小程序,41,企业职员,北京,银发族,否
C1377,女,普通,App自然注册,33,企业职员,上海,二人世界,否
C1378,男,普通,微信小程序,38,互联网从业,深圳,单身青年,否
C1379,男,普通,微信小程序,22,企业职员,青岛,单身青年,否
C1380,女,普通,微信小程序,33,自由职业,成都,单身青年,否
C1381,女,普通,App自然注册,39,企业职员,其他,银发族,否
C1382,女,普通,微信小程序,23,自由职业,西安,单身青年,否
C1383,女,普通,App自然注册,29,企业职员,西安,银发族,否
C1384,男,普通,线下扫码,42,企业职员,苏州,单身青年,否
C1385,男,普通,微信小程序,30,企业职员,杭州,二人世界,否
C1386,女,银卡,线下扫码,34,全职主妇,其他,三口之家,否
C1387,男,普通,社群裂变,38,公务员,其他,三口之家,否
C1388,女,普通,线下扫码,25,公务员,杭州,单身青年,否
C1389,男,普通,外卖平台导流,35,自由职业,北京,多口之家,否
C1390,男,银卡,App自然注册,41,企业职员,武汉,二人世界,否
C1391,女,普通,外卖平台导流,37,全职主妇,成都,银发族,否
C1392,男,普通,App自然注册,27,企业职员,武汉,银发族,否
C1393,男,银卡,微信小程序,27,全职主妇,重庆,多口之家,否
C1394,女,普通,微信小程序,36,全职主妇,重庆,三口之家,否
C1395,女,普通,微信小程序,41,学生,长沙,单身青年,否
C1396,男,银卡,微信小程序,40,全职主妇,天津,三口之家,否
C1397,女,普通,社群裂变,34,其他,上海,单身青年,否
C1398,女,金卡,App自然注册,40,服务业,广州,三口之家,是
C1399,女,普通,外卖平台导流,23,全职主妇,深圳,三口之家,否
C1400,男,普通,微信小程序,37,全职主妇,成都,二人世界,否
C1401,女,普通,微信小程序,37,全职主妇,深圳,三口之家,否
C1402,女,普通,外卖平台导流,33,全职主妇,北京,多口之家,否
C1403,男,普通,微信小程序,38,企业职员,青岛,单身青年,否
C1404,女,普通,地推活动,41,其他,成都,二人世界,否
C1405,男,普通,App自然注册,40,全职主妇,郑州,单身青年,否
C1406,女,普通,社群裂变,44,学生,上海,三口之家,否
C1407,女,金卡,微信小程序,36,公务员,广州,多口之家,否
C1408,女,金卡,微信小程序,22,学生,成都,三口之家,否
C1409,男,普通,线下扫码,27,自由职业,杭州,单身青年,否
C1410,女,普通,线下扫码,48,学生,深圳,二人世界,否
C1411,女,普通,App自然注册,24,互联网从业,上海,三口之家,否
C1412,男,普通,微信小程序,37,企业职员,西安,二人世界,否
C1413,男,普通,微信小程序,43,企业职员,上海,三口之家,否
C1414,女,银卡,微信小程序,34,企业职员,北京,三口之家,否
C1415,男,普通,微信小程序,37,公务员,北京,三口之家,否
C1416,男,普通,外卖平台导流,46,自由职业,南京,二人世界,否
C1417,女,银卡,地推活动,27,学生,广州,三口之家,否
C1418,男,金卡,线下扫码,22,企业职员,广州,银发族,是
C1419,男,普通,微信小程序,35,企业职员,成都,单身青年,否
C1420,男,普通,App自然注册,26,自由职业,郑州,银发族,否
C1421,男,银卡,App自然注册,39,企业职员,郑州,多口之家,否
C1422,女,普通,线下扫码,45,学生,成都,单身青年,否
C1423,女,普通,微信小程序,43,学生,上海,银发族,否
C1424,男,普通,App自然注册,34,企业职员,上海,二人世界,否
C1425,男,普通,社群裂变,39,企业职员,成都,多口之家,否
C1426,男,普通,社群裂变,32,互联网从业,深圳,三口之家,否
C1427,女,普通,App自然注册,26,企业职员,西安,多口之家,否
C1428,男,普通,微信小程序,37,全职主妇,郑州,单身青年,否
C1429,男,银卡,线下扫码,40,互联网从业,成都,三口之家,否
C1430,女,普通,微信小程序,33,企业职员,重庆,二人世界,否
C1431,女,普通,外卖平台导流,36,服务业,上海,三口之家,否
C1432,男,普通,线下扫码,30,公务员,苏州,三口之家,否
C1433,女,普通,社群裂变,40,自由职业,广州,单身青年,否
C1434,男,普通,线下扫码,37,互联网从业,西安,三口之家,否
C1435,男,普通,线下扫码,33,公务员,成都,银发族,否
C1436,男,普通,App自然注册,42,企业职员,西安,三口之家,否
C1437,男,银卡,微信小程序,34,互联网从业,成都,二人世界,否
C1438,男,普通,地推活动,34,企业职员,青岛,二人世界,否
C1439,男,普通,微信小程序,28,学生,深圳,三口之家,否
C1440,男,普通,App自然注册,43,全职主妇,北京,二人世界,否
C1441,男,普通,App自然注册,33,企业职员,深圳,单身青年,否
C1442,女,银卡,微信小程序,40,企业职员,上海,多口之家,否
C1443,女,普通,微信小程序,35,其他,杭州,二人世界,否
C1444,男,普通,线下扫码,22,全职主妇,深圳,多口之家,否
C1445,女,普通,微信小程序,40,服务业,北京,多口之家,否
C1446,女,普通,地推活动,24,学生,其他,单身青年,否
C1447,男,银卡,App自然注册,43,互联网从业,北京,二人世界,否
C1448,女,普通,外卖平台导流,27,企业职员,其他,银发族,否
C1449,女,普通,社群裂变,44,服务业,南京,单身青年,否
C1450,男,金卡,微信小程序,29,学生,成都,三口之家,否
C1451,女,普通,外卖平台导流,31,服务业,北京,三口之家,否
C1452,女,普通,线下扫码,47,其他,郑州,单身青年,否
C1453,女,普通,App自然注册,28,学生,天津,银发族,否
C1454,男,普通,微信小程序,44,互联网从业,南京,二人世界,否
C1455,女,黑金,微信小程序,29,互联网从业,南京,二人世界,是
C1456,女,银卡,微信小程序,35,全职主妇,广州,银发族,否
C1457,男,银卡,App自然注册,31,学生,深圳,三口之家,否
C1458,女,银卡,App自然注册,30,全职主妇,上海,二人世界,否
C1459,女,银卡,社群裂变,23,自由职业,广州,三口之家,否
C1460,男,普通,微信小程序,40,公务员,杭州,二人世界,否
C1461,女,普通,App自然注册,32,全职主妇,北京,多口之家,否
C1462,女,银卡,App自然注册,35,企业职员,广州,三口之家,否
C1463,男,普通,App自然注册,43,互联网从业,杭州,三口之家,否
C1464,男,金卡,外卖平台导流,30,全职主妇,其他,多口之家,是
C1465,男,普通,微信小程序,22,企业职员,杭州,二人世界,否
C1466,男,银卡,微信小程序,28,互联网从业,其他,单身青年,否
C1467,女,普通,外卖平台导流,33,企业职员,长沙,单身青年,否
C1468,女,普通,外卖平台导流,41,企业职员,武汉,银发族,否
C1469,男,普通,App自然注册,45,自由职业,南京,三口之家,否
C1470,男,金卡,微信小程序,33,企业职员,其他,单身青年,是
C1471,男,普通,微信小程序,40,服务业,广州,三口之家,否
C1472,男,普通,外卖平台导流,33,服务业,武汉,三口之家,否
C1473,女,普通,微信小程序,29,服务业,青岛,二人世界,否
C1474,男,黑金,微信小程序,45,企业职员,长沙,单身青年,是
C1475,男,普通,外卖平台导流,22,服务业,武汉,二人世界,否
C1476,女,普通,线下扫码,37,互联网从业,重庆,多口之家,否
C1477,女,普通,微信小程序,32,企业职员,西安,三口之家,否
C1478,男,银卡,线下扫码,32,全职主妇,苏州,多口之家,否
C1479,男,银卡,微信小程序,37,互联网从业,北京,单身青年,否
C1480,女,普通,App自然注册,28,互联网从业,天津,二人世界,否
C1481,女,普通,App自然注册,26,全职主妇,上海,三口之家,否
C1482,女,普通,外卖平台导流,32,全职主妇,苏州,单身青年,否
C1483,女,普通,线下扫码,26,其他,苏州,多口之家,否
C1484,男,银卡,微信小程序,36,其他,深圳,三口之家,否
C1485,女,普通,线下扫码,24,其他,重庆,三口之家,否
C1486,女,普通,App自然注册,36,企业职员,其他,三口之家,否
C1487,男,普通,App自然注册,25,公务员,深圳,单身青年,否
C1488,女,普通,微信小程序,41,全职主妇,郑州,二人世界,否
C1489,女,普通,线下扫码,35,互联网从业,武汉,单身青年,否
C1490,女,银卡,外卖平台导流,30,学生,南京,银发族,否
C1491,男,金卡,微信小程序,32,企业职员,青岛,单身青年,是
C1492,男,普通,App自然注册,22,企业职员,北京,多口之家,否
C1493,男,普通,社群裂变,41,服务业,南京,三口之家,否
C1494,女,普通,App自然注册,37,学生,其他,多口之家,否
C1495,女,金卡,微信小程序,23,全职主妇,其他,银发族,是
C1496,女,普通,微信小程序,38,企业职员,上海,二人世界,否
C1497,男,普通,外卖平台导流,47,服务业,其他,三口之家,否
C1498,女,普通,地推活动,30,学生,广州,三口之家,否
C1499,女,银卡,微信小程序,37,互联网从业,西安,二人世界,否
C1500,男,银卡,社群裂变,34,互联网从业,苏州,单身青年,否
C1501,女,银卡,外卖平台导流,40,其他,上海,三口之家,否
C1502,男,普通,微信小程序,36,全职主妇,广州,多口之家,否
C1503,女,普通,社群裂变,37,全职主妇,西安,多口之家,否
C1504,女,金卡,地推活动,30,全职主妇,青岛,单身青年,是
C1505,男,普通,微信小程序,44,公务员,苏州,多口之家,否
C1506,男,普通,线下扫码,40,服务业,其他,二人世界,否
C1507,男,普通,社群裂变,37,互联网从业,北京,多口之家,否
C1508,女,普通,App自然注册,37,全职主妇,北京,银发族,否
C1509,女,普通,App自然注册,28,服务业,天津,单身青年,否
C1510,女,普通,地推活动,39,企业职员,武汉,单身青年,否
C1511,女,普通,地推活动,27,服务业,北京,二人世界,否
C1512,男,普通,微信小程序,40,学生,西安,银发族,否
C1513,男,普通,App自然注册,38,企业职员,南京,三口之家,否
C1514,女,银卡,社群裂变,32,企业职员,杭州,三口之家,否
C1515,男,普通,App自然注册,46,互联网从业,杭州,三口之家,否
C1516,女,普通,App自然注册,27,其他,重庆,单身青年,否
C1517,男,金卡,地推活动,27,全职主妇,长沙,多口之家,是
C1518,女,银卡,微信小程序,35,互联网从业,南京,三口之家,否
C1519,女,普通,微信小程序,37,学生,杭州,银发族,否
C1520,女,普通,线下扫码,41,互联网从业,杭州,三口之家,否
C1521,女,普通,微信小程序,40,企业职员,上海,单身青年,否
C1522,女,银卡,微信小程序,26,服务业,上海,二人世界,否
C1523,男,金卡,线下扫码,35,企业职员,成都,二人世界,是
C1524,女,金卡,App自然注册,27,企业职员,北京,三口之家,是
C1525,女,普通,App自然注册,29,企业职员,杭州,多口之家,否
C1526,男,普通,外卖平台导流,42,学生,杭州,三口之家,否
C1527,男,普通,社群裂变,27,企业职员,北京,三口之家,否
C1528,女,普通,App自然注册,29,服务业,深圳,银发族,否
C1529,女,普通,线下扫码,33,服务业,广州,单身青年,否
C1530,男,普通,微信小程序,39,其他,北京,银发族,否
C1531,女,普通,社群裂变,33,其他,北京,多口之家,否
C1532,男,普通,App自然注册,34,公务员,上海,三口之家,否
C1533,女,银卡,微信小程序,33,其他,天津,三口之家,否
C1534,女,普通,微信小程序,40,企业职员,长沙,多口之家,否
C1535,女,普通,线下扫码,27,学生,杭州,三口之家,否
C1536,男,普通,外卖平台导流,48,服务业,北京,单身青年,否
C1537,男,普通,App自然注册,46,企业职员,武汉,单身青年,否
C1538,男,普通,外卖平台导流,40,其他,北京,二人世界,否
C1539,女,金卡,微信小程序,27,自由职业,北京,二人世界,是
C1540,女,黑金,App自然注册,26,学生,苏州,多口之家,是
C1541,女,普通,App自然注册,48,学生,杭州,多口之家,否
C1542,女,普通,社群裂变,24,互联网从业,上海,二人世界,否
C1543,男,普通,App自然注册,44,企业职员,长沙,单身青年,否
C1544,男,普通,App自然注册,22,全职主妇,长沙,三口之家,否
C1545,男,普通,社群裂变,28,全职主妇,深圳,单身青年,否
C1546,男,普通,微信小程序,26,企业职员,北京,单身青年,否
C1547,女,银卡,App自然注册,37,全职主妇,上海,银发族,否
C1548,女,银卡,App自然注册,30,企业职员,上海,三口之家,否
C1549,女,普通,App自然注册,31,学生,长沙,银发族,否
C1550,男,普通,线下扫码,38,互联网从业,深圳,单身青年,否
C1551,男,普通,App自然注册,36,互联网从业,广州,二人世界,否
C1552,女,银卡,线下扫码,33,互联网从业,北京,单身青年,否
C1553,男,普通,地推活动,47,学生,广州,二人世界,否
C1554,男,普通,线下扫码,27,互联网从业,上海,单身青年,否
C1555,女,普通,App自然注册,40,学生,郑州,多口之家,否
C1556,女,普通,App自然注册,37,服务业,重庆,多口之家,否
C1557,女,银卡,App自然注册,31,企业职员,重庆,多口之家,否
C1558,男,普通,App自然注册,43,互联网从业,成都,单身青年,否
C1559,男,银卡,外卖平台导流,48,全职主妇,深圳,二人世界,否
C1560,男,普通,地推活动,27,企业职员,武汉,三口之家,否
C1561,男,银卡,外卖平台导流,36,全职主妇,武汉,三口之家,否
C1562,女,普通,社群裂变,26,全职主妇,杭州,多口之家,否
C1563,男,普通,外卖平台导流,41,自由职业,西安,三口之家,否
C1564,男,普通,微信小程序,37,全职主妇,其他,三口之家,否
C1565,男,银卡,线下扫码,26,互联网从业,上海,多口之家,否
C1566,男,金卡,App自然注册,26,服务业,成都,二人世界,是
C1567,女,金卡,微信小程序,41,自由职业,苏州,二人世界,是
C1568,男,普通,App自然注册,35,企业职员,深圳,三口之家,否
C1569,男,普通,微信小程序,22,学生,北京,单身青年,否
C1570,男,金卡,App自然注册,36,企业职员,成都,二人世界,否
C1571,男,银卡,微信小程序,48,企业职员,上海,单身青年,否
C1572,男,银卡,线下扫码,36,企业职员,广州,多口之家,否
C1573,女,普通,外卖平台导流,29,其他,天津,三口之家,否
C1574,男,普通,社群裂变,44,服务业,长沙,单身青年,否
C1575,男,银卡,App自然注册,36,自由职业,武汉,二人世界,否
C1576,女,普通,App自然注册,36,企业职员,北京,三口之家,否
C1577,女,银卡,线下扫码,46,全职主妇,成都,三口之家,否
C1578,女,普通,App自然注册,27,互联网从业,武汉,三口之家,否
C1579,女,银卡,外卖平台导流,33,自由职业,广州,多口之家,否
C1580,女,银卡,微信小程序,26,自由职业,上海,三口之家,否
C1581,男,普通,微信小程序,40,企业职员,北京,单身青年,否
C1582,男,银卡,线下扫码,32,企业职员,杭州,单身青年,否
C1583,女,普通,线下扫码,26,企业职员,其他,三口之家,否
C1584,男,金卡,微信小程序,43,学生,长沙,单身青年,是
C1585,男,普通,App自然注册,39,全职主妇,成都,银发族,否
C1586,男,普通,微信小程序,44,企业职员,杭州,单身青年,否
C1587,男,普通,微信小程序,26,公务员,重庆,三口之家,否
C1588,男,普通,微信小程序,35,互联网从业,郑州,银发族,否
C1589,男,普通,社群裂变,46,企业职员,南京,单身青年,否
C1590,男,金卡,App自然注册,33,全职主妇,郑州,三口之家,是
C1591,女,普通,微信小程序,30,企业职员,苏州,二人世界,否
C1592,男,普通,App自然注册,41,公务员,北京,多口之家,否
C1593,女,普通,外卖平台导流,34,自由职业,北京,三口之家,否
C1594,男,普通,线下扫码,28,其他,西安,二人世界,否
C1595,男,普通,App自然注册,26,企业职员,其他,多口之家,否
C1596,女,普通,微信小程序,38,企业职员,武汉,三口之家,否
C1597,女,银卡,地推活动,37,公务员,深圳,三口之家,否
C1598,男,普通,微信小程序,39,其他,杭州,三口之家,否
C1599,男,普通,App自然注册,24,学生,成都,三口之家,否
C1600,男,银卡,外卖平台导流,36,其他,武汉,单身青年,否
C1601,男,普通,微信小程序,27,互联网从业,其他,单身青年,否
C1602,男,银卡,外卖平台导流,27,全职主妇,苏州,多口之家,否
C1603,女,普通,App自然注册,32,企业职员,郑州,银发族,否
C1604,男,普通,外卖平台导流,29,企业职员,郑州,银发族,否
C1605,男,普通,地推活动,30,公务员,重庆,银发族,否
C1606,男,普通,微信小程序,47,全职主妇,南京,单身青年,否
C1607,男,银卡,App自然注册,29,企业职员,青岛,三口之家,否
C1608,女,普通,App自然注册,31,企业职员,北京,三口之家,否
C1609,男,普通,微信小程序,34,其他,深圳,二人世界,否
C1610,男,黑金,微信小程序,32,全职主妇,杭州,单身青年,是
C1611,女,普通,App自然注册,35,全职主妇,杭州,二人世界,否
C1612,男,普通,App自然注册,40,企业职员,广州,单身青年,否
C1613,女,普通,外卖平台导流,27,企业职员,广州,三口之家,否
C1614,男,普通,线下扫码,23,服务业,广州,银发族,否
C1615,女,银卡,微信小程序,32,公务员,上海,银发族,否
C1616,男,普通,地推活动,37,公务员,武汉,二人世界,否
C1617,女,银卡,App自然注册,31,企业职员,北京,二人世界,否
C1618,男,普通,社群裂变,34,互联网从业,深圳,二人世界,否
C1619,男,普通,微信小程序,25,学生,武汉,多口之家,否
C1620,男,普通,App自然注册,36,其他,西安,多口之家,否
C1621,男,普通,线下扫码,23,学生,广州,三口之家,否
C1622,男,银卡,线下扫码,39,其他,西安,二人世界,否
C1623,女,普通,地推活动,35,互联网从业,苏州,三口之家,否
C1624,女,普通,微信小程序,25,自由职业,上海,三口之家,否
C1625,女,银卡,社群裂变,29,自由职业,广州,三口之家,否
C1626,男,银卡,App自然注册,39,自由职业,深圳,多口之家,否
C1627,女,银卡,社群裂变,26,企业职员,苏州,银发族,否
C1628,男,普通,线下扫码,31,其他,成都,单身青年,否
C1629,男,普通,App自然注册,32,企业职员,武汉,多口之家,否
C1630,女,普通,微信小程序,27,全职主妇,上海,三口之家,否
C1631,女,普通,地推活动,28,全职主妇,上海,多口之家,否
C1632,女,普通,App自然注册,39,企业职员,苏州,三口之家,否
C1633,女,金卡,线下扫码,32,企业职员,其他,三口之家,否
C1634,男,普通,App自然注册,41,企业职员,西安,单身青年,否
C1635,男,普通,微信小程序,24,自由职业,北京,三口之家,否
C1636,女,普通,App自然注册,35,学生,杭州,二人世界,否
C1637,女,普通,线下扫码,48,服务业,天津,银发族,否
C1638,男,普通,社群裂变,32,企业职员,南京,三口之家,否
C1639,男,普通,微信小程序,32,学生,上海,二人世界,否
C1640,男,普通,微信小程序,31,学生,郑州,单身青年,否
C1641,男,普通,微信小程序,35,全职主妇,广州,单身青年,否
C1642,男,银卡,App自然注册,34,企业职员,广州,二人世界,否
C1643,女,银卡,App自然注册,41,自由职业,北京,三口之家,否
C1644,男,普通,微信小程序,28,互联网从业,其他,单身青年,否
C1645,男,黑金,线下扫码,35,其他,南京,三口之家,是
C1646,男,普通,线下扫码,42,全职主妇,其他,多口之家,否
C1647,女,普通,线下扫码,43,企业职员,苏州,银发族,否
C1648,女,银卡,地推活动,34,学生,西安,单身青年,否
C1649,女,普通,微信小程序,31,其他,北京,多口之家,否
C1650,女,普通,微信小程序,31,服务业,成都,单身青年,否
C1651,男,银卡,App自然注册,37,全职主妇,成都,二人世界,否
C1652,男,银卡,App自然注册,39,企业职员,郑州,单身青年,否
C1653,女,普通,线下扫码,30,企业职员,上海,三口之家,否
C1654,女,普通,外卖平台导流,46,全职主妇,其他,三口之家,否
C1655,女,普通,微信小程序,36,互联网从业,杭州,二人世界,否
C1656,男,银卡,微信小程序,34,企业职员,北京,单身青年,否
C1657,男,普通,App自然注册,24,自由职业,其他,银发族,否
C1658,女,银卡,微信小程序,42,互联网从业,重庆,银发族,否
C1659,女,普通,线下扫码,40,全职主妇,北京,银发族,否
C1660,男,普通,社群裂变,29,全职主妇,重庆,三口之家,否
C1661,女,普通,App自然注册,35,全职主妇,天津,单身青年,否
C1662,男,普通,线下扫码,38,服务业,广州,二人世界,否
C1663,男,普通,App自然注册,37,学生,武汉,单身青年,否
C1664,男,普通,微信小程序,40,学生,苏州,单身青年,否
C1665,女,金卡,App自然注册,27,全职主妇,成都,三口之家,是
C1666,女,普通,地推活动,48,全职主妇,重庆,三口之家,否
C1667,女,金卡,App自然注册,22,互联网从业,广州,三口之家,是
C1668,男,银卡,外卖平台导流,39,自由职业,南京,单身青年,否
C1669,女,普通,线下扫码,27,自由职业,武汉,多口之家,否
C1670,女,银卡,App自然注册,41,其他,重庆,三口之家,否
C1671,男,银卡,微信小程序,33,企业职员,上海,单身青年,否
C1672,女,普通,微信小程序,31,学生,苏州,多口之家,否
C1673,女,银卡,微信小程序,27,自由职业,上海,三口之家,否
C1674,男,普通,微信小程序,39,互联网从业,郑州,多口之家,否
C1675,女,普通,线下扫码,32,自由职业,天津,三口之家,否
C1676,男,普通,微信小程序,31,全职主妇,苏州,单身青年,否
C1677,女,普通,社群裂变,44,其他,西安,银发族,否
C1678,女,普通,微信小程序,37,企业职员,长沙,三口之家,否
C1679,女,普通,外卖平台导流,27,自由职业,北京,三口之家,否
C1680,女,银卡,微信小程序,32,企业职员,北京,三口之家,否
C1681,女,普通,社群裂变,36,服务业,成都,银发族,否
C1682,女,银卡,App自然注册,48,服务业,广州,银发族,否
C1683,女,普通,微信小程序,30,互联网从业,广州,三口之家,否
C1684,男,普通,微信小程序,29,学生,广州,多口之家,否
C1685,女,银卡,App自然注册,28,全职主妇,西安,二人世界,否
C1686,女,普通,App自然注册,35,服务业,上海,多口之家,否
C1687,女,金卡,微信小程序,22,服务业,青岛,银发族,是
C1688,男,黑金,App自然注册,44,企业职员,青岛,多口之家,是
C1689,女,普通,App自然注册,33,企业职员,上海,单身青年,否
C1690,女,普通,地推活动,26,企业职员,武汉,单身青年,否
C1691,女,普通,微信小程序,37,服务业,苏州,二人世界,否
C1692,女,普通,App自然注册,37,服务业,杭州,银发族,否
C1693,男,银卡,App自然注册,48,服务业,成都,二人世界,否
C1694,女,普通,微信小程序,29,全职主妇,杭州,多口之家,否
C1695,男,黑金,App自然注册,29,企业职员,其他,二人世界,是
C1696,男,金卡,外卖平台导流,22,自由职业,深圳,三口之家,是
C1697,男,银卡,App自然注册,38,企业职员,长沙,三口之家,否
C1698,男,普通,社群裂变,35,公务员,南京,二人世界,否
C1699,女,黑金,App自然注册,22,互联网从业,北京,单身青年,是
C1700,男,银卡,社群裂变,24,互联网从业,北京,多口之家,否
C1701,女,银卡,微信小程序,35,互联网从业,深圳,单身青年,否
C1702,女,金卡,App自然注册,36,全职主妇,南京,银发族,是
C1703,女,普通,App自然注册,37,自由职业,上海,二人世界,否
C1704,女,普通,线下扫码,27,互联网从业,苏州,三口之家,否
C1705,女,普通,App自然注册,35,全职主妇,深圳,单身青年,否
C1706,女,普通,App自然注册,48,学生,北京,三口之家,否
C1707,男,普通,App自然注册,32,服务业,杭州,银发族,否
C1708,男,普通,线下扫码,34,企业职员,上海,三口之家,否
C1709,女,普通,微信小程序,40,全职主妇,武汉,三口之家,否
C1710,女,普通,社群裂变,44,企业职员,其他,单身青年,否
C1711,男,普通,微信小程序,31,全职主妇,上海,银发族,否
C1712,男,银卡,App自然注册,26,企业职员,其他,银发族,否
C1713,男,普通,App自然注册,32,其他,杭州,二人世界,否
C1714,女,普通,App自然注册,37,其他,深圳,二人世界,否
C1715,男,普通,App自然注册,29,企业职员,武汉,三口之家,否
C1716,女,普通,App自然注册,31,自由职业,郑州,多口之家,否
C1717,女,银卡,App自然注册,26,服务业,广州,三口之家,否
C1718,女,普通,微信小程序,39,互联网从业,广州,三口之家,否
C1719,男,普通,线下扫码,33,企业职员,西安,单身青年,否
C1720,女,普通,微信小程序,35,企业职员,重庆,二人世界,否
C1721,女,银卡,App自然注册,45,全职主妇,北京,单身青年,否
C1722,女,金卡,微信小程序,41,全职主妇,北京,多口之家,是
C1723,女,银卡,App自然注册,37,公务员,北京,银发族,否
C1724,男,普通,社群裂变,24,全职主妇,青岛,单身青年,否
C1725,女,普通,App自然注册,32,互联网从业,广州,银发族,否
C1726,男,普通,线下扫码,33,其他,郑州,三口之家,否
C1727,男,普通,线下扫码,36,互联网从业,重庆,三口之家,否
C1728,男,金卡,线下扫码,43,公务员,成都,二人世界,否
C1729,男,银卡,App自然注册,36,全职主妇,深圳,银发族,否
C1730,女,普通,线下扫码,38,企业职员,北京,三口之家,否
C1731,女,普通,社群裂变,22,服务业,广州,三口之家,否
C1732,男,普通,微信小程序,40,学生,上海,二人世界,否
C1733,女,普通,App自然注册,37,企业职员,深圳,三口之家,否
C1734,女,金卡,微信小程序,27,服务业,郑州,单身青年,否
C1735,女,普通,App自然注册,30,企业职员,天津,单身青年,否
C1736,男,普通,微信小程序,34,其他,武汉,银发族,否
C1737,女,普通,App自然注册,31,服务业,长沙,单身青年,否
C1738,男,银卡,微信小程序,42,互联网从业,青岛,二人世界,否
C1739,女,普通,线下扫码,35,全职主妇,杭州,三口之家,否
C1740,女,银卡,App自然注册,28,企业职员,北京,银发族,否
C1741,女,普通,App自然注册,40,企业职员,上海,三口之家,否
C1742,女,普通,社群裂变,45,公务员,上海,三口之家,否
C1743,男,银卡,微信小程序,42,企业职员,苏州,多口之家,否
C1744,男,普通,App自然注册,22,企业职员,广州,三口之家,否
C1745,男,普通,外卖平台导流,38,公务员,上海,单身青年,否
C1746,女,银卡,外卖平台导流,37,全职主妇,杭州,银发族,否
C1747,女,普通,微信小程序,35,服务业,西安,单身青年,否
C1748,女,普通,微信小程序,37,全职主妇,上海,单身青年,否
C1749,女,普通,外卖平台导流,22,其他,南京,单身青年,否
C1750,女,金卡,微信小程序,38,企业职员,成都,多口之家,是
C1751,女,普通,线下扫码,33,企业职员,上海,多口之家,否
C1752,女,黑金,微信小程序,24,企业职员,重庆,三口之家,是
C1753,男,银卡,App自然注册,24,企业职员,北京,单身青年,否
C1754,男,银卡,微信小程序,42,企业职员,北京,二人世界,否
C1755,女,普通,微信小程序,37,学生,其他,多口之家,否
C1756,男,普通,外卖平台导流,42,其他,苏州,三口之家,否
C1757,男,普通,外卖平台导流,28,企业职员,青岛,二人世界,否
C1758,男,普通,线下扫码,34,企业职员,杭州,二人世界,否
C1759,女,普通,微信小程序,29,服务业,成都,单身青年,否
C1760,女,普通,App自然注册,47,企业职员,苏州,三口之家,否
C1761,男,普通,微信小程序,43,其他,上海,三口之家,否
C1762,男,普通,线下扫码,46,互联网从业,天津,单身青年,否
C1763,男,普通,地推活动,26,自由职业,广州,单身青年,否
C1764,女,普通,线下扫码,30,自由职业,上海,单身青年,否
C1765,女,银卡,社群裂变,36,企业职员,重庆,二人世界,否
C1766,男,黑金,微信小程序,39,企业职员,天津,单身青年,是
C1767,女,普通,线下扫码,40,互联网从业,天津,多口之家,否
C1768,男,普通,微信小程序,28,全职主妇,北京,多口之家,否
C1769,女,金卡,微信小程序,37,其他,其他,二人世界,是
C1770,女,普通,线下扫码,35,互联网从业,北京,单身青年,否
C1771,男,银卡,微信小程序,29,企业职员,成都,单身青年,否
C1772,女,金卡,外卖平台导流,35,全职主妇,南京,多口之家,是
C1773,女,普通,外卖平台导流,24,互联网从业,其他,三口之家,否
C1774,男,金卡,社群裂变,26,企业职员,深圳,二人世界,是
C1775,男,普通,App自然注册,31,全职主妇,其他,三口之家,否
C1776,女,普通,微信小程序,32,企业职员,杭州,二人世界,否
C1777,男,普通,App自然注册,39,互联网从业,郑州,三口之家,否
C1778,女,普通,微信小程序,35,全职主妇,其他,银发族,否
C1779,男,普通,外卖平台导流,28,互联网从业,天津,银发族,否
C1780,男,普通,App自然注册,46,其他,杭州,三口之家,否
C1781,男,普通,微信小程序,43,公务员,郑州,单身青年,否
C1782,女,银卡,App自然注册,34,其他,南京,二人世界,否
C1783,女,普通,地推活动,25,公务员,西安,银发族,否
C1784,女,普通,外卖平台导流,38,全职主妇,深圳,三口之家,否
C1785,男,普通,App自然注册,22,自由职业,北京,三口之家,否
C1786,女,普通,微信小程序,39,企业职员,苏州,三口之家,否
C1787,男,普通,App自然注册,33,公务员,深圳,单身青年,否
C1788,女,普通,微信小程序,40,自由职业,武汉,三口之家,否
C1789,女,普通,微信小程序,48,其他,武汉,三口之家,否
C1790,男,金卡,线下扫码,35,学生,杭州,三口之家,否
C1791,女,普通,App自然注册,36,全职主妇,广州,多口之家,否
C1792,女,普通,线下扫码,38,互联网从业,广州,单身青年,否
C1793,男,普通,微信小程序,30,其他,北京,三口之家,否
C1794,男,银卡,App自然注册,39,全职主妇,重庆,单身青年,否
C1795,女,银卡,线下扫码,22,互联网从业,北京,单身青年,否
C1796,男,普通,微信小程序,41,公务员,北京,多口之家,否
C1797,男,银卡,微信小程序,30,互联网从业,广州,三口之家,否
C1798,女,银卡,线下扫码,37,公务员,成都,单身青年,否
C1799,男,普通,社群裂变,35,企业职员,南京,单身青年,否
C1800,女,普通,App自然注册,43,自由职业,上海,银发族,否
C1801,男,普通,App自然注册,34,服务业,广州,二人世界,否
C1802,女,银卡,微信小程序,48,服务业,上海,单身青年,否
C1803,女,普通,外卖平台导流,37,互联网从业,广州,二人世界,否
C1804,女,普通,微信小程序,28,互联网从业,北京,三口之家,否
C1805,女,普通,线下扫码,30,互联网从业,深圳,三口之家,否
C1806,女,黑金,App自然注册,43,互联网从业,上海,单身青年,是
C1807,男,银卡,微信小程序,37,企业职员,西安,二人世界,否
C1808,女,普通,线下扫码,35,公务员,其他,银发族,否
C1809,女,金卡,微信小程序,37,学生,杭州,二人世界,是
C1810,女,普通,外卖平台导流,43,服务业,深圳,三口之家,否
C1811,女,普通,App自然注册,35,服务业,武汉,单身青年,否
C1812,男,金卡,App自然注册,26,企业职员,其他,三口之家,是
C1813,男,普通,外卖平台导流,37,全职主妇,北京,多口之家,否
C1814,女,普通,App自然注册,34,自由职业,北京,银发族,否
C1815,女,银卡,App自然注册,44,其他,深圳,多口之家,否
C1816,女,普通,线下扫码,32,公务员,深圳,二人世界,否
C1817,男,普通,App自然注册,41,公务员,重庆,三口之家,否
C1818,男,普通,线下扫码,22,互联网从业,青岛,二人世界,否
C1819,女,银卡,微信小程序,39,企业职员,杭州,二人世界,否
C1820,女,普通,App自然注册,35,服务业,杭州,多口之家,否
C1821,女,普通,社群裂变,36,公务员,北京,三口之家,否
C1822,女,银卡,App自然注册,39,企业职员,北京,三口之家,否
C1823,男,普通,App自然注册,43,互联网从业,深圳,三口之家,否
C1824,女,普通,线下扫码,45,服务业,其他,二人世界,否
C1825,女,普通,地推活动,39,全职主妇,杭州,三口之家,否
C1826,男,普通,社群裂变,41,互联网从业,成都,单身青年,否
C1827,男,普通,线下扫码,35,互联网从业,广州,多口之家,否
C1828,男,普通,微信小程序,35,公务员,成都,单身青年,否
C1829,男,银卡,地推活动,37,学生,郑州,二人世界,否
C1830,男,普通,App自然注册,31,其他,其他,二人世界,否
C1831,女,普通,线下扫码,29,全职主妇,武汉,银发族,否
C1832,女,普通,社群裂变,43,服务业,上海,多口之家,否
C1833,女,银卡,微信小程序,28,企业职员,天津,三口之家,否
C1834,女,普通,线下扫码,37,企业职员,上海,三口之家,否
C1835,男,金卡,微信小程序,39,服务业,其他,多口之家,否
C1836,男,黑金,线下扫码,32,公务员,其他,多口之家,是
C1837,男,普通,App自然注册,22,企业职员,深圳,单身青年,否
C1838,男,普通,线下扫码,31,全职主妇,广州,三口之家,否
C1839,女,银卡,App自然注册,32,全职主妇,其他,银发族,否
C1840,女,银卡,线下扫码,41,全职主妇,长沙,二人世界,否
C1841,女,普通,地推活动,22,企业职员,其他,二人世界,否
C1842,男,普通,社群裂变,41,互联网从业,深圳,二人世界,否
C1843,男,银卡,外卖平台导流,24,互联网从业,南京,二人世界,否
C1844,女,普通,外卖平台导流,41,企业职员,深圳,二人世界,否
C1845,女,银卡,App自然注册,29,企业职员,青岛,二人世界,否
C1846,男,银卡,App自然注册,29,公务员,武汉,银发族,否
C1847,女,普通,外卖平台导流,48,其他,武汉,单身青年,否
C1848,女,普通,App自然注册,43,其他,南京,单身青年,否
C1849,女,银卡,线下扫码,32,企业职员,重庆,银发族,否
C1850,女,银卡,社群裂变,32,全职主妇,长沙,多口之家,否
C1851,女,普通,微信小程序,42,企业职员,北京,二人世界,否
C1852,男,普通,微信小程序,38,学生,北京,单身青年,否
C1853,男,普通,外卖平台导流,48,企业职员,上海,多口之家,否
C1854,男,普通,微信小程序,36,学生,武汉,二人世界,否
C1855,男,银卡,App自然注册,38,全职主妇,杭州,三口之家,否
C1856,女,普通,线下扫码,48,互联网从业,上海,二人世界,否
C1857,女,普通,线下扫码,41,服务业,其他,多口之家,否
C1858,男,普通,App自然注册,34,企业职员,北京,单身青年,否
C1859,女,金卡,外卖平台导流,31,全职主妇,北京,银发族,是
C1860,女,普通,App自然注册,35,全职主妇,上海,多口之家,否
C1861,女,金卡,App自然注册,27,全职主妇,北京,单身青年,是
C1862,男,普通,微信小程序,42,互联网从业,上海,多口之家,否
C1863,男,银卡,App自然注册,36,公务员,青岛,二人世界,否
C1864,男,金卡,线下扫码,48,互联网从业,深圳,三口之家,否
C1865,男,普通,线下扫码,43,公务员,广州,单身青年,否
C1866,女,普通,App自然注册,29,企业职员,其他,二人世界,否
C1867,女,普通,App自然注册,31,其他,上海,单身青年,否
C1868,男,普通,外卖平台导流,40,公务员,长沙,银发族,否
C1869,男,金卡,微信小程序,43,学生,南京,单身青年,是
C1870,女,普通,外卖平台导流,35,学生,成都,单身青年,否
C1871,男,普通,App自然注册,42,其他,武汉,银发族,否
C1872,女,普通,外卖平台导流,47,全职主妇,上海,二人世界,否
C1873,女,普通,微信小程序,35,自由职业,长沙,单身青年,否
C1874,男,普通,外卖平台导流,41,企业职员,其他,三口之家,否
C1875,女,普通,外卖平台导流,27,企业职员,武汉,二人世界,否
C1876,男,银卡,微信小程序,36,全职主妇,南京,单身青年,否
C1877,男,普通,线下扫码,37,互联网从业,杭州,多口之家,否
C1878,男,普通,微信小程序,27,全职主妇,南京,三口之家,否
C1879,女,普通,外卖平台导流,37,公务员,杭州,三口之家,否
C1880,男,银卡,App自然注册,36,其他,北京,二人世界,否
C1881,男,普通,线下扫码,31,企业职员,南京,三口之家,否
C1882,女,普通,地推活动,45,公务员,武汉,三口之家,否
C1883,女,普通,线下扫码,42,互联网从业,上海,银发族,否
C1884,男,银卡,线下扫码,41,公务员,苏州,单身青年,否
C1885,男,银卡,微信小程序,38,企业职员,深圳,二人世界,否
C1886,男,普通,App自然注册,26,企业职员,北京,三口之家,否
C1887,女,银卡,线下扫码,38,全职主妇,上海,三口之家,否
C1888,男,普通,App自然注册,38,学生,上海,二人世界,否
C1889,男,普通,微信小程序,44,企业职员,成都,多口之家,否
C1890,女,金卡,App自然注册,34,全职主妇,上海,二人世界,否
C1891,女,普通,微信小程序,43,公务员,上海,二人世界,否
C1892,女,普通,线下扫码,40,企业职员,其他,三口之家,否
C1893,男,普通,社群裂变,35,全职主妇,广州,三口之家,否
C1894,女,普通,地推活动,41,学生,北京,多口之家,否
C1895,男,普通,地推活动,46,企业职员,南京,单身青年,否
C1896,男,普通,外卖平台导流,37,企业职员,青岛,多口之家,否
C1897,男,普通,地推活动,28,企业职员,天津,多口之家,否
C1898,男,普通,微信小程序,42,企业职员,武汉,三口之家,否
C1899,女,普通,App自然注册,27,企业职员,上海,单身青年,否
C1900,女,银卡,线下扫码,40,企业职员,深圳,三口之家,否
C1901,男,普通,线下扫码,41,学生,其他,单身青年,否
C1902,男,金卡,微信小程序,46,全职主妇,成都,单身青年,否
C1903,女,普通,App自然注册,46,互联网从业,深圳,三口之家,否
C1904,女,普通,微信小程序,33,自由职业,广州,单身青年,否
C1905,男,普通,线下扫码,41,学生,杭州,单身青年,否
C1906,女,普通,微信小程序,27,服务业,上海,银发族,否
C1907,男,普通,App自然注册,33,服务业,武汉,单身青年,否
C1908,男,普通,线下扫码,34,服务业,西安,二人世界,否
C1909,男,普通,App自然注册,37,公务员,成都,单身青年,否
C1910,男,普通,外卖平台导流,25,公务员,杭州,多口之家,否
C1911,女,银卡,微信小程序,32,其他,广州,三口之家,否
C1912,男,金卡,外卖平台导流,38,全职主妇,武汉,三口之家,否
C1913,男,金卡,外卖平台导流,43,企业职员,上海,银发族,否
C1914,女,银卡,微信小程序,47,全职主妇,成都,三口之家,否
C1915,女,银卡,微信小程序,34,互联网从业,广州,三口之家,否
C1916,女,普通,微信小程序,34,企业职员,武汉,二人世界,否
C1917,女,普通,微信小程序,41,全职主妇,上海,银发族,否
C1918,女,银卡,App自然注册,37,学生,北京,三口之家,否
C1919,男,银卡,外卖平台导流,45,学生,上海,三口之家,否
C1920,女,普通,微信小程序,29,全职主妇,深圳,二人世界,否
C1921,男,银卡,微信小程序,38,互联网从业,广州,单身青年,否
C1922,男,普通,社群裂变,22,互联网从业,上海,多口之家,否
C1923,男,黑金,微信小程序,31,全职主妇,其他,银发族,是
C1924,女,金卡,微信小程序,48,自由职业,杭州,三口之家,是
C1925,男,金卡,微信小程序,27,企业职员,北京,银发族,是
C1926,女,普通,线下扫码,30,自由职业,重庆,多口之家,否
C1927,女,银卡,外卖平台导流,30,公务员,南京,三口之家,否
C1928,男,普通,微信小程序,37,自由职业,武汉,三口之家,否
C1929,男,普通,线下扫码,42,企业职员,北京,三口之家,否
C1930,女,普通,社群裂变,37,企业职员,郑州,单身青年,否
C1931,男,普通,App自然注册,30,企业职员,北京,三口之家,否
C1932,男,普通,线下扫码,32,企业职员,广州,单身青年,否
C1933,男,普通,外卖平台导流,36,自由职业,重庆,三口之家,否
C1934,男,普通,线下扫码,42,企业职员,郑州,单身青年,否
C1935,男,普通,微信小程序,35,企业职员,深圳,三口之家,否
C1936,女,普通,App自然注册,48,全职主妇,天津,二人世界,否
C1937,男,银卡,地推活动,35,其他,北京,单身青年,否
C1938,男,银卡,微信小程序,27,企业职员,苏州,三口之家,否
C1939,男,普通,微信小程序,31,其他,北京,银发族,否
C1940,男,普通,线下扫码,38,互联网从业,郑州,二人世界,否
C1941,男,普通,微信小程序,45,企业职员,深圳,二人世界,否
C1942,男,普通,线下扫码,37,公务员,苏州,多口之家,否
C1943,女,普通,线下扫码,25,自由职业,南京,二人世界,否
C1944,女,金卡,外卖平台导流,37,学生,苏州,多口之家,是
C1945,男,普通,App自然注册,27,其他,深圳,银发族,否
C1946,男,普通,App自然注册,43,互联网从业,其他,二人世界,否
C1947,女,普通,社群裂变,40,自由职业,北京,单身青年,否
C1948,男,普通,微信小程序,36,企业职员,成都,单身青年,否
C1949,男,普通,外卖平台导流,38,学生,北京,银发族,否
C1950,女,普通,微信小程序,29,自由职业,上海,多口之家,否
C1951,男,普通,微信小程序,29,全职主妇,北京,多口之家,否
C1952,女,普通,App自然注册,43,互联网从业,武汉,银发族,否
C1953,女,普通,外卖平台导流,29,自由职业,深圳,二人世界,否
C1954,女,普通,App自然注册,33,企业职员,深圳,三口之家,否
C1955,男,普通,微信小程序,38,全职主妇,上海,二人世界,否
C1956,女,普通,App自然注册,31,企业职员,北京,单身青年,否
C1957,男,普通,外卖平台导流,38,自由职业,上海,单身青年,否
C1958,女,普通,微信小程序,37,企业职员,郑州,银发族,否
C1959,女,普通,App自然注册,34,企业职员,杭州,单身青年,否
C1960,女,普通,微信小程序,37,公务员,杭州,多口之家,否
C1961,女,金卡,地推活动,34,服务业,上海,单身青年,是
C1962,女,普通,社群裂变,32,全职主妇,成都,三口之家,否
C1963,男,普通,微信小程序,43,企业职员,武汉,多口之家,否
C1964,男,金卡,微信小程序,42,学生,杭州,三口之家,是
C1965,女,普通,微信小程序,48,互联网从业,天津,三口之家,否
C1966,女,普通,App自然注册,34,企业职员,长沙,单身青年,否
C1967,男,普通,App自然注册,39,互联网从业,广州,单身青年,否
C1968,女,银卡,社群裂变,40,企业职员,成都,三口之家,否
C1969,女,普通,App自然注册,27,企业职员,其他,二人世界,否
C1970,女,金卡,App自然注册,30,企业职员,西安,三口之家,是
C1971,男,普通,微信小程序,44,学生,北京,单身青年,否
C1972,女,金卡,App自然注册,25,全职主妇,上海,二人世界,是
C1973,女,普通,微信小程序,38,服务业,成都,二人世界,否
C1974,女,普通,线下扫码,34,服务业,长沙,单身青年,否
C1975,女,黑金,微信小程序,40,企业职员,青岛,银发族,是
C1976,女,普通,外卖平台导流,24,服务业,武汉,银发族,否
C1977,女,普通,社群裂变,39,互联网从业,成都,二人世界,否
C1978,男,普通,线下扫码,48,公务员,郑州,三口之家,否
C1979,女,金卡,微信小程序,30,互联网从业,上海,银发族,是
C1980,男,金卡,外卖平台导流,44,自由职业,北京,二人世界,是
C1981,男,普通,微信小程序,33,公务员,武汉,多口之家,否
C1982,女,银卡,社群裂变,28,互联网从业,北京,单身青年,否
C1983,女,普通,App自然注册,29,企业职员,南京,单身青年,否
C1984,女,普通,微信小程序,28,企业职员,上海,银发族,否
C1985,男,银卡,微信小程序,22,全职主妇,其他,三口之家,否
C1986,女,银卡,微信小程序,22,学生,西安,三口之家,否
C1987,女,普通,微信小程序,37,全职主妇,其他,单身青年,否
C1988,女,普通,线下扫码,37,其他,北京,三口之家,否
C1989,男,普通,App自然注册,31,互联网从业,杭州,银发族,否
C1990,男,银卡,外卖平台导流,31,学生,深圳,二人世界,否
C1991,男,银卡,App自然注册,23,自由职业,深圳,二人世界,否
C1992,女,银卡,社群裂变,44,自由职业,南京,单身青年,否
C1993,男,金卡,线下扫码,37,企业职员,广州,三口之家,是
C1994,男,银卡,微信小程序,42,服务业,重庆,三口之家,否
C1995,男,普通,社群裂变,41,其他,郑州,二人世界,否
C1996,男,普通,外卖平台导流,34,企业职员,深圳,三口之家,否
C1997,男,普通,App自然注册,28,全职主妇,青岛,三口之家,否
C1998,女,普通,App自然注册,27,其他,其他,二人世界,否
C1999,男,银卡,社群裂变,44,服务业,成都,二人世界,否
C2000,女,普通,线下扫码,36,自由职业,北京,二人世界,否
C2001,女,金卡,线下扫码,30,企业职员,西安,单身青年,是
C2002,男,银卡,外卖平台导流,36,全职主妇,北京,三口之家,否
C2003,女,银卡,外卖平台导流,34,企业职员,武汉,单身青年,否
C2004,男,普通,App自然注册,37,服务业,北京,二人世界,否
C2005,女,普通,微信小程序,29,互联网从业,上海,二人世界,否
C2006,女,普通,线下扫码,35,全职主妇,杭州,三口之家,否
C2007,女,普通,App自然注册,24,自由职业,深圳,三口之家,否
C2008,女,普通,App自然注册,35,企业职员,上海,单身青年,否
C2009,男,普通,社群裂变,28,其他,西安,银发族,否
C2010,男,普通,App自然注册,35,学生,上海,单身青年,否
C2011,男,普通,微信小程序,36,服务业,深圳,三口之家,否
C2012,男,金卡,App自然注册,36,企业职员,苏州,银发族,否
C2013,女,普通,线下扫码,38,自由职业,深圳,三口之家,否
C2014,男,普通,微信小程序,43,学生,重庆,三口之家,否
C2015,男,黑金,App自然注册,29,互联网从业,郑州,三口之家,是
C2016,男,金卡,外卖平台导流,34,企业职员,深圳,三口之家,是
C2017,女,普通,微信小程序,42,全职主妇,青岛,二人世界,否
C2018,女,金卡,微信小程序,24,公务员,广州,三口之家,否
C2019,女,黑金,地推活动,39,企业职员,深圳,单身青年,是
C2020,女,普通,App自然注册,33,服务业,深圳,银发族,否
C2021,男,普通,App自然注册,25,公务员,武汉,多口之家,否
C2022,男,普通,线下扫码,32,全职主妇,其他,三口之家,否
C2023,男,普通,社群裂变,34,互联网从业,上海,三口之家,否
C2024,女,普通,微信小程序,22,全职主妇,广州,银发族,否
C2025,男,银卡,外卖平台导流,48,全职主妇,北京,三口之家,否
C2026,女,普通,微信小程序,32,公务员,其他,三口之家,否
C2027,女,银卡,线下扫码,33,互联网从业,成都,多口之家,否
C2028,男,普通,外卖平台导流,43,自由职业,长沙,三口之家,否
C2029,男,银卡,线下扫码,33,全职主妇,其他,二人世界,否
C2030,男,普通,App自然注册,27,服务业,杭州,单身青年,否
C2031,男,普通,社群裂变,30,企业职员,上海,单身青年,否
C2032,女,金卡,App自然注册,35,学生,杭州,二人世界,是
C2033,女,普通,线下扫码,35,企业职员,上海,银发族,否
C2034,男,黑金,社群裂变,30,企业职员,南京,二人世界,是
C2035,男,普通,App自然注册,37,企业职员,苏州,银发族,否
C2036,女,普通,社群裂变,39,企业职员,广州,三口之家,否
C2037,男,金卡,微信小程序,38,服务业,杭州,三口之家,否
C2038,女,普通,App自然注册,28,互联网从业,武汉,三口之家,否
C2039,女,银卡,线下扫码,31,其他,青岛,多口之家,否
C2040,男,普通,App自然注册,42,服务业,上海,单身青年,否
C2041,女,普通,地推活动,39,全职主妇,广州,单身青年,否
C2042,男,普通,外卖平台导流,48,全职主妇,重庆,单身青年,否
C2043,男,普通,社群裂变,28,公务员,西安,三口之家,否
C2044,男,银卡,微信小程序,30,服务业,郑州,三口之家,否
C2045,女,银卡,外卖平台导流,41,公务员,苏州,二人世界,否
C2046,男,普通,微信小程序,36,互联网从业,南京,单身青年,否
C2047,女,普通,App自然注册,40,企业职员,成都,三口之家,否
C2048,女,普通,App自然注册,40,学生,其他,单身青年,否
C2049,男,普通,微信小程序,36,全职主妇,西安,三口之家,否
C2050,男,银卡,App自然注册,34,其他,广州,二人世界,否
C2051,男,银卡,微信小程序,45,企业职员,武汉,银发族,否
C2052,女,银卡,外卖平台导流,41,企业职员,成都,二人世界,否
C2053,男,普通,微信小程序,30,互联网从业,重庆,三口之家,否
C2054,女,普通,微信小程序,29,企业职员,广州,三口之家,否
C2055,男,普通,微信小程序,39,企业职员,长沙,三口之家,否
C2056,男,普通,App自然注册,39,公务员,成都,二人世界,否
C2057,女,普通,微信小程序,30,全职主妇,北京,单身青年,否
C2058,女,金卡,App自然注册,47,自由职业,杭州,三口之家,否
C2059,女,银卡,线下扫码,34,学生,西安,二人世界,否
C2060,女,普通,线下扫码,29,全职主妇,北京,单身青年,否
C2061,男,普通,线下扫码,22,学生,广州,三口之家,否
C2062,女,银卡,线下扫码,38,学生,上海,二人世界,否
C2063,女,银卡,外卖平台导流,48,互联网从业,北京,单身青年,否
C2064,男,银卡,外卖平台导流,31,其他,西安,单身青年,否
C2065,男,普通,线下扫码,40,学生,北京,多口之家,否
C2066,女,普通,社群裂变,22,服务业,重庆,单身青年,否
C2067,女,普通,微信小程序,22,全职主妇,郑州,三口之家,否
C2068,男,银卡,微信小程序,41,自由职业,苏州,二人世界,否
C2069,男,普通,微信小程序,28,企业职员,西安,三口之家,否
C2070,女,普通,微信小程序,36,全职主妇,北京,单身青年,否
C2071,女,普通,线下扫码,35,其他,广州,单身青年,否
C2072,女,普通,线下扫码,43,公务员,重庆,二人世界,否
C2073,男,普通,外卖平台导流,25,全职主妇,重庆,单身青年,否
C2074,男,金卡,App自然注册,30,全职主妇,深圳,三口之家,是
C2075,女,普通,外卖平台导流,40,企业职员,天津,银发族,否
C2076,男,普通,微信小程序,22,互联网从业,北京,三口之家,否
C2077,男,普通,微信小程序,33,全职主妇,广州,三口之家,否
C2078,男,普通,App自然注册,43,互联网从业,郑州,单身青年,否
C2079,女,银卡,外卖平台导流,36,其他,杭州,三口之家,否
C2080,男,普通,微信小程序,22,其他,北京,三口之家,否
C2081,男,金卡,社群裂变,32,全职主妇,杭州,银发族,是
C2082,女,普通,地推活动,42,自由职业,上海,二人世界,否
C2083,女,普通,App自然注册,40,全职主妇,成都,二人世界,否
C2084,女,黑金,外卖平台导流,31,互联网从业,上海,三口之家,是
C2085,女,普通,App自然注册,38,服务业,广州,三口之家,否
C2086,女,普通,微信小程序,30,互联网从业,北京,三口之家,否
C2087,男,银卡,微信小程序,35,自由职业,郑州,单身青年,否
C2088,男,普通,微信小程序,40,服务业,武汉,二人世界,否
C2089,女,普通,社群裂变,22,公务员,重庆,单身青年,否
C2090,男,普通,线下扫码,31,公务员,郑州,单身青年,否
C2091,男,普通,App自然注册,29,互联网从业,天津,三口之家,否
C2092,男,普通,App自然注册,33,全职主妇,北京,单身青年,否
C2093,男,普通,App自然注册,34,公务员,其他,二人世界,否
C2094,男,普通,线下扫码,47,互联网从业,苏州,三口之家,否
C2095,女,普通,微信小程序,30,服务业,杭州,单身青年,否
C2096,男,普通,线下扫码,38,企业职员,西安,银发族,否
C2097,女,普通,社群裂变,42,企业职员,杭州,二人世界,否
C2098,女,银卡,外卖平台导流,23,企业职员,上海,银发族,否
C2099,女,银卡,外卖平台导流,32,自由职业,成都,单身青年,否
C2100,女,普通,社群裂变,30,公务员,广州,多口之家,否
C2101,女,普通,微信小程序,26,全职主妇,成都,二人世界,否
C2102,女,金卡,微信小程序,31,公务员,重庆,银发族,否
C2103,男,普通,App自然注册,30,服务业,北京,单身青年,否
C2104,男,银卡,线下扫码,36,企业职员,南京,单身青年,否
C2105,女,普通,微信小程序,40,服务业,长沙,三口之家,否
C2106,男,普通,App自然注册,23,全职主妇,杭州,二人世界,否
C2107,男,普通,App自然注册,22,自由职业,杭州,三口之家,否
C2108,女,普通,App自然注册,30,企业职员,北京,二人世界,否
C2109,女,普通,App自然注册,30,自由职业,广州,三口之家,否
C2110,女,普通,微信小程序,48,公务员,深圳,银发族,否
C2111,男,普通,外卖平台导流,38,企业职员,西安,二人世界,否
C2112,女,银卡,App自然注册,27,学生,南京,多口之家,否
C2113,男,普通,App自然注册,45,互联网从业,天津,单身青年,否
C2114,男,银卡,微信小程序,43,学生,西安,单身青年,否
C2115,女,普通,线下扫码,29,企业职员,北京,三口之家,否
C2116,女,银卡,App自然注册,32,公务员,其他,银发族,否
C2117,男,普通,外卖平台导流,37,公务员,北京,二人世界,否
C2118,女,银卡,App自然注册,23,服务业,重庆,多口之家,否
C2119,男,普通,App自然注册,30,互联网从业,成都,三口之家,否
C2120,女,普通,社群裂变,27,企业职员,其他,多口之家,否
C2121,女,普通,社群裂变,31,学生,长沙,二人世界,否
C2122,女,普通,线下扫码,41,企业职员,天津,三口之家,否
C2123,女,银卡,线下扫码,35,全职主妇,其他,二人世界,否
C2124,女,普通,App自然注册,41,企业职员,南京,单身青年,否
C2125,男,普通,App自然注册,32,企业职员,广州,三口之家,否
C2126,男,普通,线下扫码,38,企业职员,天津,二人世界,否
C2127,女,金卡,外卖平台导流,45,服务业,杭州,三口之家,是
C2128,男,银卡,App自然注册,32,学生,上海,三口之家,否
C2129,男,金卡,App自然注册,27,学生,上海,银发族,是
C2130,男,普通,App自然注册,40,自由职业,重庆,三口之家,否
C2131,女,普通,线下扫码,38,其他,广州,二人世界,否
C2132,女,普通,微信小程序,48,全职主妇,北京,三口之家,否
C2133,男,银卡,App自然注册,36,全职主妇,深圳,三口之家,否
C2134,男,普通,App自然注册,31,全职主妇,上海,单身青年,否
C2135,女,银卡,地推活动,44,互联网从业,重庆,单身青年,否
C2136,男,银卡,地推活动,41,服务业,苏州,多口之家,否
C2137,男,普通,社群裂变,33,互联网从业,深圳,三口之家,否
C2138,男,普通,微信小程序,42,自由职业,杭州,三口之家,否
C2139,男,普通,微信小程序,43,企业职员,广州,单身青年,否
C2140,男,银卡,App自然注册,28,自由职业,武汉,三口之家,否
C2141,男,普通,App自然注册,44,全职主妇,重庆,三口之家,否
C2142,女,普通,社群裂变,28,自由职业,青岛,单身青年,否
C2143,女,普通,外卖平台导流,26,其他,天津,三口之家,否
C2144,女,普通,外卖平台导流,33,全职主妇,杭州,三口之家,否
C2145,女,普通,App自然注册,43,互联网从业,北京,三口之家,否
C2146,女,普通,外卖平台导流,45,互联网从业,上海,单身青年,否
C2147,女,普通,外卖平台导流,42,企业职员,北京,二人世界,否
C2148,女,普通,外卖平台导流,27,自由职业,天津,多口之家,否
C2149,女,银卡,线下扫码,23,服务业,其他,二人世界,否
C2150,女,普通,线下扫码,36,企业职员,深圳,银发族,否
C2151,女,银卡,线下扫码,42,企业职员,西安,单身青年,否
C2152,女,普通,App自然注册,34,企业职员,苏州,单身青年,否
C2153,男,银卡,线下扫码,30,全职主妇,重庆,三口之家,否
C2154,女,银卡,App自然注册,30,企业职员,其他,单身青年,否
C2155,女,普通,外卖平台导流,38,学生,南京,二人世界,否
C2156,女,银卡,微信小程序,29,全职主妇,苏州,单身青年,否
C2157,女,金卡,微信小程序,39,互联网从业,上海,二人世界,是
C2158,男,普通,App自然注册,48,企业职员,成都,多口之家,否
C2159,男,普通,微信小程序,29,企业职员,深圳,多口之家,否
C2160,女,金卡,外卖平台导流,39,服务业,北京,二人世界,是
C2161,女,金卡,App自然注册,48,公务员,南京,三口之家,是
C2162,女,银卡,线下扫码,27,企业职员,成都,三口之家,否
C2163,女,金卡,App自然注册,35,学生,北京,单身青年,是
C2164,男,普通,线下扫码,34,企业职员,西安,单身青年,否
C2165,女,普通,微信小程序,47,服务业,其他,单身青年,否
C2166,男,银卡,微信小程序,40,其他,上海,三口之家,否
C2167,男,普通,App自然注册,36,服务业,上海,三口之家,否
C2168,男,银卡,线下扫码,40,自由职业,西安,银发族,否
C2169,女,普通,线下扫码,37,学生,广州,多口之家,否
C2170,男,普通,外卖平台导流,37,互联网从业,深圳,三口之家,否
C2171,女,普通,线下扫码,34,企业职员,西安,三口之家,否
C2172,女,普通,线下扫码,26,公务员,上海,银发族,否
C2173,女,普通,线下扫码,40,自由职业,重庆,三口之家,否
C2174,男,银卡,外卖平台导流,36,其他,郑州,单身青年,否
C2175,男,银卡,微信小程序,28,服务业,其他,单身青年,否
C2176,男,银卡,微信小程序,29,全职主妇,其他,三口之家,否
C2177,女,普通,微信小程序,29,企业职员,北京,二人世界,否
C2178,男,金卡,微信小程序,42,企业职员,郑州,多口之家,是
C2179,女,普通,地推活动,36,自由职业,杭州,二人世界,否
C2180,女,普通,App自然注册,34,学生,成都,二人世界,否
C2181,男,普通,社群裂变,22,企业职员,北京,多口之家,否
C2182,男,普通,微信小程序,33,其他,青岛,多口之家,否
C2183,女,黑金,App自然注册,24,企业职员,深圳,二人世界,是
C2184,男,普通,外卖平台导流,32,企业职员,深圳,多口之家,否
C2185,女,银卡,线下扫码,28,学生,长沙,多口之家,否
C2186,男,金卡,社群裂变,37,服务业,成都,单身青年,是
C2187,男,银卡,线下扫码,30,企业职员,武汉,单身青年,否
C2188,男,普通,微信小程序,42,企业职员,上海,三口之家,否
C2189,男,普通,微信小程序,22,公务员,武汉,三口之家,否
C2190,男,普通,微信小程序,22,学生,重庆,单身青年,否
C2191,男,普通,外卖平台导流,36,自由职业,成都,三口之家,否
C2192,男,金卡,线下扫码,34,自由职业,北京,三口之家,是
C2193,男,银卡,App自然注册,33,其他,深圳,银发族,否
C2194,女,普通,线下扫码,31,互联网从业,郑州,二人世界,否
C2195,女,普通,微信小程序,39,服务业,武汉,三口之家,否
C2196,男,普通,App自然注册,33,自由职业,广州,三口之家,否
C2197,男,普通,微信小程序,38,互联网从业,北京,三口之家,否
C2198,女,银卡,微信小程序,35,自由职业,西安,银发族,否
C2199,女,普通,社群裂变,30,自由职业,郑州,单身青年,否
C2200,女,普通,App自然注册,33,其他,青岛,三口之家,否
C2201,男,普通,社群裂变,30,全职主妇,南京,三口之家,否
C2202,女,普通,外卖平台导流,39,其他,上海,三口之家,否
C2203,女,普通,外卖平台导流,22,全职主妇,北京,银发族,否
C2204,女,普通,外卖平台导流,35,全职主妇,武汉,单身青年,否
C2205,男,金卡,地推活动,41,企业职员,苏州,三口之家,是
C2206,男,银卡,微信小程序,35,企业职员,北京,二人世界,否
C2207,男,普通,微信小程序,25,企业职员,上海,多口之家,否
C2208,女,银卡,线下扫码,27,其他,南京,二人世界,否
C2209,男,普通,社群裂变,33,互联网从业,深圳,三口之家,否
C2210,女,普通,线下扫码,48,全职主妇,上海,多口之家,否
C2211,男,普通,外卖平台导流,34,服务业,重庆,多口之家,否
C2212,女,普通,App自然注册,48,自由职业,上海,二人世界,否
C2213,女,普通,微信小程序,28,服务业,北京,三口之家,否
C2214,女,普通,社群裂变,47,全职主妇,上海,三口之家,否
C2215,女,普通,App自然注册,34,服务业,成都,三口之家,否
C2216,女,普通,App自然注册,31,企业职员,重庆,二人世界,否
C2217,女,银卡,App自然注册,29,互联网从业,成都,多口之家,否
C2218,男,银卡,线下扫码,30,全职主妇,郑州,单身青年,否
C2219,男,普通,外卖平台导流,35,服务业,北京,三口之家,否
C2220,男,银卡,微信小程序,31,互联网从业,天津,单身青年,否
C2221,女,普通,微信小程序,32,企业职员,青岛,三口之家,否
C2222,男,普通,微信小程序,36,全职主妇,武汉,多口之家,否
C2223,男,普通,线下扫码,35,其他,武汉,单身青年,否
C2224,女,普通,线下扫码,23,服务业,上海,二人世界,否
C2225,男,银卡,线下扫码,26,企业职员,北京,银发族,否
C2226,男,金卡,线下扫码,36,学生,天津,二人世界,否
C2227,男,银卡,微信小程序,42,企业职员,上海,银发族,否
C2228,女,普通,外卖平台导流,34,服务业,广州,二人世界,否
C2229,男,普通,微信小程序,29,全职主妇,武汉,多口之家,否
C2230,男,普通,微信小程序,37,企业职员,深圳,三口之家,否
C2231,女,普通,社群裂变,48,其他,成都,二人世界,否
C2232,女,银卡,外卖平台导流,22,企业职员,北京,三口之家,否
C2233,女,银卡,微信小程序,38,互联网从业,北京,多口之家,否
C2234,男,普通,微信小程序,29,互联网从业,南京,三口之家,否
C2235,男,普通,社群裂变,36,企业职员,上海,单身青年,否
C2236,男,银卡,外卖平台导流,35,企业职员,北京,三口之家,否
C2237,女,普通,App自然注册,37,企业职员,广州,多口之家,否
C2238,女,普通,微信小程序,35,公务员,北京,多口之家,否
C2239,女,普通,微信小程序,25,全职主妇,天津,三口之家,否
C2240,女,普通,外卖平台导流,36,企业职员,广州,二人世界,否
C2241,男,银卡,社群裂变,46,全职主妇,上海,三口之家,否
C2242,女,普通,线下扫码,32,公务员,北京,单身青年,否
C2243,女,普通,线下扫码,30,全职主妇,其他,银发族,否
C2244,女,普通,线下扫码,35,服务业,武汉,三口之家,否
C2245,女,普通,外卖平台导流,39,企业职员,青岛,单身青年,否
C2246,男,普通,微信小程序,40,企业职员,上海,单身青年,否
C2247,男,普通,微信小程序,38,学生,苏州,银发族,否
C2248,男,普通,微信小程序,34,企业职员,深圳,单身青年,否
C2249,男,银卡,外卖平台导流,33,企业职员,其他,三口之家,否
C2250,男,普通,社群裂变,28,全职主妇,南京,单身青年,否
C2251,男,银卡,微信小程序,34,其他,其他,三口之家,否
C2252,男,普通,微信小程序,37,自由职业,深圳,三口之家,否
C2253,男,黑金,App自然注册,31,公务员,郑州,二人世界,是
C2254,女,普通,App自然注册,48,互联网从业,广州,银发族,否
C2255,女,普通,外卖平台导流,36,企业职员,广州,三口之家,否
C2256,男,银卡,线下扫码,34,企业职员,上海,单身青年,否
C2257,女,普通,微信小程序,42,互联网从业,苏州,二人世界,否
C2258,男,金卡,App自然注册,27,企业职员,上海,三口之家,是
C2259,女,普通,微信小程序,41,自由职业,深圳,三口之家,否
C2260,女,普通,微信小程序,29,互联网从业,上海,三口之家,否
C2261,女,普通,微信小程序,29,全职主妇,西安,二人世界,否
C2262,女,普通,App自然注册,40,服务业,广州,单身青年,否
C2263,女,银卡,微信小程序,22,互联网从业,其他,多口之家,否
C2264,女,普通,线下扫码,44,企业职员,南京,多口之家,否
C2265,男,普通,App自然注册,29,自由职业,武汉,银发族,否
C2266,男,普通,微信小程序,33,企业职员,长沙,三口之家,否
C2267,男,普通,App自然注册,31,企业职员,深圳,多口之家,否
C2268,女,普通,外卖平台导流,46,互联网从业,青岛,单身青年,否
C2269,女,普通,微信小程序,22,全职主妇,北京,三口之家,否
C2270,男,普通,线下扫码,30,互联网从业,上海,单身青年,否
C2271,女,普通,微信小程序,35,学生,郑州,三口之家,否
C2272,女,银卡,微信小程序,39,公务员,苏州,三口之家,否
C2273,男,普通,线下扫码,44,企业职员,武汉,单身青年,否
C2274,女,银卡,App自然注册,32,其他,广州,单身青年,否
C2275,男,普通,微信小程序,23,其他,深圳,三口之家,否
C2276,女,普通,微信小程序,33,自由职业,青岛,多口之家,否
C2277,女,普通,微信小程序,39,企业职员,上海,多口之家,否
C2278,男,普通,微信小程序,37,互联网从业,苏州,多口之家,否
C2279,男,普通,微信小程序,35,企业职员,北京,银发族,否
C2280,女,普通,微信小程序,38,学生,其他,单身青年,否
C2281,男,黑金,微信小程序,35,互联网从业,深圳,单身青年,是
C2282,女,普通,App自然注册,32,其他,杭州,银发族,否
C2283,女,黑金,外卖平台导流,46,学生,上海,银发族,是
C2284,女,普通,App自然注册,48,服务业,上海,多口之家,否
C2285,男,金卡,微信小程序,35,自由职业,重庆,二人世界,否
C2286,男,普通,微信小程序,27,公务员,长沙,三口之家,否
C2287,男,普通,微信小程序,32,其他,上海,三口之家,否
C2288,男,银卡,线下扫码,22,企业职员,郑州,二人世界,否
C2289,女,银卡,App自然注册,26,全职主妇,深圳,多口之家,否
C2290,女,普通,线下扫码,42,互联网从业,重庆,银发族,否
C2291,男,普通,线下扫码,36,企业职员,深圳,银发族,否
C2292,男,普通,App自然注册,30,服务业,上海,三口之家,否
C2293,男,普通,App自然注册,42,企业职员,广州,多口之家,否
C2294,女,普通,微信小程序,22,互联网从业,成都,三口之家,否
C2295,女,普通,App自然注册,25,服务业,广州,三口之家,否
C2296,男,银卡,外卖平台导流,43,企业职员,北京,三口之家,否
C2297,女,银卡,微信小程序,27,互联网从业,重庆,三口之家,否
C2298,女,金卡,微信小程序,22,互联网从业,南京,三口之家,是
C2299,女,黑金,微信小程序,37,学生,上海,三口之家,是
C2300,女,普通,App自然注册,34,全职主妇,北京,二人世界,否
C2301,男,黑金,微信小程序,42,其他,其他,三口之家,是
C2302,男,银卡,社群裂变,39,企业职员,长沙,三口之家,否
C2303,男,金卡,App自然注册,32,企业职员,重庆,单身青年,是
C2304,女,普通,微信小程序,31,企业职员,北京,二人世界,否
C2305,男,银卡,微信小程序,37,全职主妇,上海,二人世界,否
C2306,女,普通,线下扫码,32,全职主妇,苏州,银发族,否
C2307,女,金卡,外卖平台导流,33,企业职员,天津,单身青年,是
C2308,女,金卡,地推活动,46,其他,重庆,单身青年,是
C2309,女,银卡,线下扫码,46,服务业,广州,三口之家,否
C2310,女,普通,微信小程序,37,学生,北京,二人世界,否
C2311,男,普通,微信小程序,29,公务员,北京,三口之家,否
C2312,男,普通,线下扫码,38,企业职员,上海,单身青年,否
C2313,女,普通,App自然注册,30,服务业,其他,二人世界,否
C2314,女,普通,线下扫码,36,学生,北京,三口之家,否
C2315,女,银卡,微信小程序,37,企业职员,南京,单身青年,否
C2316,女,普通,App自然注册,31,自由职业,成都,单身青年,否
C2317,男,普通,App自然注册,43,全职主妇,深圳,单身青年,否
C2318,女,普通,微信小程序,31,其他,杭州,单身青年,否
C2319,男,普通,微信小程序,33,互联网从业,北京,三口之家,否
C2320,女,普通,外卖平台导流,47,互联网从业,深圳,二人世界,否
C2321,女,普通,外卖平台导流,30,自由职业,成都,单身青年,否
C2322,男,普通,App自然注册,36,自由职业,上海,三口之家,否
C2323,女,普通,线下扫码,37,自由职业,西安,单身青年,否
C2324,女,普通,微信小程序,42,互联网从业,上海,三口之家,否
C2325,女,普通,微信小程序,44,其他,武汉,二人世界,否
C2326,男,银卡,线下扫码,37,企业职员,上海,三口之家,否
C2327,女,普通,线下扫码,36,企业职员,北京,三口之家,否
C2328,女,银卡,微信小程序,31,学生,深圳,三口之家,否
C2329,女,普通,地推活动,41,其他,西安,多口之家,否
C2330,女,普通,App自然注册,28,企业职员,杭州,三口之家,否
C2331,女,银卡,微信小程序,27,互联网从业,天津,二人世界,否
C2332,女,普通,App自然注册,31,互联网从业,重庆,三口之家,否
C2333,男,银卡,微信小程序,44,服务业,南京,二人世界,否
C2334,女,银卡,微信小程序,29,其他,深圳,三口之家,否
C2335,女,银卡,App自然注册,38,全职主妇,重庆,多口之家,否
C2336,女,普通,微信小程序,34,服务业,西安,单身青年,否
C2337,女,普通,微信小程序,22,自由职业,长沙,三口之家,否
C2338,女,银卡,微信小程序,36,互联网从业,杭州,三口之家,否
C2339,女,普通,微信小程序,42,企业职员,武汉,多口之家,否
C2340,女,普通,地推活动,35,其他,武汉,三口之家,否
C2341,女,银卡,App自然注册,32,互联网从业,南京,多口之家,否
C2342,女,普通,微信小程序,22,全职主妇,广州,二人世界,否
C2343,女,普通,App自然注册,34,服务业,南京,单身青年,否
C2344,男,普通,外卖平台导流,31,学生,其他,三口之家,否
C2345,男,普通,微信小程序,34,互联网从业,杭州,银发族,否
C2346,女,普通,外卖平台导流,46,学生,上海,银发族,否
C2347,男,普通,外卖平台导流,31,全职主妇,西安,三口之家,否
C2348,男,普通,社群裂变,30,企业职员,郑州,多口之家,否
C2349,女,普通,微信小程序,34,互联网从业,上海,银发族,否
C2350,男,银卡,App自然注册,35,学生,广州,多口之家,否
C2351,男,黑金,微信小程序,33,企业职员,成都,单身青年,是
C2352,女,金卡,微信小程序,48,企业职员,成都,二人世界,是
C2353,男,银卡,线下扫码,40,公务员,北京,三口之家,否
C2354,女,普通,微信小程序,26,学生,长沙,三口之家,否
C2355,女,黑金,社群裂变,33,其他,广州,二人世界,是
C2356,女,普通,地推活动,36,全职主妇,北京,多口之家,否
C2357,男,银卡,地推活动,38,其他,西安,三口之家,否
C2358,男,金卡,App自然注册,23,公务员,重庆,单身青年,是
C2359,女,普通,App自然注册,28,全职主妇,苏州,三口之家,否
C2360,女,普通,线下扫码,48,企业职员,重庆,二人世界,否
C2361,女,普通,微信小程序,41,其他,其他,三口之家,否
C2362,女,普通,微信小程序,29,全职主妇,上海,二人世界,否
C2363,男,普通,App自然注册,37,互联网从业,郑州,三口之家,否
C2364,女,普通,微信小程序,23,公务员,北京,银发族,否
C2365,男,普通,地推活动,22,互联网从业,武汉,二人世界,否
C2366,女,普通,App自然注册,39,全职主妇,深圳,三口之家,否
C2367,女,普通,社群裂变,41,服务业,广州,银发族,否
C2368,男,普通,App自然注册,27,服务业,上海,银发族,否
C2369,女,银卡,App自然注册,48,企业职员,其他,单身青年,否
C2370,女,普通,线下扫码,48,企业职员,南京,三口之家,否
C2371,女,普通,App自然注册,40,互联网从业,北京,二人世界,否
C2372,女,普通,微信小程序,29,自由职业,深圳,三口之家,否
C2373,女,金卡,外卖平台导流,32,企业职员,长沙,银发族,否
C2374,女,银卡,线下扫码,39,企业职员,上海,二人世界,否
C2375,男,黑金,App自然注册,32,企业职员,长沙,单身青年,是
C2376,男,普通,线下扫码,29,自由职业,长沙,二人世界,否
C2377,男,普通,微信小程序,39,企业职员,其他,二人世界,否
C2378,女,普通,微信小程序,41,其他,成都,二人世界,否
C2379,女,普通,微信小程序,29,自由职业,长沙,三口之家,否
C2380,女,普通,地推活动,39,全职主妇,南京,单身青年,否
C2381,女,普通,微信小程序,33,全职主妇,北京,二人世界,否
C2382,男,普通,微信小程序,48,互联网从业,深圳,三口之家,否
C2383,女,银卡,外卖平台导流,36,企业职员,北京,银发族,否
C2384,女,普通,App自然注册,41,服务业,郑州,二人世界,否
C2385,男,银卡,微信小程序,36,全职主妇,武汉,三口之家,否
C2386,女,银卡,App自然注册,41,服务业,武汉,单身青年,否
C2387,男,普通,App自然注册,40,企业职员,上海,三口之家,否
C2388,男,普通,App自然注册,39,服务业,重庆,三口之家,否
C2389,女,普通,社群裂变,34,互联网从业,苏州,三口之家,否
C2390,男,普通,外卖平台导流,47,自由职业,青岛,单身青年,否
C2391,男,普通,微信小程序,39,全职主妇,广州,三口之家,否
C2392,男,普通,微信小程序,39,学生,上海,二人世界,否
C2393,女,普通,微信小程序,22,学生,天津,三口之家,否
C2394,女,普通,线下扫码,26,全职主妇,广州,单身青年,否
C2395,男,普通,微信小程序,28,互联网从业,其他,三口之家,否
C2396,男,普通,微信小程序,22,其他,杭州,三口之家,否
C2397,女,银卡,地推活动,37,互联网从业,武汉,单身青年,否
C2398,女,银卡,外卖平台导流,32,企业职员,南京,二人世界,否
C2399,男,普通,线下扫码,26,企业职员,郑州,多口之家,否
C2400,男,普通,微信小程序,34,互联网从业,广州,三口之家,否
C2401,男,普通,微信小程序,31,学生,天津,三口之家,否
C2402,男,普通,社群裂变,34,互联网从业,深圳,三口之家,否
C2403,男,普通,微信小程序,39,全职主妇,杭州,二人世界,否
C2404,女,普通,社群裂变,41,全职主妇,深圳,三口之家,否
C2405,女,金卡,地推活动,34,全职主妇,其他,二人世界,是
C2406,女,金卡,社群裂变,26,全职主妇,上海,单身青年,是
C2407,女,普通,微信小程序,31,公务员,杭州,多口之家,否
C2408,女,金卡,外卖平台导流,34,企业职员,上海,二人世界,是
C2409,男,银卡,社群裂变,40,全职主妇,西安,三口之家,否
C2410,女,普通,外卖平台导流,28,服务业,西安,三口之家,否
C2411,女,普通,App自然注册,35,全职主妇,广州,三口之家,否
C2412,女,银卡,线下扫码,24,互联网从业,广州,单身青年,否
C2413,女,银卡,App自然注册,48,自由职业,郑州,多口之家,否
C2414,女,普通,社群裂变,35,全职主妇,成都,单身青年,否
C2415,男,普通,社群裂变,39,服务业,武汉,单身青年,否
C2416,女,普通,App自然注册,29,自由职业,深圳,多口之家,否
C2417,男,金卡,App自然注册,32,服务业,广州,银发族,是
C2418,男,金卡,微信小程序,42,学生,其他,三口之家,是
C2419,女,普通,外卖平台导流,35,学生,长沙,银发族,否
C2420,女,普通,App自然注册,30,全职主妇,深圳,多口之家,否
C2421,女,普通,微信小程序,42,互联网从业,重庆,三口之家,否
C2422,女,银卡,社群裂变,38,其他,广州,多口之家,否
C2423,男,普通,微信小程序,33,互联网从业,北京,多口之家,否
C2424,男,普通,地推活动,45,企业职员,北京,单身青年,否
C2425,女,普通,线下扫码,41,公务员,杭州,多口之家,否
C2426,男,银卡,微信小程序,22,服务业,深圳,多口之家,否
C2427,女,银卡,外卖平台导流,32,企业职员,上海,二人世界,否
C2428,女,普通,App自然注册,43,全职主妇,重庆,单身青年,否
C2429,男,普通,社群裂变,22,公务员,北京,银发族,否
C2430,女,普通,线下扫码,28,企业职员,郑州,三口之家,否
C2431,男,银卡,外卖平台导流,27,服务业,其他,多口之家,否
C2432,男,普通,社群裂变,46,全职主妇,广州,三口之家,否
C2433,女,金卡,线下扫码,42,企业职员,西安,三口之家,是
C2434,女,普通,App自然注册,28,自由职业,上海,多口之家,否
C2435,男,银卡,App自然注册,44,自由职业,苏州,多口之家,否
C2436,男,银卡,地推活动,22,企业职员,深圳,单身青年,否
C2437,女,普通,App自然注册,43,服务业,其他,二人世界,否
C2438,男,普通,地推活动,22,企业职员,广州,多口之家,否
C2439,男,普通,App自然注册,39,全职主妇,苏州,单身青年,否
C2440,女,银卡,微信小程序,42,自由职业,郑州,多口之家,否
C2441,男,普通,社群裂变,27,互联网从业,西安,二人世界,否
C2442,男,普通,微信小程序,31,互联网从业,苏州,三口之家,否
C2443,女,普通,微信小程序,32,学生,西安,二人世界,否
C2444,男,普通,线下扫码,38,其他,上海,三口之家,否
C2445,男,黑金,App自然注册,38,服务业,北京,三口之家,是
C2446,男,黑金,微信小程序,43,学生,武汉,二人世界,是
C2447,女,普通,社群裂变,45,企业职员,上海,二人世界,否
C2448,男,黑金,外卖平台导流,32,自由职业,深圳,单身青年,是
C2449,女,普通,社群裂变,37,全职主妇,深圳,二人世界,否
C2450,女,普通,地推活动,29,自由职业,杭州,多口之家,否
C2451,男,银卡,社群裂变,44,互联网从业,北京,多口之家,否
C2452,女,普通,App自然注册,34,学生,北京,三口之家,否
C2453,女,普通,App自然注册,35,企业职员,北京,三口之家,否
C2454,男,普通,微信小程序,30,企业职员,广州,银发族,否
C2455,男,普通,外卖平台导流,36,全职主妇,郑州,三口之家,否
C2456,女,银卡,线下扫码,31,自由职业,广州,三口之家,否
C2457,女,黑金,微信小程序,27,企业职员,上海,三口之家,是
C2458,男,普通,地推活动,34,自由职业,其他,二人世界,否
C2459,男,银卡,社群裂变,28,企业职员,上海,二人世界,否
C2460,男,普通,外卖平台导流,35,全职主妇,成都,多口之家,否
C2461,女,普通,微信小程序,32,其他,南京,银发族,否
C2462,男,普通,微信小程序,43,公务员,武汉,三口之家,否
C2463,男,黑金,地推活动,37,自由职业,西安,三口之家,是
C2464,女,普通,社群裂变,28,全职主妇,苏州,多口之家,否
C2465,男,普通,线下扫码,30,其他,北京,多口之家,否
C2466,女,普通,社群裂变,45,互联网从业,深圳,多口之家,否
C2467,女,银卡,微信小程序,38,企业职员,其他,单身青年,否
C2468,男,银卡,App自然注册,26,服务业,郑州,单身青年,否
C2469,女,普通,App自然注册,24,服务业,天津,单身青年,否
C2470,女,普通,微信小程序,37,企业职员,其他,三口之家,否
C2471,男,普通,微信小程序,37,自由职业,杭州,三口之家,否
C2472,女,普通,外卖平台导流,31,自由职业,青岛,多口之家,否
C2473,女,银卡,微信小程序,31,全职主妇,北京,银发族,否
C2474,女,普通,线下扫码,27,互联网从业,南京,银发族,否
C2475,女,黑金,线下扫码,29,互联网从业,南京,三口之家,是
C2476,女,普通,线下扫码,36,企业职员,武汉,单身青年,否
C2477,女,普通,微信小程序,32,其他,深圳,三口之家,否
C2478,女,普通,地推活动,37,互联网从业,成都,二人世界,否
C2479,女,银卡,社群裂变,43,互联网从业,广州,银发族,否
C2480,女,普通,App自然注册,43,全职主妇,上海,三口之家,否
C2481,女,普通,外卖平台导流,35,自由职业,深圳,三口之家,否
C2482,女,黑金,微信小程序,33,学生,成都,单身青年,是
C2483,男,普通,外卖平台导流,42,自由职业,重庆,二人世界,否
C2484,男,银卡,App自然注册,30,其他,重庆,多口之家,否
C2485,女,普通,App自然注册,30,企业职员,深圳,三口之家,否
C2486,女,银卡,微信小程序,39,自由职业,长沙,单身青年,否
C2487,女,普通,线下扫码,28,互联网从业,重庆,三口之家,否
C2488,女,普通,App自然注册,25,学生,长沙,银发族,否
C2489,女,银卡,外卖平台导流,37,学生,西安,三口之家,否
C2490,男,普通,线下扫码,46,企业职员,上海,单身青年,否
C2491,男,普通,微信小程序,36,企业职员,杭州,二人世界,否
C2492,女,普通,微信小程序,34,服务业,深圳,多口之家,否
C2493,女,普通,微信小程序,35,企业职员,深圳,单身青年,否
C2494,女,普通,微信小程序,45,学生,杭州,二人世界,否
C2495,女,普通,App自然注册,32,企业职员,其他,银发族,否
C2496,男,普通,社群裂变,32,自由职业,长沙,银发族,否
C2497,男,普通,社群裂变,32,自由职业,重庆,单身青年,否
C2498,女,普通,社群裂变,28,服务业,深圳,单身青年,否
C2499,女,普通,微信小程序,39,自由职业,武汉,三口之家,否
C2500,男,普通,微信小程序,42,全职主妇,武汉,二人世界,否
C2501,女,普通,社群裂变,34,企业职员,西安,二人世界,否
C2502,男,普通,外卖平台导流,33,企业职员,深圳,多口之家,否
C2503,女,金卡,微信小程序,38,全职主妇,其他,三口之家,是
C2504,女,普通,外卖平台导流,41,企业职员,南京,银发族,否
C2505,女,普通,线下扫码,26,互联网从业,成都,单身青年,否
C2506,女,普通,社群裂变,29,企业职员,重庆,三口之家,否
C2507,男,普通,微信小程序,39,企业职员,武汉,多口之家,否
C2508,男,普通,线下扫码,34,互联网从业,北京,三口之家,否
C2509,女,普通,微信小程序,45,企业职员,南京,三口之家,否
C2510,女,普通,外卖平台导流,28,企业职员,重庆,单身青年,否
C2511,男,普通,App自然注册,37,服务业,广州,三口之家,否
C2512,男,普通,社群裂变,35,服务业,广州,多口之家,否
C2513,女,普通,App自然注册,36,公务员,北京,单身青年,否
C2514,女,普通,App自然注册,25,企业职员,西安,单身青年,否
C2515,女,普通,App自然注册,48,企业职员,青岛,三口之家,否
C2516,男,银卡,微信小程序,23,公务员,上海,三口之家,否
C2517,女,银卡,App自然注册,39,互联网从业,天津,多口之家,否
C2518,男,普通,线下扫码,42,全职主妇,深圳,三口之家,否
C2519,男,银卡,微信小程序,34,公务员,武汉,三口之家,否
C2520,女,普通,线下扫码,32,互联网从业,上海,三口之家,否
C2521,男,普通,微信小程序,46,企业职员,杭州,单身青年,否
C2522,女,普通,微信小程序,31,企业职员,苏州,银发族,否
C2523,女,普通,线下扫码,36,企业职员,上海,银发族,否
C2524,男,普通,App自然注册,43,自由职业,成都,三口之家,否
C2525,女,银卡,微信小程序,42,学生,广州,三口之家,否
C2526,男,银卡,微信小程序,29,企业职员,长沙,三口之家,否
C2527,男,普通,App自然注册,48,互联网从业,成都,单身青年,否
C2528,女,普通,外卖平台导流,37,服务业,上海,二人世界,否
C2529,女,普通,App自然注册,33,企业职员,重庆,三口之家,否
C2530,女,银卡,App自然注册,29,自由职业,深圳,二人世界,否
C2531,女,金卡,外卖平台导流,31,公务员,上海,三口之家,否
C2532,女,银卡,线下扫码,35,学生,成都,多口之家,否
C2533,男,普通,外卖平台导流,33,企业职员,苏州,银发族,否
C2534,女,银卡,线下扫码,34,企业职员,广州,三口之家,否
C2535,男,普通,社群裂变,36,全职主妇,西安,二人世界,否
C2536,男,银卡,App自然注册,37,其他,其他,多口之家,否
C2537,女,普通,微信小程序,42,企业职员,天津,三口之家,否
C2538,女,银卡,微信小程序,26,互联网从业,杭州,三口之家,否
C2539,女,普通,App自然注册,37,互联网从业,其他,三口之家,否
C2540,女,普通,社群裂变,30,全职主妇,杭州,二人世界,否
C2541,男,银卡,社群裂变,27,自由职业,长沙,三口之家,否
C2542,男,普通,社群裂变,37,学生,深圳,多口之家,否
C2543,男,金卡,微信小程序,28,其他,北京,单身青年,是
C2544,女,普通,社群裂变,26,公务员,北京,银发族,否
C2545,女,普通,线下扫码,37,企业职员,上海,多口之家,否
C2546,男,银卡,微信小程序,25,全职主妇,重庆,二人世界,否
C2547,男,普通,App自然注册,42,互联网从业,武汉,三口之家,否
C2548,女,普通,微信小程序,26,企业职员,西安,三口之家,否
C2549,男,普通,线下扫码,32,企业职员,上海,单身青年,否
C2550,女,普通,线下扫码,28,学生,杭州,多口之家,否
C2551,男,银卡,App自然注册,36,学生,北京,多口之家,否
C2552,女,银卡,App自然注册,31,企业职员,长沙,三口之家,否
C2553,男,普通,外卖平台导流,38,企业职员,杭州,三口之家,否
C2554,女,普通,微信小程序,47,其他,上海,三口之家,否
C2555,男,金卡,App自然注册,27,企业职员,北京,多口之家,是
C2556,女,银卡,地推活动,30,自由职业,深圳,三口之家,否
C2557,女,普通,App自然注册,29,全职主妇,天津,二人世界,否
C2558,女,普通,微信小程序,46,互联网从业,西安,三口之家,否
C2559,男,普通,App自然注册,45,公务员,上海,二人世界,否
C2560,女,普通,微信小程序,34,互联网从业,上海,单身青年,否
C2561,女,普通,线下扫码,31,其他,深圳,三口之家,否
C2562,男,普通,线下扫码,22,全职主妇,上海,二人世界,否
C2563,女,银卡,线下扫码,44,全职主妇,杭州,银发族,否
C2564,男,普通,微信小程序,34,服务业,重庆,单身青年,否
C2565,女,普通,线下扫码,30,全职主妇,成都,多口之家,否
C2566,女,银卡,社群裂变,29,公务员,重庆,单身青年,否
C2567,男,普通,微信小程序,41,企业职员,深圳,三口之家,否
C2568,女,普通,App自然注册,36,互联网从业,武汉,多口之家,否
C2569,女,普通,微信小程序,32,全职主妇,成都,银发族,否
C2570,男,普通,App自然注册,35,全职主妇,武汉,多口之家,否
C2571,女,银卡,外卖平台导流,37,其他,北京,二人世界,否
C2572,女,普通,微信小程序,27,全职主妇,北京,三口之家,否
C2573,男,银卡,App自然注册,36,全职主妇,北京,三口之家,否
C2574,男,普通,线下扫码,35,其他,杭州,单身青年,否
C2575,女,普通,线下扫码,37,全职主妇,北京,单身青年,否
C2576,女,普通,App自然注册,48,互联网从业,成都,三口之家,否
C2577,女,普通,社群裂变,34,企业职员,郑州,二人世界,否
C2578,男,银卡,线下扫码,48,互联网从业,深圳,二人世界,否
C2579,女,普通,社群裂变,24,其他,长沙,多口之家,否
C2580,女,普通,外卖平台导流,45,其他,北京,二人世界,否
C2581,女,银卡,社群裂变,30,企业职员,武汉,三口之家,否
C2582,女,普通,社群裂变,48,自由职业,广州,银发族,否
C2583,男,普通,外卖平台导流,35,互联网从业,杭州,三口之家,否
C2584,女,普通,App自然注册,44,学生,广州,三口之家,否
C2585,男,银卡,微信小程序,42,互联网从业,南京,二人世界,否
C2586,女,普通,线下扫码,35,服务业,武汉,多口之家,否
C2587,女,普通,社群裂变,27,学生,上海,单身青年,否
C2588,男,银卡,线下扫码,34,企业职员,广州,多口之家,否
C2589,男,银卡,微信小程序,29,公务员,上海,多口之家,否
C2590,男,普通,微信小程序,37,企业职员,北京,单身青年,否
C2591,男,普通,App自然注册,36,企业职员,西安,单身青年,否
C2592,女,普通,App自然注册,32,公务员,深圳,二人世界,否
C2593,男,普通,外卖平台导流,42,其他,成都,单身青年,否
C2594,女,金卡,线下扫码,22,自由职业,北京,单身青年,是
C2595,男,普通,App自然注册,42,互联网从业,北京,多口之家,否
C2596,女,普通,微信小程序,41,企业职员,其他,二人世界,否
C2597,男,普通,线下扫码,39,互联网从业,广州,多口之家,否
C2598,女,普通,线下扫码,24,互联网从业,天津,二人世界,否
C2599,男,普通,社群裂变,44,企业职员,北京,二人世界,否
C2600,女,普通,微信小程序,33,全职主妇,长沙,二人世界,否
C2601,女,普通,微信小程序,48,服务业,成都,三口之家,否
C2602,男,黑金,微信小程序,37,互联网从业,上海,三口之家,是
C2603,男,银卡,微信小程序,29,企业职员,广州,二人世界,否
C2604,男,普通,App自然注册,39,企业职员,郑州,三口之家,否
C2605,男,普通,App自然注册,42,企业职员,深圳,多口之家,否
C2606,男,普通,微信小程序,38,其他,武汉,多口之家,否
C2607,男,普通,线下扫码,32,企业职员,其他,二人世界,否
C2608,男,普通,微信小程序,24,自由职业,深圳,三口之家,否
C2609,女,银卡,社群裂变,24,其他,杭州,三口之家,否
C2610,男,普通,地推活动,46,企业职员,西安,三口之家,否
C2611,女,普通,微信小程序,32,企业职员,北京,二人世界,否
C2612,女,普通,微信小程序,42,全职主妇,成都,三口之家,否
C2613,男,银卡,微信小程序,24,服务业,成都,多口之家,否
C2614,女,银卡,App自然注册,39,公务员,武汉,多口之家,否
C2615,女,银卡,微信小程序,34,企业职员,长沙,二人世界,否
C2616,女,普通,App自然注册,25,互联网从业,西安,三口之家,否
C2617,女,黑金,App自然注册,30,自由职业,上海,多口之家,是
C2618,男,普通,App自然注册,22,服务业,天津,多口之家,否
C2619,女,银卡,外卖平台导流,40,互联网从业,青岛,三口之家,否
C2620,女,普通,App自然注册,32,服务业,上海,银发族,否
C2621,女,普通,微信小程序,32,全职主妇,武汉,单身青年,否
C2622,女,银卡,App自然注册,38,学生,北京,单身青年,否
C2623,女,普通,微信小程序,44,企业职员,深圳,三口之家,否
C2624,男,普通,地推活动,45,全职主妇,广州,二人世界,否
C2625,女,普通,微信小程序,22,企业职员,广州,三口之家,否
C2626,女,普通,微信小程序,39,全职主妇,上海,单身青年,否
C2627,女,普通,社群裂变,22,全职主妇,其他,三口之家,否
C2628,男,普通,微信小程序,38,全职主妇,重庆,二人世界,否
C2629,女,普通,线下扫码,41,服务业,青岛,三口之家,否
C2630,女,金卡,微信小程序,35,企业职员,青岛,三口之家,是
C2631,女,普通,微信小程序,43,互联网从业,上海,多口之家,否
C2632,女,普通,App自然注册,43,学生,苏州,三口之家,否
C2633,女,普通,App自然注册,32,互联网从业,苏州,三口之家,否
C2634,女,普通,线下扫码,36,企业职员,上海,三口之家,否
C2635,女,普通,社群裂变,36,自由职业,重庆,多口之家,否
C2636,女,普通,地推活动,45,企业职员,上海,三口之家,否
C2637,女,银卡,线下扫码,24,服务业,长沙,二人世界,否
C2638,男,普通,外卖平台导流,22,学生,重庆,单身青年,否
C2639,女,普通,App自然注册,33,学生,重庆,单身青年,否
C2640,女,银卡,社群裂变,31,公务员,长沙,单身青年,否
C2641,男,普通,线下扫码,34,企业职员,其他,单身青年,否
C2642,女,普通,线下扫码,46,全职主妇,长沙,多口之家,否
C2643,女,银卡,线下扫码,29,企业职员,上海,二人世界,否
C2644,男,普通,线下扫码,33,企业职员,西安,三口之家,否
C2645,男,普通,App自然注册,34,学生,上海,多口之家,否
C2646,男,普通,微信小程序,30,自由职业,杭州,二人世界,否
C2647,女,银卡,线下扫码,27,自由职业,其他,二人世界,否
C2648,女,普通,App自然注册,48,全职主妇,武汉,单身青年,否
C2649,女,普通,线下扫码,34,企业职员,青岛,三口之家,否
C2650,男,普通,App自然注册,42,企业职员,其他,单身青年,否
C2651,男,普通,微信小程序,45,公务员,北京,单身青年,否
C2652,女,普通,App自然注册,31,自由职业,深圳,三口之家,否
C2653,女,银卡,外卖平台导流,28,自由职业,北京,多口之家,否
C2654,男,银卡,App自然注册,41,服务业,深圳,二人世界,否
C2655,女,普通,外卖平台导流,24,企业职员,深圳,单身青年,否
C2656,男,普通,微信小程序,41,全职主妇,其他,三口之家,否
C2657,男,银卡,外卖平台导流,46,自由职业,重庆,多口之家,否
C2658,女,银卡,外卖平台导流,33,企业职员,天津,三口之家,否
C2659,女,普通,社群裂变,42,全职主妇,郑州,二人世界,否
C2660,男,金卡,社群裂变,36,自由职业,北京,多口之家,是
C2661,女,普通,线下扫码,22,自由职业,广州,二人世界,否
C2662,女,普通,微信小程序,33,企业职员,北京,单身青年,否
C2663,男,普通,App自然注册,22,企业职员,北京,单身青年,否
C2664,男,普通,地推活动,36,互联网从业,北京,银发族,否
C2665,女,普通,微信小程序,40,服务业,杭州,三口之家,否
C2666,男,普通,App自然注册,36,服务业,重庆,二人世界,否
C2667,女,普通,外卖平台导流,22,企业职员,长沙,二人世界,否
C2668,男,普通,线下扫码,33,服务业,北京,三口之家,否
C2669,女,普通,线下扫码,26,互联网从业,上海,多口之家,否
C2670,女,银卡,微信小程序,47,企业职员,武汉,单身青年,否
C2671,女,普通,社群裂变,29,全职主妇,北京,单身青年,否
C2672,男,普通,外卖平台导流,29,其他,杭州,三口之家,否
C2673,男,普通,App自然注册,32,自由职业,苏州,二人世界,否
C2674,女,普通,微信小程序,26,企业职员,苏州,二人世界,否
C2675,女,普通,外卖平台导流,42,自由职业,北京,银发族,否
C2676,女,普通,App自然注册,48,学生,成都,单身青年,否
C2677,男,普通,微信小程序,41,企业职员,北京,单身青年,否
C2678,男,普通,微信小程序,26,服务业,深圳,三口之家,否
C2679,女,银卡,社群裂变,30,企业职员,深圳,三口之家,否
C2680,女,普通,App自然注册,28,其他,武汉,银发族,否
C2681,女,黑金,微信小程序,30,服务业,长沙,多口之家,是
C2682,女,普通,App自然注册,34,互联网从业,上海,单身青年,否
C2683,女,普通,社群裂变,30,全职主妇,广州,单身青年,否
C2684,女,银卡,微信小程序,48,企业职员,长沙,多口之家,否
C2685,男,普通,App自然注册,36,企业职员,青岛,银发族,否
C2686,男,普通,App自然注册,37,自由职业,北京,三口之家,否
C2687,女,普通,微信小程序,26,企业职员,上海,二人世界,否
C2688,女,银卡,线下扫码,43,服务业,广州,二人世界,否
C2689,女,普通,地推活动,39,服务业,武汉,三口之家,否
C2690,男,银卡,App自然注册,31,自由职业,深圳,单身青年,否
C2691,女,银卡,微信小程序,22,企业职员,北京,三口之家,否
C2692,男,普通,线下扫码,27,自由职业,苏州,多口之家,否
C2693,女,普通,微信小程序,30,自由职业,武汉,单身青年,否
C2694,男,普通,社群裂变,33,全职主妇,青岛,单身青年,否
C2695,女,银卡,微信小程序,29,企业职员,其他,银发族,否
C2696,女,金卡,微信小程序,29,其他,杭州,银发族,是
C2697,女,银卡,线下扫码,25,全职主妇,武汉,多口之家,否
C2698,女,普通,App自然注册,34,学生,杭州,单身青年,否
C2699,男,普通,微信小程序,40,自由职业,武汉,多口之家,否
C2700,女,普通,App自然注册,42,企业职员,杭州,三口之家,否
C2701,女,普通,微信小程序,48,互联网从业,青岛,多口之家,否
C2702,男,普通,App自然注册,40,企业职员,广州,单身青年,否
C2703,男,普通,外卖平台导流,39,企业职员,成都,三口之家,否
C2704,女,普通,微信小程序,32,服务业,苏州,多口之家,否
C2705,男,普通,地推活动,34,学生,北京,银发族,否
C2706,女,普通,社群裂变,28,自由职业,上海,二人世界,否
C2707,男,普通,外卖平台导流,28,自由职业,广州,二人世界,否
C2708,女,普通,外卖平台导流,29,互联网从业,长沙,三口之家,否
C2709,男,普通,社群裂变,30,自由职业,天津,三口之家,否
C2710,女,银卡,微信小程序,33,企业职员,南京,三口之家,否
C2711,男,普通,社群裂变,42,企业职员,南京,二人世界,否
C2712,男,银卡,App自然注册,38,公务员,其他,三口之家,否
C2713,女,普通,App自然注册,39,互联网从业,深圳,二人世界,否
C2714,男,普通,App自然注册,41,企业职员,其他,二人世界,否
C2715,男,普通,App自然注册,36,全职主妇,苏州,二人世界,否
C2716,女,普通,社群裂变,28,服务业,北京,单身青年,否
C2717,女,普通,外卖平台导流,43,企业职员,杭州,二人世界,否
C2718,男,普通,App自然注册,41,服务业,深圳,三口之家,否
C2719,男,普通,微信小程序,31,服务业,北京,单身青年,否
C2720,女,普通,微信小程序,43,全职主妇,长沙,银发族,否
C2721,女,普通,App自然注册,37,企业职员,其他,银发族,否
C2722,女,普通,微信小程序,43,服务业,武汉,三口之家,否
C2723,男,普通,线下扫码,39,企业职员,广州,二人世界,否
C2724,男,普通,微信小程序,38,服务业,杭州,三口之家,否
C2725,男,普通,地推活动,29,公务员,广州,三口之家,否
C2726,男,普通,社群裂变,29,学生,杭州,三口之家,否
C2727,男,普通,微信小程序,29,服务业,西安,三口之家,否
C2728,女,普通,App自然注册,28,互联网从业,郑州,多口之家,否
C2729,女,普通,微信小程序,22,自由职业,上海,单身青年,否
C2730,男,普通,地推活动,29,自由职业,武汉,多口之家,否
C2731,女,普通,App自然注册,43,服务业,重庆,多口之家,否
C2732,女,普通,微信小程序,35,其他,深圳,三口之家,否
C2733,女,普通,线下扫码,37,互联网从业,广州,二人世界,否
C2734,女,银卡,微信小程序,33,学生,深圳,二人世界,否
C2735,男,银卡,App自然注册,32,自由职业,上海,多口之家,否
C2736,男,银卡,App自然注册,29,企业职员,武汉,多口之家,否
C2737,女,普通,App自然注册,32,服务业,其他,单身青年,否
C2738,女,银卡,外卖平台导流,40,互联网从业,上海,多口之家,否
C2739,男,普通,地推活动,46,企业职员,天津,三口之家,否
C2740,女,普通,线下扫码,34,互联网从业,上海,单身青年,否
C2741,男,普通,App自然注册,37,其他,深圳,多口之家,否
C2742,女,黑金,社群裂变,35,自由职业,天津,三口之家,是
C2743,男,普通,外卖平台导流,32,自由职业,深圳,单身青年,否
C2744,女,普通,社群裂变,29,企业职员,郑州,三口之家,否
C2745,女,普通,线下扫码,48,公务员,重庆,二人世界,否
C2746,女,普通,社群裂变,42,企业职员,广州,三口之家,否
C2747,女,普通,线下扫码,30,企业职员,深圳,单身青年,否
C2748,女,普通,线下扫码,30,企业职员,长沙,三口之家,否
C2749,男,银卡,微信小程序,37,互联网从业,武汉,三口之家,否
C2750,女,普通,微信小程序,39,互联网从业,重庆,二人世界,否
C2751,男,银卡,App自然注册,26,服务业,苏州,三口之家,否
C2752,女,普通,App自然注册,32,自由职业,其他,单身青年,否
C2753,男,普通,外卖平台导流,34,自由职业,深圳,单身青年,否
C2754,女,普通,微信小程序,36,服务业,郑州,三口之家,否
C2755,女,普通,社群裂变,29,其他,其他,银发族,否
C2756,男,普通,App自然注册,41,全职主妇,成都,二人世界,否
C2757,女,普通,App自然注册,41,自由职业,重庆,多口之家,否
C2758,男,银卡,社群裂变,26,企业职员,杭州,二人世界,否
C2759,男,普通,外卖平台导流,24,全职主妇,成都,单身青年,否
C2760,女,银卡,App自然注册,39,全职主妇,武汉,单身青年,否
C2761,男,普通,社群裂变,40,自由职业,成都,三口之家,否
C2762,女,银卡,App自然注册,35,全职主妇,广州,多口之家,否
C2763,男,普通,App自然注册,38,全职主妇,其他,单身青年,否
C2764,女,普通,App自然注册,41,企业职员,北京,三口之家,否
C2765,男,普通,社群裂变,32,互联网从业,武汉,单身青年,否
C2766,男,银卡,App自然注册,31,企业职员,西安,单身青年,否
C2767,女,普通,微信小程序,36,服务业,上海,二人世界,否
C2768,男,银卡,微信小程序,40,互联网从业,武汉,三口之家,否
C2769,男,普通,微信小程序,22,企业职员,上海,多口之家,否
C2770,男,银卡,微信小程序,38,服务业,上海,单身青年,否
C2771,男,普通,微信小程序,39,企业职员,成都,二人世界,否
C2772,女,普通,App自然注册,33,学生,广州,多口之家,否
C2773,男,银卡,微信小程序,31,全职主妇,天津,单身青年,否
C2774,女,普通,地推活动,40,全职主妇,武汉,单身青年,否
C2775,女,普通,App自然注册,41,自由职业,苏州,二人世界,否
C2776,男,普通,微信小程序,22,企业职员,北京,单身青年,否
C2777,女,金卡,微信小程序,29,全职主妇,南京,三口之家,否
C2778,女,普通,微信小程序,29,其他,北京,二人世界,否
C2779,男,普通,微信小程序,38,企业职员,西安,单身青年,否
C2780,女,银卡,App自然注册,48,自由职业,北京,三口之家,否
C2781,女,银卡,外卖平台导流,23,自由职业,其他,三口之家,否
C2782,女,普通,线下扫码,45,互联网从业,武汉,单身青年,否
C2783,女,普通,微信小程序,36,学生,深圳,单身青年,否
C2784,男,银卡,微信小程序,44,自由职业,其他,银发族,否
C2785,女,普通,外卖平台导流,39,企业职员,天津,二人世界,否
C2786,女,普通,社群裂变,35,企业职员,深圳,单身青年,否
C2787,女,普通,微信小程序,32,互联网从业,广州,单身青年,否
C2788,男,普通,外卖平台导流,40,互联网从业,深圳,单身青年,否
C2789,男,普通,App自然注册,26,互联网从业,深圳,三口之家,否
C2790,女,普通,App自然注册,33,互联网从业,成都,三口之家,否
C2791,男,普通,外卖平台导流,38,全职主妇,长沙,银发族,否
C2792,女,普通,线下扫码,30,学生,长沙,三口之家,否
C2793,女,普通,App自然注册,39,学生,广州,银发族,否
C2794,男,银卡,线下扫码,24,学生,苏州,多口之家,否
C2795,女,黑金,地推活动,34,企业职员,重庆,多口之家,是
C2796,女,银卡,App自然注册,36,公务员,上海,银发族,否
C2797,女,普通,微信小程序,45,自由职业,西安,多口之家,否
C2798,男,普通,外卖平台导流,42,自由职业,其他,三口之家,否
C2799,女,黑金,微信小程序,38,学生,北京,银发族,是
C2800,女,银卡,App自然注册,29,公务员,郑州,单身青年,否
C2801,女,普通,微信小程序,25,服务业,其他,三口之家,否
C2802,男,金卡,App自然注册,27,服务业,北京,单身青年,否
C2803,女,普通,微信小程序,24,全职主妇,上海,二人世界,否
C2804,男,普通,线下扫码,32,互联网从业,其他,银发族,否
C2805,男,黑金,外卖平台导流,46,其他,成都,三口之家,是
C2806,男,普通,App自然注册,37,全职主妇,深圳,二人世界,否
C2807,女,黑金,线下扫码,44,全职主妇,其他,二人世界,是
C2808,男,银卡,微信小程序,48,服务业,成都,二人世界,否
C2809,男,银卡,外卖平台导流,30,全职主妇,重庆,银发族,否
C2810,男,银卡,线下扫码,36,企业职员,深圳,二人世界,否
C2811,男,普通,外卖平台导流,28,学生,郑州,三口之家,否
C2812,男,普通,外卖平台导流,34,企业职员,长沙,多口之家,否
C2813,女,普通,线下扫码,45,服务业,上海,单身青年,否
C2814,男,普通,微信小程序,37,公务员,西安,银发族,否
C2815,男,普通,外卖平台导流,26,企业职员,青岛,三口之家,否
C2816,男,银卡,线下扫码,32,自由职业,郑州,三口之家,否
C2817,男,普通,App自然注册,32,其他,青岛,三口之家,否
C2818,男,普通,微信小程序,39,互联网从业,其他,二人世界,否
C2819,女,银卡,微信小程序,37,自由职业,西安,银发族,否
C2820,男,普通,App自然注册,26,企业职员,深圳,单身青年,否
C2821,男,银卡,外卖平台导流,33,自由职业,武汉,三口之家,否
C2822,女,普通,社群裂变,38,互联网从业,长沙,单身青年,否
C2823,女,银卡,App自然注册,29,服务业,深圳,单身青年,否
C2824,女,普通,微信小程序,29,全职主妇,广州,单身青年,否
C2825,男,黑金,线下扫码,45,公务员,南京,二人世界,是
C2826,男,金卡,社群裂变,43,企业职员,深圳,三口之家,是
C2827,女,普通,微信小程序,41,企业职员,上海,多口之家,否
C2828,女,普通,线下扫码,44,企业职员,上海,银发族,否
C2829,男,银卡,社群裂变,40,学生,杭州,二人世界,否
C2830,女,普通,App自然注册,48,其他,其他,多口之家,否
C2831,女,银卡,外卖平台导流,41,全职主妇,西安,单身青年,否
C2832,女,普通,社群裂变,22,服务业,青岛,银发族,否
C2833,男,银卡,外卖平台导流,42,企业职员,南京,单身青年,否
C2834,女,银卡,社群裂变,37,学生,广州,三口之家,否
C2835,男,普通,线下扫码,34,全职主妇,上海,单身青年,否
C2836,女,普通,社群裂变,38,服务业,上海,多口之家,否
C2837,男,金卡,线下扫码,35,全职主妇,南京,三口之家,是
C2838,女,普通,线下扫码,28,服务业,北京,三口之家,否
C2839,女,普通,线下扫码,32,企业职员,其他,单身青年,否
C2840,男,普通,微信小程序,33,互联网从业,南京,单身青年,否
C2841,女,普通,外卖平台导流,26,企业职员,上海,银发族,否
C2842,女,普通,微信小程序,35,全职主妇,广州,单身青年,否
C2843,女,普通,微信小程序,37,互联网从业,北京,二人世界,否
C2844,男,普通,社群裂变,47,全职主妇,南京,多口之家,否
C2845,女,普通,线下扫码,26,企业职员,广州,三口之家,否
C2846,女,银卡,微信小程序,41,互联网从业,郑州,三口之家,否
C2847,男,普通,社群裂变,37,互联网从业,上海,银发族,否
C2848,女,普通,微信小程序,41,公务员,苏州,三口之家,否
C2849,男,银卡,线下扫码,40,互联网从业,上海,三口之家,否
C2850,男,普通,App自然注册,24,企业职员,其他,单身青年,否
C2851,男,银卡,线下扫码,33,自由职业,南京,单身青年,否
C2852,女,普通,外卖平台导流,26,全职主妇,南京,二人世界,否
C2853,男,普通,微信小程序,41,企业职员,杭州,单身青年,否
C2854,男,银卡,线下扫码,32,企业职员,上海,二人世界,否
C2855,男,普通,外卖平台导流,31,企业职员,郑州,二人世界,否
C2856,男,银卡,社群裂变,30,互联网从业,北京,单身青年,否
C2857,男,普通,App自然注册,38,自由职业,苏州,三口之家,否
C2858,女,普通,App自然注册,32,服务业,青岛,多口之家,否
C2859,男,普通,微信小程序,33,全职主妇,苏州,多口之家,否
C2860,女,普通,线下扫码,37,自由职业,深圳,二人世界,否
C2861,女,普通,微信小程序,25,互联网从业,广州,银发族,否
C2862,女,银卡,微信小程序,26,企业职员,重庆,三口之家,否
C2863,男,普通,微信小程序,30,学生,青岛,多口之家,否
C2864,女,普通,地推活动,31,企业职员,北京,三口之家,否
C2865,男,银卡,社群裂变,36,企业职员,天津,三口之家,否
C2866,男,金卡,外卖平台导流,43,服务业,广州,二人世界,是
C2867,男,银卡,外卖平台导流,42,全职主妇,成都,银发族,否
C2868,男,银卡,社群裂变,25,全职主妇,北京,多口之家,否
C2869,女,普通,微信小程序,37,全职主妇,深圳,三口之家,否
C2870,女,普通,微信小程序,24,自由职业,杭州,二人世界,否
C2871,男,普通,外卖平台导流,35,学生,其他,单身青年,否
C2872,女,普通,线下扫码,22,其他,北京,三口之家,否
C2873,男,金卡,外卖平台导流,26,企业职员,其他,二人世界,否
C2874,女,银卡,线下扫码,28,企业职员,天津,三口之家,否
C2875,女,普通,App自然注册,32,服务业,深圳,多口之家,否
C2876,男,普通,App自然注册,35,企业职员,武汉,单身青年,否
C2877,女,银卡,App自然注册,35,互联网从业,深圳,三口之家,否
C2878,男,普通,App自然注册,29,互联网从业,天津,三口之家,否
C2879,男,普通,App自然注册,32,服务业,西安,多口之家,否
C2880,女,普通,线下扫码,36,服务业,杭州,二人世界,否
C2881,女,普通,微信小程序,48,互联网从业,成都,单身青年,否
C2882,男,普通,App自然注册,35,企业职员,杭州,二人世界,否
C2883,女,普通,外卖平台导流,30,全职主妇,重庆,多口之家,否
C2884,男,普通,外卖平台导流,22,企业职员,青岛,单身青年,否
C2885,男,普通,社群裂变,42,自由职业,重庆,三口之家,否
C2886,男,普通,外卖平台导流,28,全职主妇,其他,多口之家,否
C2887,男,银卡,App自然注册,34,互联网从业,深圳,单身青年,否
C2888,女,银卡,外卖平台导流,34,服务业,成都,三口之家,否
C2889,女,银卡,微信小程序,45,互联网从业,成都,三口之家,否
C2890,男,普通,微信小程序,31,公务员,北京,银发族,否
C2891,女,普通,线下扫码,44,互联网从业,上海,单身青年,否
C2892,男,普通,微信小程序,37,学生,深圳,三口之家,否
C2893,男,银卡,App自然注册,39,学生,杭州,三口之家,否
C2894,男,普通,App自然注册,32,互联网从业,武汉,多口之家,否
C2895,女,金卡,外卖平台导流,24,互联网从业,上海,多口之家,是
C2896,女,普通,外卖平台导流,39,企业职员,成都,三口之家,否
C2897,男,普通,App自然注册,30,学生,北京,二人世界,否
C2898,女,金卡,微信小程序,41,其他,成都,三口之家,是
C2899,女,普通,社群裂变,29,互联网从业,武汉,单身青年,否
C2900,男,银卡,线下扫码,38,自由职业,北京,三口之家,否
C2901,女,普通,微信小程序,46,其他,北京,单身青年,否
C2902,女,普通,App自然注册,35,学生,北京,单身青年,否
C2903,男,银卡,App自然注册,42,自由职业,广州,二人世界,否
C2904,男,普通,微信小程序,46,企业职员,北京,三口之家,否
C2905,女,普通,微信小程序,32,其他,天津,单身青年,否
C2906,男,普通,线下扫码,40,企业职员,广州,三口之家,否
C2907,女,银卡,微信小程序,32,企业职员,长沙,三口之家,否
C2908,男,普通,外卖平台导流,33,自由职业,青岛,单身青年,否
C2909,女,普通,社群裂变,35,自由职业,广州,三口之家,否
C2910,女,普通,外卖平台导流,31,其他,武汉,单身青年,否
C2911,女,银卡,App自然注册,34,企业职员,北京,单身青年,否
C2912,女,普通,外卖平台导流,40,自由职业,杭州,三口之家,否
C2913,男,普通,外卖平台导流,32,公务员,苏州,三口之家,否
C2914,女,普通,外卖平台导流,35,企业职员,北京,二人世界,否
C2915,男,普通,地推活动,32,全职主妇,北京,多口之家,否
C2916,女,银卡,微信小程序,44,全职主妇,其他,单身青年,否
C2917,男,金卡,微信小程序,41,全职主妇,其他,单身青年,否
C2918,女,金卡,社群裂变,27,学生,重庆,二人世界,是
C2919,女,金卡,微信小程序,32,企业职员,成都,三口之家,是
C2920,男,普通,App自然注册,31,服务业,深圳,单身青年,否
C2921,男,普通,App自然注册,41,学生,广州,二人世界,否
C2922,女,普通,外卖平台导流,34,企业职员,重庆,二人世界,否
C2923,男,银卡,社群裂变,32,全职主妇,其他,三口之家,否
C2924,女,普通,线下扫码,38,全职主妇,上海,多口之家,否
C2925,女,普通,地推活动,25,自由职业,上海,单身青年,否
C2926,男,普通,线下扫码,32,其他,上海,二人世界,否
C2927,女,普通,社群裂变,31,服务业,深圳,单身青年,否
C2928,男,普通,微信小程序,32,企业职员,青岛,三口之家,否
C2929,女,普通,App自然注册,32,服务业,上海,多口之家,否
C2930,男,普通,地推活动,30,互联网从业,北京,三口之家,否
C2931,女,普通,外卖平台导流,31,服务业,北京,二人世界,否
C2932,男,普通,App自然注册,37,互联网从业,广州,三口之家,否
C2933,女,普通,App自然注册,30,全职主妇,上海,二人世界,否
C2934,男,普通,微信小程序,32,全职主妇,上海,多口之家,否
C2935,男,普通,微信小程序,24,互联网从业,上海,三口之家,否
C2936,男,普通,线下扫码,28,服务业,北京,多口之家,否
C2937,男,普通,微信小程序,25,学生,长沙,单身青年,否
C2938,男,普通,App自然注册,39,全职主妇,上海,二人世界,否
C2939,男,银卡,微信小程序,48,企业职员,长沙,三口之家,否
C2940,女,银卡,线下扫码,28,服务业,北京,银发族,否
C2941,男,黑金,微信小程序,36,全职主妇,上海,单身青年,是
C2942,女,金卡,微信小程序,37,其他,南京,多口之家,是
C2943,男,普通,微信小程序,22,企业职员,北京,单身青年,否
C2944,女,普通,线下扫码,46,企业职员,天津,银发族,否
C2945,男,普通,微信小程序,40,企业职员,苏州,三口之家,否
C2946,女,普通,App自然注册,28,企业职员,上海,三口之家,否
C2947,男,金卡,线下扫码,22,企业职员,上海,二人世界,否
C2948,女,普通,线下扫码,38,全职主妇,其他,三口之家,否
C2949,男,普通,社群裂变,36,其他,成都,单身青年,否
C2950,男,银卡,社群裂变,37,企业职员,武汉,多口之家,否
C2951,男,银卡,外卖平台导流,41,互联网从业,青岛,多口之家,否
C2952,女,普通,App自然注册,42,服务业,上海,多口之家,否
C2953,男,普通,微信小程序,39,其他,北京,单身青年,否
C2954,女,普通,社群裂变,22,公务员,广州,二人世界,否
C2955,男,银卡,社群裂变,34,自由职业,北京,三口之家,否
C2956,女,普通,线下扫码,27,全职主妇,深圳,二人世界,否
C2957,女,普通,社群裂变,30,企业职员,上海,三口之家,否
C2958,男,银卡,微信小程序,40,其他,成都,二人世界,否
C2959,男,普通,地推活动,30,企业职员,北京,三口之家,否
C2960,男,普通,微信小程序,40,企业职员,郑州,单身青年,否
C2961,男,普通,微信小程序,38,自由职业,上海,二人世界,否
C2962,男,普通,App自然注册,24,互联网从业,西安,多口之家,否
C2963,女,金卡,线下扫码,34,其他,杭州,二人世界,是
C2964,男,银卡,App自然注册,42,学生,深圳,三口之家,否
C2965,女,银卡,外卖平台导流,32,企业职员,郑州,单身青年,否
C2966,男,金卡,微信小程序,25,企业职员,上海,多口之家,是
C2967,女,银卡,外卖平台导流,34,互联网从业,北京,多口之家,否
C2968,女,普通,App自然注册,32,互联网从业,上海,二人世界,否
C2969,女,普通,App自然注册,36,其他,上海,三口之家,否
C2970,男,普通,微信小程序,37,服务业,北京,三口之家,否
C2971,男,普通,地推活动,34,自由职业,北京,多口之家,否
C2972,男,普通,微信小程序,33,全职主妇,其他,二人世界,否
C2973,女,普通,线下扫码,38,学生,苏州,银发族,否
C2974,男,普通,App自然注册,40,企业职员,上海,银发族,否
C2975,女,普通,社群裂变,33,企业职员,上海,二人世界,否
C2976,男,银卡,线下扫码,31,其他,杭州,三口之家,否
C2977,男,普通,微信小程序,25,学生,武汉,多口之家,否
C2978,女,普通,微信小程序,39,企业职员,上海,多口之家,否
C2979,女,普通,社群裂变,44,企业职员,上海,银发族,否
C2980,女,银卡,App自然注册,48,企业职员,上海,单身青年,否
C2981,男,银卡,App自然注册,29,全职主妇,深圳,银发族,否
C2982,女,普通,外卖平台导流,34,全职主妇,上海,二人世界,否
C2983,女,银卡,App自然注册,33,企业职员,杭州,单身青年,否
C2984,男,普通,微信小程序,38,自由职业,深圳,单身青年,否
C2985,男,普通,App自然注册,33,企业职员,广州,单身青年,否
C2986,女,普通,外卖平台导流,37,其他,重庆,单身青年,否
C2987,男,银卡,微信小程序,48,全职主妇,杭州,银发族,否
C2988,女,普通,微信小程序,38,企业职员,天津,三口之家,否
C2989,女,普通,社群裂变,36,学生,西安,三口之家,否
C2990,男,普通,微信小程序,34,公务员,郑州,二人世界,否
C2991,女,金卡,线下扫码,34,企业职员,苏州,三口之家,否
C2992,女,银卡,App自然注册,42,公务员,北京,三口之家,否
C2993,女,普通,地推活动,31,自由职业,长沙,三口之家,否
C2994,女,普通,App自然注册,36,企业职员,南京,二人世界,否
C2995,男,金卡,微信小程序,45,自由职业,北京,三口之家,是
C2996,男,普通,社群裂变,29,互联网从业,青岛,三口之家,否
C2997,男,普通,外卖平台导流,39,互联网从业,郑州,二人世界,否
C2998,男,普通,线下扫码,47,企业职员,其他,单身青年,否
C2999,女,金卡,微信小程序,43,全职主妇,成都,单身青年,是
C3000,男,普通,微信小程序,42,全职主妇,其他,多口之家,否
C3001,男,普通,App自然注册,43,学生,深圳,二人世界,否
C3002,男,银卡,线下扫码,28,公务员,重庆,三口之家,否
C3003,男,普通,App自然注册,39,企业职员,成都,二人世界,否
C3004,女,普通,微信小程序,33,其他,成都,二人世界,否
C3005,女,普通,微信小程序,36,互联网从业,其他,二人世界,否
C3006,男,普通,App自然注册,29,学生,上海,多口之家,否
C3007,男,普通,微信小程序,48,公务员,北京,单身青年,否
C3008,男,银卡,线下扫码,36,互联网从业,西安,三口之家,否
C3009,女,金卡,App自然注册,26,企业职员,南京,二人世界,是
C3010,女,银卡,线下扫码,38,全职主妇,西安,银发族,否
C3011,女,普通,App自然注册,27,自由职业,郑州,单身青年,否
C3012,男,银卡,线下扫码,34,互联网从业,其他,二人世界,否
C3013,男,银卡,线下扫码,38,互联网从业,其他,三口之家,否
C3014,男,银卡,社群裂变,36,自由职业,上海,二人世界,否
C3015,女,普通,App自然注册,40,学生,其他,银发族,否
C3016,女,银卡,App自然注册,36,全职主妇,杭州,三口之家,否
C3017,女,银卡,App自然注册,37,全职主妇,其他,银发族,否
C3018,女,普通,微信小程序,23,企业职员,北京,多口之家,否
C3019,女,银卡,外卖平台导流,36,其他,长沙,单身青年,否
C3020,女,金卡,微信小程序,40,其他,深圳,三口之家,否
C3021,男,普通,外卖平台导流,36,自由职业,南京,三口之家,否
C3022,男,普通,App自然注册,22,自由职业,深圳,单身青年,否
C3023,女,金卡,社群裂变,32,服务业,武汉,银发族,是
C3024,男,普通,地推活动,38,企业职员,北京,单身青年,否
C3025,男,普通,App自然注册,32,企业职员,广州,二人世界,否
C3026,女,普通,微信小程序,32,学生,郑州,三口之家,否
C3027,男,黑金,App自然注册,35,企业职员,苏州,三口之家,是
C3028,女,普通,微信小程序,27,企业职员,广州,三口之家,否
C3029,女,普通,线下扫码,32,全职主妇,成都,二人世界,否
C3030,男,金卡,微信小程序,46,公务员,广州,多口之家,是
C3031,男,普通,外卖平台导流,30,自由职业,深圳,二人世界,否
C3032,男,普通,微信小程序,33,全职主妇,广州,三口之家,否
C3033,男,普通,微信小程序,28,服务业,西安,二人世界,否
C3034,女,银卡,线下扫码,37,公务员,深圳,银发族,否
C3035,男,普通,地推活动,39,互联网从业,广州,多口之家,否
C3036,男,银卡,微信小程序,31,自由职业,杭州,三口之家,否
C3037,女,金卡,外卖平台导流,22,企业职员,广州,二人世界,是
C3038,女,普通,微信小程序,37,全职主妇,杭州,三口之家,否
C3039,女,普通,微信小程序,33,企业职员,广州,三口之家,否
C3040,女,普通,社群裂变,31,全职主妇,重庆,多口之家,否
C3041,男,银卡,App自然注册,34,全职主妇,长沙,二人世界,否
C3042,男,普通,线下扫码,43,自由职业,上海,银发族,否
C3043,女,普通,线下扫码,42,服务业,成都,多口之家,否
C3044,男,普通,微信小程序,45,全职主妇,北京,二人世界,否
C3045,男,普通,微信小程序,29,企业职员,深圳,单身青年,否
C3046,男,普通,线下扫码,26,服务业,天津,三口之家,否
C3047,女,普通,微信小程序,34,服务业,天津,单身青年,否
C3048,男,普通,App自然注册,23,企业职员,天津,单身青年,否
C3049,女,普通,社群裂变,38,自由职业,深圳,多口之家,否
C3050,女,银卡,App自然注册,38,互联网从业,北京,三口之家,否
C3051,女,金卡,外卖平台导流,34,全职主妇,郑州,二人世界,是
C3052,男,普通,线下扫码,35,学生,成都,多口之家,否
C3053,男,普通,线下扫码,30,服务业,成都,银发族,否
C3054,女,普通,微信小程序,38,企业职员,武汉,二人世界,否
C3055,男,金卡,微信小程序,47,全职主妇,杭州,二人世界,是
C3056,男,普通,微信小程序,24,企业职员,杭州,三口之家,否
C3057,男,普通,微信小程序,33,企业职员,武汉,二人世界,否
C3058,男,普通,微信小程序,38,公务员,上海,多口之家,否
C3059,男,银卡,微信小程序,40,服务业,广州,二人世界,否
C3060,女,普通,外卖平台导流,39,互联网从业,成都,二人世界,否
C3061,男,银卡,App自然注册,36,自由职业,武汉,三口之家,否
C3062,女,银卡,外卖平台导流,30,互联网从业,其他,三口之家,否
C3063,女,普通,微信小程序,32,公务员,杭州,三口之家,否
C3064,女,普通,App自然注册,39,全职主妇,深圳,三口之家,否
C3065,女,银卡,线下扫码,44,学生,广州,二人世界,否
C3066,女,银卡,微信小程序,32,全职主妇,西安,三口之家,否
C3067,男,金卡,线下扫码,30,企业职员,天津,二人世界,否
C3068,女,银卡,微信小程序,37,服务业,广州,多口之家,否
C3069,女,银卡,外卖平台导流,43,自由职业,广州,二人世界,否
C3070,男,普通,微信小程序,41,学生,天津,单身青年,否
C3071,女,普通,社群裂变,29,公务员,武汉,三口之家,否
C3072,男,普通,线下扫码,36,互联网从业,青岛,多口之家,否
C3073,男,普通,社群裂变,29,服务业,杭州,三口之家,否
C3074,女,普通,App自然注册,33,企业职员,苏州,三口之家,否
C3075,女,黑金,外卖平台导流,31,企业职员,西安,银发族,是
C3076,男,普通,App自然注册,34,企业职员,重庆,银发族,否
C3077,女,普通,线下扫码,29,服务业,北京,二人世界,否
C3078,男,银卡,App自然注册,29,企业职员,成都,三口之家,否
C3079,男,普通,App自然注册,35,全职主妇,郑州,三口之家,否
C3080,男,普通,线下扫码,26,服务业,上海,三口之家,否
C3081,男,普通,社群裂变,28,全职主妇,上海,三口之家,否
C3082,女,银卡,微信小程序,45,互联网从业,长沙,单身青年,否
C3083,女,普通,社群裂变,34,学生,郑州,银发族,否
C3084,男,普通,外卖平台导流,41,互联网从业,天津,单身青年,否
C3085,女,普通,线下扫码,22,企业职员,上海,单身青年,否
C3086,男,银卡,App自然注册,33,企业职员,深圳,二人世界,否
C3087,男,普通,微信小程序,29,互联网从业,杭州,银发族,否
C3088,女,银卡,微信小程序,41,学生,杭州,二人世界,否
C3089,女,普通,App自然注册,39,全职主妇,广州,二人世界,否
C3090,男,普通,地推活动,38,企业职员,北京,多口之家,否
C3091,女,普通,App自然注册,31,自由职业,苏州,三口之家,否
C3092,女,银卡,社群裂变,38,企业职员,其他,二人世界,否
C3093,女,银卡,线下扫码,36,企业职员,苏州,三口之家,否
C3094,女,银卡,App自然注册,39,企业职员,郑州,二人世界,否
C3095,女,普通,外卖平台导流,36,企业职员,深圳,银发族,否
C3096,女,普通,线下扫码,29,自由职业,杭州,单身青年,否
C3097,男,银卡,线下扫码,31,企业职员,深圳,三口之家,否
C3098,女,普通,外卖平台导流,30,全职主妇,西安,二人世界,否
C3099,男,普通,微信小程序,28,全职主妇,苏州,单身青年,否
C3100,女,银卡,线下扫码,23,企业职员,广州,二人世界,否
C3101,男,普通,线下扫码,43,企业职员,重庆,三口之家,否
C3102,女,普通,社群裂变,22,互联网从业,其他,银发族,否
C3103,女,银卡,App自然注册,30,自由职业,天津,三口之家,否
C3104,女,普通,外卖平台导流,29,自由职业,上海,二人世界,否
C3105,男,普通,App自然注册,34,其他,深圳,三口之家,否
C3106,男,普通,社群裂变,38,学生,青岛,三口之家,否
C3107,男,普通,App自然注册,30,自由职业,郑州,三口之家,否
C3108,女,黑金,线下扫码,43,学生,广州,单身青年,是
C3109,男,普通,微信小程序,22,企业职员,杭州,单身青年,否
C3110,男,普通,外卖平台导流,29,自由职业,深圳,二人世界,否
C3111,男,普通,微信小程序,26,全职主妇,西安,三口之家,否
C3112,男,黑金,社群裂变,45,全职主妇,北京,银发族,是
C3113,男,金卡,App自然注册,27,企业职员,重庆,三口之家,是
C3114,男,普通,社群裂变,29,互联网从业,南京,单身青年,否
C3115,女,普通,微信小程序,32,公务员,上海,单身青年,否
C3116,男,普通,App自然注册,34,全职主妇,深圳,三口之家,否
C3117,男,普通,App自然注册,37,企业职员,南京,多口之家,否
C3118,男,普通,App自然注册,32,企业职员,广州,三口之家,否
C3119,女,普通,App自然注册,34,学生,苏州,三口之家,否
C3120,女,普通,微信小程序,37,互联网从业,重庆,银发族,否
C3121,女,银卡,外卖平台导流,33,服务业,上海,三口之家,否
C3122,女,普通,App自然注册,28,互联网从业,其他,二人世界,否
C3123,女,普通,线下扫码,38,服务业,西安,单身青年,否
C3124,女,银卡,微信小程序,39,自由职业,广州,单身青年,否
C3125,男,普通,微信小程序,35,互联网从业,深圳,银发族,否
C3126,女,普通,外卖平台导流,44,自由职业,上海,二人世界,否
C3127,女,普通,线下扫码,38,学生,其他,多口之家,否
C3128,男,普通,微信小程序,35,服务业,苏州,单身青年,否
C3129,女,普通,外卖平台导流,35,互联网从业,上海,三口之家,否
C3130,女,普通,微信小程序,35,企业职员,广州,单身青年,否
C3131,女,黑金,外卖平台导流,33,其他,广州,三口之家,是
C3132,女,金卡,社群裂变,35,自由职业,青岛,二人世界,是
C3133,男,普通,线下扫码,36,其他,北京,单身青年,否
C3134,女,银卡,线下扫码,44,自由职业,成都,多口之家,否
C3135,男,普通,社群裂变,32,企业职员,杭州,银发族,否
C3136,男,银卡,微信小程序,30,公务员,上海,三口之家,否
C3137,男,金卡,App自然注册,27,互联网从业,杭州,多口之家,是
C3138,男,普通,App自然注册,22,企业职员,武汉,二人世界,否
C3139,男,银卡,App自然注册,37,互联网从业,其他,多口之家,否
C3140,男,普通,社群裂变,35,其他,广州,三口之家,否
C3141,女,银卡,App自然注册,22,自由职业,杭州,二人世界,否
C3142,女,普通,线下扫码,40,企业职员,其他,三口之家,否
C3143,女,银卡,App自然注册,27,学生,青岛,多口之家,否
C3144,女,普通,地推活动,35,企业职员,其他,二人世界,否
C3145,女,银卡,微信小程序,36,企业职员,天津,三口之家,否
C3146,男,金卡,地推活动,41,企业职员,重庆,二人世界,是
C3147,男,金卡,地推活动,33,企业职员,成都,单身青年,否
C3148,男,普通,微信小程序,31,学生,苏州,银发族,否
C3149,女,普通,微信小程序,28,企业职员,郑州,三口之家,否
C3150,女,普通,微信小程序,42,全职主妇,青岛,三口之家,否
C3151,男,普通,微信小程序,35,企业职员,成都,多口之家,否
C3152,女,普通,社群裂变,39,服务业,杭州,二人世界,否
C3153,女,银卡,App自然注册,48,企业职员,上海,三口之家,否
C3154,男,普通,地推活动,44,服务业,其他,银发族,否
C3155,女,普通,微信小程序,30,企业职员,成都,二人世界,否
C3156,男,普通,App自然注册,27,全职主妇,重庆,银发族,否
C3157,男,普通,App自然注册,46,企业职员,深圳,三口之家,否
C3158,男,普通,App自然注册,41,企业职员,其他,银发族,否
C3159,男,金卡,地推活动,36,企业职员,深圳,二人世界,是
C3160,男,普通,微信小程序,36,其他,上海,多口之家,否
C3161,女,银卡,线下扫码,42,其他,杭州,二人世界,否
C3162,男,金卡,线下扫码,29,全职主妇,上海,多口之家,是
C3163,男,普通,微信小程序,39,企业职员,天津,三口之家,否
C3164,男,金卡,微信小程序,27,服务业,西安,银发族,是
C3165,男,金卡,App自然注册,35,企业职员,其他,三口之家,是
C3166,女,银卡,外卖平台导流,27,公务员,上海,多口之家,否
C3167,男,普通,App自然注册,28,企业职员,深圳,二人世界,否
C3168,女,普通,App自然注册,25,企业职员,南京,单身青年,否
C3169,女,普通,App自然注册,22,企业职员,北京,三口之家,否
C3170,男,普通,外卖平台导流,37,学生,北京,二人世界,否
C3171,男,银卡,App自然注册,25,全职主妇,西安,单身青年,否
C3172,男,银卡,App自然注册,25,互联网从业,广州,多口之家,否
C3173,女,普通,社群裂变,48,企业职员,杭州,单身青年,否
C3174,男,银卡,App自然注册,32,互联网从业,南京,单身青年,否
C3175,女,银卡,社群裂变,24,互联网从业,上海,单身青年,否
C3176,女,普通,社群裂变,38,学生,长沙,二人世界,否
C3177,男,普通,地推活动,31,企业职员,西安,单身青年,否
C3178,男,金卡,微信小程序,34,企业职员,北京,二人世界,是
C3179,女,普通,社群裂变,48,其他,西安,二人世界,否
C3180,女,普通,外卖平台导流,36,服务业,青岛,银发族,否
C3181,男,普通,App自然注册,43,其他,北京,二人世界,否
C3182,男,普通,App自然注册,24,其他,长沙,二人世界,否
C3183,女,银卡,社群裂变,29,公务员,成都,银发族,否
C3184,男,普通,外卖平台导流,28,其他,南京,银发族,否
C3185,女,普通,社群裂变,25,学生,其他,三口之家,否
C3186,男,金卡,线下扫码,40,互联网从业,苏州,二人世界,是
C3187,女,普通,社群裂变,37,互联网从业,成都,银发族,否
C3188,女,普通,社群裂变,44,企业职员,长沙,三口之家,否
C3189,女,普通,外卖平台导流,34,服务业,北京,多口之家,否
C3190,男,普通,微信小程序,35,企业职员,南京,二人世界,否
C3191,男,普通,线下扫码,46,学生,上海,单身青年,否
C3192,男,金卡,外卖平台导流,33,学生,苏州,三口之家,否
C3193,男,普通,微信小程序,33,学生,北京,二人世界,否
C3194,女,金卡,App自然注册,32,企业职员,天津,多口之家,是
C3195,女,银卡,微信小程序,43,自由职业,上海,银发族,否
C3196,男,银卡,线下扫码,28,互联网从业,广州,二人世界,否
C3197,男,普通,外卖平台导流,35,全职主妇,南京,多口之家,否
C3198,男,黑金,微信小程序,22,全职主妇,成都,银发族,是
C3199,男,金卡,App自然注册,22,互联网从业,深圳,多口之家,是
C3200,女,金卡,App自然注册,43,其他,杭州,单身青年,是
C3201,女,银卡,App自然注册,25,自由职业,其他,多口之家,否
C3202,女,普通,社群裂变,37,企业职员,西安,银发族,否
C3203,女,普通,线下扫码,29,学生,上海,多口之家,否
C3204,女,银卡,社群裂变,33,学生,上海,银发族,否
C3205,男,金卡,外卖平台导流,32,企业职员,重庆,单身青年,是
C3206,女,普通,微信小程序,34,企业职员,苏州,三口之家,否
C3207,男,普通,微信小程序,33,企业职员,苏州,三口之家,否
C3208,男,黑金,外卖平台导流,28,自由职业,武汉,单身青年,是
C3209,男,普通,App自然注册,36,企业职员,长沙,三口之家,否
C3210,女,普通,App自然注册,36,全职主妇,西安,三口之家,否
C3211,女,普通,外卖平台导流,33,企业职员,苏州,三口之家,否
C3212,男,金卡,微信小程序,34,公务员,深圳,单身青年,否
C3213,男,银卡,社群裂变,31,其他,其他,银发族,否
C3214,女,普通,线下扫码,22,互联网从业,上海,多口之家,否
C3215,男,普通,微信小程序,42,学生,南京,二人世界,否
C3216,女,金卡,App自然注册,34,全职主妇,上海,多口之家,是
C3217,女,普通,App自然注册,41,全职主妇,北京,二人世界,否
C3218,男,银卡,线下扫码,48,其他,上海,二人世界,否
C3219,男,普通,社群裂变,40,企业职员,北京,三口之家,否
C3220,女,普通,微信小程序,31,其他,郑州,三口之家,否
C3221,男,银卡,社群裂变,32,服务业,上海,单身青年,否
C3222,男,普通,线下扫码,22,全职主妇,北京,单身青年,否
C3223,男,金卡,社群裂变,39,企业职员,重庆,二人世界,否
C3224,男,金卡,外卖平台导流,34,全职主妇,广州,多口之家,否
C3225,女,普通,微信小程序,33,企业职员,成都,二人世界,否
C3226,男,普通,微信小程序,25,其他,广州,单身青年,否
C3227,女,金卡,App自然注册,32,企业职员,广州,三口之家,是
C3228,女,银卡,外卖平台导流,26,自由职业,武汉,三口之家,否
C3229,男,黑金,社群裂变,43,全职主妇,上海,二人世界,是
C3230,男,普通,微信小程序,48,互联网从业,上海,多口之家,否
C3231,男,普通,社群裂变,41,企业职员,青岛,二人世界,否
C3232,男,普通,线下扫码,38,企业职员,上海,单身青年,否
C3233,男,银卡,地推活动,34,全职主妇,武汉,单身青年,否
C3234,女,银卡,微信小程序,32,服务业,广州,二人世界,否
C3235,男,普通,社群裂变,36,企业职员,长沙,三口之家,否
C3236,男,普通,微信小程序,37,企业职员,深圳,多口之家,否
C3237,女,普通,社群裂变,41,其他,西安,三口之家,否
C3238,女,普通,线下扫码,34,互联网从业,北京,三口之家,否
C3239,女,银卡,微信小程序,38,企业职员,西安,银发族,否
C3240,女,银卡,微信小程序,33,全职主妇,其他,三口之家,否
C3241,男,普通,App自然注册,35,全职主妇,青岛,单身青年,否
C3242,女,普通,App自然注册,36,企业职员,南京,单身青年,否
C3243,男,普通,App自然注册,25,互联网从业,武汉,单身青年,否
C3244,男,银卡,社群裂变,40,自由职业,西安,银发族,否
C3245,女,普通,线下扫码,48,自由职业,杭州,三口之家,否
C3246,女,普通,App自然注册,27,企业职员,郑州,三口之家,否
C3247,女,普通,App自然注册,30,互联网从业,长沙,单身青年,否
C3248,女,普通,线下扫码,35,服务业,杭州,二人世界,否
C3249,男,普通,外卖平台导流,40,企业职员,青岛,银发族,否
C3250,男,普通,社群裂变,38,企业职员,深圳,单身青年,否
C3251,女,普通,微信小程序,48,公务员,苏州,三口之家,否
C3252,女,普通,微信小程序,40,企业职员,重庆,三口之家,否
C3253,女,普通,微信小程序,39,企业职员,上海,二人世界,否
C3254,女,银卡,微信小程序,39,企业职员,成都,多口之家,否
C3255,女,普通,微信小程序,46,全职主妇,广州,单身青年,否
C3256,女,普通,社群裂变,41,互联网从业,南京,三口之家,否
C3257,女,银卡,外卖平台导流,40,自由职业,成都,多口之家,否
C3258,女,普通,线下扫码,31,服务业,武汉,多口之家,否
C3259,男,银卡,外卖平台导流,48,企业职员,深圳,单身青年,否
C3260,女,金卡,线下扫码,38,服务业,北京,银发族,否
C3261,男,普通,线下扫码,35,企业职员,长沙,三口之家,否
C3262,男,普通,微信小程序,29,全职主妇,广州,二人世界,否
C3263,女,银卡,微信小程序,38,全职主妇,上海,银发族,否
C3264,男,普通,App自然注册,31,自由职业,武汉,银发族,否
C3265,女,普通,App自然注册,36,互联网从业,西安,多口之家,否
C3266,女,普通,App自然注册,33,学生,深圳,三口之家,否
C3267,女,银卡,社群裂变,33,互联网从业,重庆,三口之家,否
C3268,男,银卡,微信小程序,32,互联网从业,上海,三口之家,否
C3269,男,普通,微信小程序,26,服务业,武汉,二人世界,否
C3270,女,普通,微信小程序,30,服务业,其他,单身青年,否
C3271,男,普通,线下扫码,27,公务员,长沙,二人世界,否
C3272,女,普通,地推活动,22,自由职业,杭州,单身青年,否
C3273,女,普通,社群裂变,43,企业职员,上海,三口之家,否
C3274,女,普通,App自然注册,28,互联网从业,西安,三口之家,否
C3275,男,普通,外卖平台导流,43,公务员,天津,三口之家,否
C3276,女,普通,线下扫码,40,自由职业,上海,银发族,否
C3277,男,金卡,App自然注册,35,全职主妇,广州,三口之家,是
C3278,女,普通,App自然注册,37,全职主妇,成都,单身青年,否
C3279,女,普通,App自然注册,36,服务业,杭州,银发族,否
C3280,男,普通,App自然注册,38,互联网从业,北京,二人世界,否
C3281,女,银卡,线下扫码,38,全职主妇,其他,银发族,否
C3282,女,金卡,外卖平台导流,38,企业职员,上海,单身青年,是
C3283,男,普通,微信小程序,42,学生,天津,多口之家,否
C3284,男,银卡,App自然注册,42,其他,长沙,二人世界,否
C3285,女,普通,外卖平台导流,30,自由职业,深圳,三口之家,否
C3286,女,普通,外卖平台导流,46,企业职员,其他,三口之家,否
C3287,女,普通,App自然注册,36,互联网从业,北京,三口之家,否
C3288,女,银卡,外卖平台导流,48,服务业,武汉,单身青年,否
C3289,男,普通,App自然注册,36,企业职员,苏州,多口之家,否
C3290,女,普通,线下扫码,41,全职主妇,西安,银发族,否
C3291,男,普通,外卖平台导流,33,学生,深圳,三口之家,否
C3292,男,普通,App自然注册,27,公务员,北京,三口之家,否
C3293,男,银卡,外卖平台导流,41,服务业,天津,单身青年,否
C3294,男,普通,外卖平台导流,45,公务员,成都,二人世界,否
C3295,男,普通,外卖平台导流,31,服务业,北京,三口之家,否
C3296,女,普通,外卖平台导流,39,互联网从业,其他,三口之家,否
C3297,女,普通,线下扫码,25,学生,武汉,三口之家,否
C3298,女,普通,微信小程序,44,企业职员,北京,三口之家,否
C3299,男,普通,App自然注册,33,企业职员,上海,三口之家,否
C3300,男,普通,线下扫码,33,服务业,杭州,三口之家,否
C3301,男,普通,微信小程序,34,学生,上海,单身青年,否
C3302,男,普通,App自然注册,38,企业职员,北京,三口之家,否
C3303,女,普通,社群裂变,37,互联网从业,深圳,银发族,否
C3304,女,普通,App自然注册,28,服务业,南京,三口之家,否
C3305,女,银卡,微信小程序,36,互联网从业,深圳,三口之家,否
C3306,男,普通,微信小程序,25,企业职员,郑州,二人世界,否
C3307,女,银卡,外卖平台导流,30,互联网从业,天津,三口之家,否
C3308,男,普通,App自然注册,37,企业职员,广州,单身青年,否
C3309,男,普通,微信小程序,27,公务员,北京,多口之家,否
C3310,女,银卡,社群裂变,31,企业职员,上海,三口之家,否
C3311,女,普通,地推活动,45,学生,西安,单身青年,否
C3312,女,普通,App自然注册,38,公务员,北京,银发族,否
C3313,男,普通,线下扫码,25,企业职员,天津,单身青年,否
C3314,女,普通,线下扫码,48,服务业,深圳,单身青年,否
C3315,男,普通,社群裂变,29,其他,其他,单身青年,否
C3316,男,普通,线下扫码,27,企业职员,广州,多口之家,否
C3317,女,普通,App自然注册,48,全职主妇,重庆,单身青年,否
C3318,男,普通,线下扫码,39,自由职业,郑州,多口之家,否
C3319,男,银卡,地推活动,31,企业职员,西安,三口之家,否
C3320,男,普通,外卖平台导流,43,全职主妇,其他,三口之家,否
C3321,男,普通,线下扫码,25,公务员,苏州,单身青年,否
C3322,女,普通,微信小程序,39,企业职员,深圳,多口之家,否
C3323,女,普通,社群裂变,30,服务业,深圳,三口之家,否
C3324,女,普通,App自然注册,25,学生,深圳,三口之家,否
C3325,男,金卡,App自然注册,35,全职主妇,重庆,三口之家,是
C3326,男,普通,微信小程序,42,企业职员,成都,三口之家,否
C3327,女,普通,线下扫码,24,企业职员,青岛,多口之家,否
C3328,男,普通,App自然注册,26,企业职员,西安,二人世界,否
C3329,女,银卡,App自然注册,44,学生,北京,三口之家,否
C3330,男,普通,外卖平台导流,34,互联网从业,成都,三口之家,否
C3331,男,普通,线下扫码,29,服务业,上海,单身青年,否
C3332,女,金卡,外卖平台导流,39,自由职业,重庆,单身青年,否
C3333,男,普通,App自然注册,30,自由职业,北京,三口之家,否
C3334,男,银卡,社群裂变,32,服务业,上海,单身青年,否
C3335,男,黑金,App自然注册,23,服务业,重庆,二人世界,是
C3336,男,普通,App自然注册,31,学生,上海,三口之家,否
C3337,女,金卡,微信小程序,40,企业职员,重庆,多口之家,是
C3338,女,普通,外卖平台导流,37,其他,深圳,多口之家,否
C3339,女,普通,社群裂变,40,企业职员,北京,三口之家,否
C3340,女,普通,社群裂变,37,企业职员,南京,银发族,否
C3341,女,普通,线下扫码,30,互联网从业,重庆,三口之家,否
C3342,女,普通,微信小程序,48,服务业,其他,三口之家,否
C3343,男,普通,外卖平台导流,34,互联网从业,北京,单身青年,否
C3344,女,普通,社群裂变,26,全职主妇,成都,银发族,否
C3345,男,普通,微信小程序,31,企业职员,其他,单身青年,否
C3346,女,普通,微信小程序,24,全职主妇,北京,三口之家,否
C3347,男,普通,社群裂变,32,自由职业,西安,银发族,否
C3348,男,银卡,线下扫码,34,企业职员,武汉,银发族,否
C3349,男,普通,外卖平台导流,31,服务业,深圳,单身青年,否
C3350,女,金卡,外卖平台导流,42,学生,广州,多口之家,否
C3351,女,普通,线下扫码,28,自由职业,上海,单身青年,否
C3352,男,金卡,线下扫码,35,企业职员,深圳,三口之家,否
C3353,男,普通,线下扫码,48,其他,上海,三口之家,否
C3354,男,银卡,微信小程序,41,企业职员,重庆,三口之家,否
C3355,女,普通,微信小程序,45,全职主妇,上海,二人世界,否
C3356,男,普通,App自然注册,42,服务业,其他,三口之家,否
C3357,男,银卡,外卖平台导流,38,全职主妇,广州,单身青年,否
C3358,男,银卡,App自然注册,43,自由职业,长沙,多口之家,否
C3359,男,普通,App自然注册,33,互联网从业,广州,三口之家,否
C3360,男,普通,外卖平台导流,45,互联网从业,北京,二人世界,否
C3361,女,普通,App自然注册,23,自由职业,北京,三口之家,否
C3362,男,银卡,微信小程序,33,互联网从业,西安,多口之家,否
C3363,男,普通,线下扫码,48,互联网从业,南京,银发族,否
C3364,女,银卡,App自然注册,27,全职主妇,成都,单身青年,否
C3365,女,普通,App自然注册,35,自由职业,长沙,银发族,否
C3366,女,银卡,App自然注册,41,企业职员,深圳,三口之家,否
C3367,女,银卡,线下扫码,26,公务员,广州,三口之家,否
C3368,男,普通,App自然注册,24,企业职员,南京,二人世界,否
C3369,男,银卡,社群裂变,29,学生,苏州,三口之家,否
C3370,男,普通,App自然注册,32,企业职员,广州,三口之家,否
C3371,男,普通,社群裂变,28,公务员,苏州,三口之家,否
C3372,女,银卡,App自然注册,27,企业职员,杭州,三口之家,否
C3373,女,普通,社群裂变,24,全职主妇,杭州,多口之家,否
C3374,男,普通,App自然注册,37,自由职业,上海,银发族,否
C3375,男,普通,外卖平台导流,33,学生,上海,二人世界,否
C3376,男,普通,社群裂变,41,企业职员,深圳,单身青年,否
C3377,男,普通,App自然注册,34,服务业,西安,单身青年,否
C3378,女,普通,线下扫码,39,公务员,北京,多口之家,否
C3379,女,银卡,App自然注册,26,互联网从业,武汉,三口之家,否
C3380,男,银卡,微信小程序,24,企业职员,杭州,多口之家,否
C3381,女,银卡,微信小程序,26,企业职员,南京,三口之家,否
C3382,女,普通,App自然注册,28,自由职业,成都,单身青年,否
C3383,女,普通,社群裂变,35,企业职员,成都,银发族,否
C3384,女,黑金,外卖平台导流,30,全职主妇,武汉,多口之家,是
C3385,女,普通,微信小程序,27,企业职员,广州,多口之家,否
C3386,女,普通,微信小程序,22,企业职员,广州,单身青年,否
C3387,男,普通,微信小程序,38,企业职员,成都,单身青年,否
C3388,女,银卡,App自然注册,32,企业职员,长沙,二人世界,否
C3389,女,普通,地推活动,23,企业职员,成都,银发族,否
C3390,女,普通,微信小程序,31,互联网从业,广州,单身青年,否
C3391,女,普通,社群裂变,48,学生,重庆,多口之家,否
C3392,女,普通,外卖平台导流,39,全职主妇,杭州,单身青年,否
C3393,女,普通,App自然注册,42,企业职员,西安,单身青年,否
C3394,男,普通,外卖平台导流,44,全职主妇,广州,单身青年,否
C3395,男,普通,社群裂变,39,公务员,上海,二人世界,否
C3396,女,普通,线下扫码,24,互联网从业,北京,二人世界,否
C3397,女,普通,微信小程序,37,自由职业,郑州,三口之家,否
C3398,男,普通,微信小程序,38,服务业,深圳,三口之家,否
C3399,男,普通,App自然注册,37,自由职业,南京,多口之家,否
C3400,女,银卡,地推活动,34,全职主妇,其他,单身青年,否
C3401,男,普通,地推活动,28,其他,重庆,二人世界,否
C3402,女,普通,微信小程序,42,企业职员,长沙,三口之家,否
C3403,男,普通,App自然注册,28,全职主妇,西安,单身青年,否
C3404,女,普通,App自然注册,23,自由职业,成都,二人世界,否
C3405,女,普通,线下扫码,34,企业职员,上海,单身青年,否
C3406,男,普通,微信小程序,38,企业职员,杭州,二人世界,否
C3407,女,银卡,微信小程序,34,全职主妇,深圳,二人世界,否
C3408,男,普通,微信小程序,29,互联网从业,郑州,多口之家,否
C3409,女,银卡,社群裂变,35,服务业,北京,三口之家,否
C3410,女,普通,App自然注册,44,公务员,成都,多口之家,否
C3411,女,普通,线下扫码,27,服务业,南京,三口之家,否
C3412,女,普通,线下扫码,22,企业职员,北京,单身青年,否
C3413,男,银卡,App自然注册,36,企业职员,郑州,多口之家,否
C3414,女,普通,App自然注册,39,企业职员,武汉,银发族,否
C3415,男,普通,App自然注册,34,企业职员,其他,银发族,否
C3416,男,普通,App自然注册,37,学生,其他,单身青年,否
C3417,男,普通,微信小程序,34,企业职员,北京,三口之家,否
C3418,女,银卡,线下扫码,28,互联网从业,青岛,三口之家,否
C3419,女,普通,App自然注册,32,服务业,北京,三口之家,否
C3420,男,普通,微信小程序,36,互联网从业,苏州,单身青年,否
C3421,女,普通,微信小程序,33,企业职员,重庆,多口之家,否
C3422,男,普通,App自然注册,39,企业职员,青岛,三口之家,否
C3423,女,普通,线下扫码,45,企业职员,成都,三口之家,否
C3424,男,普通,微信小程序,39,其他,深圳,单身青年,否
C3425,女,银卡,线下扫码,24,企业职员,青岛,单身青年,否
C3426,女,普通,App自然注册,37,企业职员,苏州,二人世界,否
C3427,女,银卡,微信小程序,34,企业职员,南京,二人世界,否
C3428,女,普通,App自然注册,47,学生,西安,多口之家,否
C3429,女,普通,微信小程序,34,企业职员,武汉,多口之家,否
C3430,男,普通,外卖平台导流,27,服务业,武汉,银发族,否
C3431,女,普通,线下扫码,48,其他,成都,单身青年,否
C3432,男,黑金,微信小程序,47,学生,深圳,单身青年,是
C3433,女,普通,App自然注册,32,学生,郑州,多口之家,否
C3434,男,普通,微信小程序,48,自由职业,其他,银发族,否
C3435,女,银卡,线下扫码,32,服务业,广州,二人世界,否
C3436,男,普通,社群裂变,25,企业职员,青岛,三口之家,否
C3437,男,普通,线下扫码,34,互联网从业,天津,多口之家,否
C3438,男,普通,App自然注册,31,企业职员,武汉,单身青年,否
C3439,女,普通,外卖平台导流,43,全职主妇,北京,三口之家,否
C3440,男,普通,微信小程序,29,企业职员,北京,三口之家,否
C3441,男,普通,微信小程序,31,服务业,成都,二人世界,否
C3442,女,黑金,微信小程序,29,互联网从业,深圳,单身青年,是
C3443,女,普通,社群裂变,30,公务员,青岛,三口之家,否
C3444,男,银卡,线下扫码,26,公务员,深圳,二人世界,否
C3445,女,普通,微信小程序,24,全职主妇,西安,多口之家,否
C3446,女,普通,App自然注册,38,服务业,上海,多口之家,否
C3447,女,金卡,微信小程序,22,企业职员,苏州,二人世界,是
C3448,男,普通,微信小程序,29,学生,长沙,三口之家,否
C3449,男,普通,线下扫码,30,互联网从业,杭州,银发族,否
C3450,男,普通,微信小程序,43,互联网从业,杭州,二人世界,否
C3451,男,普通,微信小程序,27,互联网从业,天津,多口之家,否
C3452,女,金卡,线下扫码,35,其他,北京,单身青年,否
C3453,男,普通,App自然注册,29,互联网从业,深圳,二人世界,否
C3454,女,普通,线下扫码,43,服务业,深圳,三口之家,否
C3455,女,普通,线下扫码,43,企业职员,广州,二人世界,否
C3456,男,普通,地推活动,23,服务业,重庆,银发族,否
C3457,女,普通,微信小程序,22,互联网从业,南京,单身青年,否
C3458,女,普通,App自然注册,36,其他,上海,三口之家,否
C3459,女,普通,微信小程序,27,互联网从业,武汉,多口之家,否
C3460,女,普通,线下扫码,22,学生,武汉,二人世界,否
C3461,女,银卡,App自然注册,35,全职主妇,苏州,单身青年,否
C3462,男,银卡,外卖平台导流,32,学生,其他,三口之家,否
C3463,男,银卡,线下扫码,28,企业职员,广州,单身青年,否
C3464,女,普通,微信小程序,34,互联网从业,北京,单身青年,否
C3465,男,普通,社群裂变,34,企业职员,成都,二人世界,否
C3466,男,金卡,社群裂变,42,服务业,北京,二人世界,是
C3467,男,金卡,App自然注册,30,公务员,成都,二人世界,是
C3468,男,金卡,线下扫码,28,自由职业,北京,三口之家,是
C3469,男,普通,App自然注册,47,全职主妇,天津,三口之家,否
C3470,女,普通,App自然注册,48,全职主妇,天津,二人世界,否
C3471,男,普通,App自然注册,47,服务业,武汉,三口之家,否
C3472,男,普通,App自然注册,28,企业职员,杭州,单身青年,否
C3473,男,普通,微信小程序,29,互联网从业,重庆,三口之家,否
C3474,男,普通,App自然注册,32,全职主妇,上海,多口之家,否
C3475,男,普通,线下扫码,38,互联网从业,北京,银发族,否
C3476,男,金卡,社群裂变,41,学生,杭州,三口之家,否
C3477,男,普通,地推活动,36,学生,杭州,三口之家,否
C3478,女,普通,外卖平台导流,33,全职主妇,上海,多口之家,否
C3479,女,黑金,社群裂变,24,公务员,青岛,多口之家,是
C3480,女,普通,社群裂变,41,企业职员,广州,单身青年,否
C3481,女,普通,微信小程序,35,公务员,深圳,单身青年,否
C3482,女,普通,微信小程序,43,企业职员,上海,三口之家,否
C3483,女,普通,线下扫码,38,全职主妇,武汉,三口之家,否
C3484,男,普通,微信小程序,37,企业职员,北京,三口之家,否
C3485,男,普通,微信小程序,44,服务业,广州,三口之家,否
C3486,男,普通,外卖平台导流,28,互联网从业,其他,多口之家,否
C3487,女,普通,微信小程序,35,自由职业,南京,三口之家,否
C3488,女,银卡,App自然注册,41,自由职业,西安,单身青年,否
C3489,女,银卡,App自然注册,37,服务业,北京,三口之家,否
C3490,女,普通,线下扫码,41,互联网从业,广州,单身青年,否
C3491,女,普通,App自然注册,45,全职主妇,北京,银发族,否
C3492,女,银卡,微信小程序,40,企业职员,北京,三口之家,否
C3493,男,普通,App自然注册,37,全职主妇,上海,三口之家,否
C3494,女,银卡,微信小程序,40,全职主妇,长沙,多口之家,否
C3495,女,普通,微信小程序,30,互联网从业,青岛,三口之家,否
C3496,女,普通,线下扫码,42,自由职业,广州,多口之家,否
C3497,男,普通,外卖平台导流,30,企业职员,苏州,多口之家,否
C3498,男,黑金,线下扫码,48,其他,武汉,二人世界,是
C3499,女,普通,微信小程序,48,服务业,苏州,二人世界,否
C3500,男,普通,线下扫码,42,服务业,上海,三口之家,否
C3501,女,普通,微信小程序,37,全职主妇,深圳,单身青年,否
C3502,男,黑金,App自然注册,37,企业职员,深圳,三口之家,是
C3503,男,普通,微信小程序,40,公务员,上海,银发族,否
C3504,男,普通,外卖平台导流,48,公务员,北京,三口之家,否
C3505,男,金卡,App自然注册,37,自由职业,成都,二人世界,是
C3506,男,普通,外卖平台导流,40,企业职员,其他,多口之家,否
C3507,男,普通,微信小程序,47,学生,重庆,三口之家,否
C3508,女,普通,微信小程序,41,互联网从业,成都,多口之家,否
C3509,女,普通,地推活动,38,企业职员,武汉,单身青年,否
C3510,男,银卡,App自然注册,38,企业职员,南京,三口之家,否
C3511,女,普通,外卖平台导流,37,公务员,长沙,三口之家,否
C3512,女,金卡,微信小程序,34,公务员,上海,单身青年,否
C3513,女,普通,地推活动,45,学生,广州,三口之家,否
C3514,男,普通,线下扫码,23,全职主妇,青岛,单身青年,否
C3515,女,普通,App自然注册,35,服务业,杭州,三口之家,否
C3516,男,普通,App自然注册,29,自由职业,成都,三口之家,否
C3517,男,普通,App自然注册,35,全职主妇,深圳,三口之家,否
C3518,女,普通,微信小程序,32,企业职员,重庆,三口之家,否
C3519,女,银卡,外卖平台导流,33,其他,成都,三口之家,否
C3520,女,普通,App自然注册,37,互联网从业,其他,单身青年,否
C3521,男,普通,社群裂变,26,企业职员,上海,单身青年,否
C3522,男,银卡,App自然注册,29,互联网从业,青岛,银发族,否
C3523,女,普通,App自然注册,36,企业职员,重庆,银发族,否
C3524,女,普通,微信小程序,40,其他,南京,二人世界,否
C3525,女,普通,微信小程序,23,自由职业,广州,单身青年,否
C3526,女,银卡,外卖平台导流,22,互联网从业,重庆,单身青年,否
C3527,男,银卡,App自然注册,48,服务业,上海,单身青年,否
C3528,男,普通,App自然注册,39,企业职员,上海,二人世界,否
C3529,男,普通,外卖平台导流,37,企业职员,上海,单身青年,否
C3530,女,普通,App自然注册,36,公务员,武汉,三口之家,否
C3531,女,普通,外卖平台导流,22,学生,上海,单身青年,否
C3532,女,银卡,外卖平台导流,31,自由职业,上海,三口之家,否
C3533,男,银卡,微信小程序,28,企业职员,广州,二人世界,否
C3534,男,金卡,外卖平台导流,38,全职主妇,广州,三口之家,是
C3535,女,普通,微信小程序,32,企业职员,长沙,二人世界,否
C3536,男,普通,社群裂变,33,全职主妇,上海,单身青年,否
C3537,女,普通,外卖平台导流,28,自由职业,西安,三口之家,否
C3538,男,银卡,线下扫码,40,自由职业,上海,三口之家,否
C3539,男,普通,地推活动,25,全职主妇,西安,二人世界,否
C3540,女,银卡,线下扫码,31,其他,西安,二人世界,否
C3541,女,普通,微信小程序,27,互联网从业,北京,单身青年,否
C3542,男,银卡,App自然注册,29,企业职员,深圳,多口之家,否
C3543,男,普通,微信小程序,29,企业职员,上海,三口之家,否
C3544,女,普通,App自然注册,38,企业职员,上海,三口之家,否
C3545,女,银卡,外卖平台导流,39,自由职业,其他,多口之家,否
C3546,女,普通,App自然注册,23,其他,成都,多口之家,否
C3547,男,普通,外卖平台导流,30,企业职员,其他,三口之家,否
C3548,女,普通,线下扫码,27,全职主妇,深圳,三口之家,否
C3549,男,黑金,App自然注册,22,自由职业,长沙,三口之家,是
C3550,女,普通,社群裂变,31,学生,南京,二人世界,否
C3551,女,银卡,微信小程序,36,企业职员,苏州,三口之家,否
C3552,女,普通,App自然注册,40,服务业,广州,单身青年,否
C3553,女,普通,社群裂变,36,全职主妇,北京,三口之家,否
C3554,男,普通,微信小程序,32,公务员,深圳,三口之家,否
C3555,男,普通,App自然注册,27,服务业,深圳,二人世界,否
C3556,女,普通,地推活动,42,学生,北京,三口之家,否
C3557,女,普通,微信小程序,39,全职主妇,深圳,多口之家,否
C3558,男,银卡,地推活动,41,其他,重庆,三口之家,否
C3559,女,普通,App自然注册,39,服务业,其他,二人世界,否
C3560,女,普通,线下扫码,32,企业职员,重庆,三口之家,否
C3561,女,银卡,社群裂变,32,公务员,其他,三口之家,否
C3562,女,普通,线下扫码,33,公务员,深圳,三口之家,否
C3563,男,普通,微信小程序,35,服务业,北京,单身青年,否
C3564,男,普通,微信小程序,45,全职主妇,武汉,单身青年,否
C3565,女,普通,App自然注册,22,互联网从业,南京,二人世界,否
C3566,男,普通,社群裂变,38,互联网从业,重庆,单身青年,否
C3567,女,金卡,App自然注册,37,企业职员,其他,银发族,是
C3568,女,银卡,微信小程序,29,自由职业,武汉,多口之家,否
C3569,女,普通,线下扫码,38,全职主妇,天津,三口之家,否
C3570,男,银卡,外卖平台导流,33,互联网从业,杭州,三口之家,否
C3571,女,普通,地推活动,26,企业职员,武汉,多口之家,否
C3572,女,普通,社群裂变,36,互联网从业,郑州,多口之家,否
C3573,男,普通,线下扫码,41,企业职员,天津,三口之家,否
C3574,男,金卡,App自然注册,29,全职主妇,杭州,二人世界,否
C3575,女,普通,线下扫码,28,企业职员,深圳,银发族,否
C3576,女,银卡,地推活动,42,全职主妇,深圳,三口之家,否
C3577,男,银卡,微信小程序,30,自由职业,深圳,三口之家,否
C3578,男,普通,微信小程序,33,企业职员,青岛,三口之家,否
C3579,女,银卡,线下扫码,37,学生,北京,三口之家,否
C3580,男,普通,App自然注册,22,自由职业,西安,三口之家,否
C3581,女,银卡,App自然注册,25,企业职员,深圳,多口之家,否
C3582,女,普通,线下扫码,32,互联网从业,广州,三口之家,否
C3583,男,普通,App自然注册,29,企业职员,天津,多口之家,否
C3584,男,银卡,社群裂变,37,自由职业,长沙,三口之家,否
C3585,男,普通,线下扫码,34,互联网从业,上海,二人世界,否
C3586,女,普通,线下扫码,40,全职主妇,北京,多口之家,否
C3587,男,银卡,线下扫码,30,自由职业,南京,银发族,否
C3588,男,普通,App自然注册,35,服务业,北京,单身青年,否
C3589,女,普通,线下扫码,44,企业职员,杭州,二人世界,否
C3590,男,银卡,线下扫码,33,互联网从业,北京,三口之家,否
C3591,男,普通,微信小程序,47,学生,其他,单身青年,否
C3592,女,银卡,外卖平台导流,38,其他,广州,三口之家,否
C3593,女,普通,微信小程序,30,服务业,成都,二人世界,否
C3594,男,普通,App自然注册,41,企业职员,成都,银发族,否
C3595,女,普通,微信小程序,45,互联网从业,广州,单身青年,否
C3596,男,普通,App自然注册,31,企业职员,北京,三口之家,否
C3597,男,普通,外卖平台导流,29,自由职业,重庆,银发族,否
C3598,男,普通,App自然注册,32,企业职员,天津,二人世界,否
C3599,女,普通,App自然注册,25,企业职员,郑州,三口之家,否
C3600,男,普通,App自然注册,22,自由职业,其他,单身青年,否
C3601,女,普通,App自然注册,44,全职主妇,武汉,二人世界,否
C3602,女,普通,App自然注册,45,服务业,成都,多口之家,否
C3603,男,普通,线下扫码,45,自由职业,广州,单身青年,否
C3604,女,普通,微信小程序,36,企业职员,杭州,单身青年,否
C3605,女,普通,App自然注册,34,全职主妇,北京,单身青年,否
C3606,女,普通,App自然注册,27,互联网从业,成都,单身青年,否
C3607,女,金卡,地推活动,25,企业职员,杭州,三口之家,是
C3608,女,银卡,微信小程序,28,学生,长沙,单身青年,否
C3609,男,银卡,线下扫码,38,企业职员,北京,单身青年,否
C3610,女,普通,微信小程序,25,服务业,南京,三口之家,否
C3611,女,金卡,社群裂变,33,公务员,广州,三口之家,否
C3612,男,普通,微信小程序,36,全职主妇,北京,三口之家,否
C3613,女,普通,微信小程序,42,公务员,成都,多口之家,否
C3614,男,普通,微信小程序,46,全职主妇,上海,单身青年,否
C3615,男,金卡,App自然注册,44,全职主妇,杭州,三口之家,是
C3616,女,普通,App自然注册,30,企业职员,西安,单身青年,否
C3617,女,普通,地推活动,28,其他,杭州,三口之家,否
C3618,女,普通,外卖平台导流,41,服务业,青岛,多口之家,否
C3619,女,银卡,App自然注册,28,企业职员,上海,多口之家,否
C3620,女,普通,App自然注册,32,互联网从业,上海,单身青年,否
C3621,男,普通,线下扫码,37,全职主妇,天津,多口之家,否
C3622,女,普通,线下扫码,39,企业职员,南京,单身青年,否
C3623,男,普通,微信小程序,35,全职主妇,北京,单身青年,否
C3624,女,普通,线下扫码,36,企业职员,长沙,二人世界,否
C3625,男,银卡,微信小程序,37,公务员,西安,三口之家,否
C3626,女,普通,地推活动,32,企业职员,郑州,三口之家,否
C3627,男,银卡,App自然注册,37,互联网从业,其他,三口之家,否
C3628,女,普通,地推活动,30,学生,北京,二人世界,否
C3629,女,普通,微信小程序,33,全职主妇,北京,单身青年,否
C3630,女,普通,地推活动,46,互联网从业,成都,多口之家,否
C3631,女,普通,微信小程序,47,服务业,苏州,单身青年,否
C3632,男,银卡,外卖平台导流,30,企业职员,深圳,银发族,否
C3633,女,普通,App自然注册,32,全职主妇,苏州,银发族,否
C3634,女,普通,微信小程序,30,其他,青岛,多口之家,否
C3635,男,普通,App自然注册,37,其他,青岛,三口之家,否
C3636,男,普通,App自然注册,35,企业职员,成都,单身青年,否
C3637,女,普通,社群裂变,27,学生,深圳,二人世界,否
C3638,女,普通,地推活动,48,服务业,深圳,三口之家,否
C3639,女,普通,外卖平台导流,43,企业职员,其他,三口之家,否
C3640,女,普通,微信小程序,25,学生,上海,单身青年,否
C3641,女,普通,微信小程序,34,自由职业,郑州,三口之家,否
C3642,女,普通,线下扫码,37,互联网从业,北京,单身青年,否
C3643,男,普通,外卖平台导流,29,全职主妇,苏州,银发族,否
C3644,男,普通,线下扫码,27,服务业,天津,三口之家,否
C3645,男,普通,微信小程序,34,服务业,上海,三口之家,否
C3646,男,金卡,外卖平台导流,35,企业职员,北京,多口之家,是
C3647,男,普通,微信小程序,37,互联网从业,武汉,多口之家,否
C3648,男,普通,线下扫码,38,企业职员,天津,三口之家,否
C3649,女,银卡,线下扫码,25,全职主妇,广州,单身青年,否
C3650,女,银卡,线下扫码,26,自由职业,上海,单身青年,否
C3651,男,普通,App自然注册,47,全职主妇,成都,单身青年,否
C3652,男,普通,外卖平台导流,31,学生,青岛,二人世界,否
C3653,男,普通,社群裂变,44,服务业,西安,三口之家,否
C3654,女,普通,微信小程序,30,全职主妇,杭州,三口之家,否
C3655,女,普通,线下扫码,39,企业职员,成都,三口之家,否
C3656,女,普通,线下扫码,42,学生,上海,三口之家,否
C3657,女,普通,App自然注册,37,全职主妇,上海,银发族,否
C3658,男,金卡,外卖平台导流,36,互联网从业,南京,二人世界,是
C3659,男,银卡,App自然注册,36,全职主妇,武汉,二人世界,否
C3660,男,普通,外卖平台导流,42,企业职员,西安,二人世界,否
C3661,女,银卡,微信小程序,33,全职主妇,重庆,三口之家,否
C3662,女,银卡,微信小程序,44,企业职员,青岛,二人世界,否
C3663,女,普通,App自然注册,36,其他,成都,二人世界,否
C3664,男,普通,社群裂变,45,全职主妇,广州,三口之家,否
C3665,男,普通,微信小程序,41,服务业,西安,单身青年,否
C3666,女,普通,App自然注册,43,其他,广州,多口之家,否
C3667,女,银卡,社群裂变,29,企业职员,成都,二人世界,否
C3668,男,普通,App自然注册,23,其他,南京,单身青年,否
C3669,女,普通,线下扫码,46,互联网从业,广州,二人世界,否
C3670,女,普通,外卖平台导流,33,服务业,广州,三口之家,否
C3671,女,普通,外卖平台导流,25,服务业,长沙,二人世界,否
C3672,男,普通,App自然注册,38,互联网从业,苏州,单身青年,否
C3673,男,普通,App自然注册,40,企业职员,天津,单身青年,否
C3674,男,银卡,外卖平台导流,37,学生,上海,多口之家,否
C3675,女,普通,地推活动,37,全职主妇,南京,银发族,否
C3676,男,普通,线下扫码,30,互联网从业,上海,二人世界,否
C3677,女,普通,微信小程序,36,自由职业,武汉,多口之家,否
C3678,女,普通,App自然注册,29,全职主妇,南京,多口之家,否
C3679,男,银卡,线下扫码,25,自由职业,西安,单身青年,否
C3680,女,普通,外卖平台导流,35,其他,深圳,单身青年,否
C3681,男,普通,App自然注册,45,学生,杭州,单身青年,否
C3682,男,普通,App自然注册,29,全职主妇,武汉,三口之家,否
C3683,男,普通,App自然注册,36,企业职员,苏州,三口之家,否
C3684,男,银卡,线下扫码,43,互联网从业,成都,三口之家,否
C3685,男,银卡,微信小程序,33,企业职员,其他,多口之家,否
C3686,女,普通,微信小程序,24,其他,北京,三口之家,否
C3687,女,普通,微信小程序,46,企业职员,广州,三口之家,否
C3688,男,银卡,微信小程序,38,企业职员,北京,单身青年,否
C3689,男,普通,微信小程序,43,企业职员,其他,单身青年,否
C3690,女,银卡,微信小程序,29,学生,北京,三口之家,否
C3691,男,银卡,微信小程序,38,互联网从业,深圳,三口之家,否
C3692,男,普通,App自然注册,40,服务业,苏州,多口之家,否
C3693,女,普通,微信小程序,48,自由职业,西安,单身青年,否
C3694,男,普通,线下扫码,38,企业职员,上海,单身青年,否
C3695,男,银卡,App自然注册,23,全职主妇,青岛,多口之家,否
C3696,女,普通,微信小程序,37,自由职业,郑州,二人世界,否
C3697,女,普通,社群裂变,44,公务员,上海,三口之家,否
C3698,男,普通,App自然注册,35,学生,广州,银发族,否
C3699,女,普通,线下扫码,45,互联网从业,上海,银发族,否
C3700,男,普通,App自然注册,28,企业职员,北京,单身青年,否
C3701,女,普通,微信小程序,25,服务业,青岛,银发族,否
C3702,女,普通,App自然注册,37,公务员,成都,三口之家,否
C3703,女,普通,App自然注册,32,企业职员,其他,三口之家,否
C3704,女,普通,外卖平台导流,42,互联网从业,上海,银发族,否
C3705,女,普通,App自然注册,48,其他,天津,单身青年,否
C3706,男,银卡,微信小程序,22,自由职业,杭州,单身青年,否
C3707,男,黑金,线下扫码,33,其他,上海,三口之家,是
C3708,女,银卡,微信小程序,48,公务员,长沙,银发族,否
C3709,女,普通,外卖平台导流,43,学生,武汉,单身青年,否
C3710,女,普通,App自然注册,23,企业职员,苏州,二人世界,否
C3711,女,普通,微信小程序,31,自由职业,青岛,单身青年,否
C3712,女,银卡,社群裂变,28,自由职业,武汉,多口之家,否
C3713,男,银卡,线下扫码,42,互联网从业,深圳,多口之家,否
C3714,男,普通,线下扫码,30,企业职员,郑州,二人世界,否
C3715,女,普通,线下扫码,38,企业职员,武汉,三口之家,否
C3716,男,普通,App自然注册,31,自由职业,深圳,银发族,否
C3717,男,普通,微信小程序,26,企业职员,重庆,单身青年,否
C3718,女,普通,App自然注册,39,企业职员,深圳,单身青年,否
C3719,女,普通,线下扫码,34,互联网从业,青岛,单身青年,否
C3720,女,普通,地推活动,31,自由职业,上海,银发族,否
C3721,女,金卡,微信小程序,41,公务员,天津,三口之家,是
C3722,女,普通,微信小程序,28,互联网从业,成都,三口之家,否
C3723,女,银卡,线下扫码,36,其他,深圳,单身青年,否
C3724,女,金卡,社群裂变,23,学生,北京,三口之家,否
C3725,男,普通,社群裂变,29,服务业,武汉,单身青年,否
C3726,男,普通,地推活动,39,企业职员,成都,二人世界,否
C3727,女,金卡,微信小程序,28,自由职业,北京,三口之家,否
C3728,男,普通,App自然注册,27,其他,武汉,多口之家,否
C3729,女,普通,App自然注册,46,全职主妇,武汉,二人世界,否
C3730,男,普通,外卖平台导流,22,互联网从业,上海,多口之家,否
C3731,男,银卡,微信小程序,37,全职主妇,深圳,单身青年,否
C3732,女,普通,线下扫码,43,互联网从业,上海,二人世界,否
C3733,男,银卡,微信小程序,47,企业职员,重庆,多口之家,否
C3734,男,普通,微信小程序,36,服务业,苏州,多口之家,否
C3735,女,普通,外卖平台导流,39,服务业,南京,多口之家,否
C3736,女,普通,外卖平台导流,41,其他,其他,银发族,否
C3737,女,普通,外卖平台导流,29,自由职业,苏州,单身青年,否
C3738,女,银卡,线下扫码,38,公务员,天津,单身青年,否
C3739,女,银卡,App自然注册,22,自由职业,成都,三口之家,否
C3740,男,银卡,App自然注册,45,学生,郑州,多口之家,否
C3741,男,普通,App自然注册,33,全职主妇,广州,银发族,否
C3742,女,金卡,App自然注册,46,服务业,西安,多口之家,是
C3743,女,普通,微信小程序,39,企业职员,杭州,单身青年,否
C3744,男,银卡,地推活动,29,企业职员,杭州,单身青年,否
C3745,男,黑金,App自然注册,26,企业职员,长沙,三口之家,是
C3746,女,普通,App自然注册,22,服务业,北京,二人世界,否
C3747,男,普通,App自然注册,31,互联网从业,其他,三口之家,否
C3748,女,黑金,微信小程序,39,学生,广州,多口之家,是
C3749,女,普通,社群裂变,30,其他,北京,三口之家,否
C3750,女,普通,微信小程序,26,企业职员,北京,多口之家,否
C3751,男,普通,微信小程序,39,互联网从业,上海,多口之家,否
C3752,女,金卡,App自然注册,43,企业职员,深圳,三口之家,否
C3753,男,金卡,线下扫码,30,服务业,天津,三口之家,是
C3754,男,银卡,微信小程序,29,公务员,青岛,多口之家,否
C3755,男,普通,线下扫码,34,企业职员,长沙,银发族,否
C3756,女,普通,外卖平台导流,27,企业职员,南京,银发族,否
C3757,男,黑金,社群裂变,38,服务业,深圳,三口之家,是
C3758,女,银卡,外卖平台导流,42,公务员,重庆,银发族,否
C3759,男,普通,社群裂变,22,学生,天津,三口之家,否
C3760,女,普通,线下扫码,48,企业职员,广州,多口之家,否
C3761,男,普通,App自然注册,31,全职主妇,上海,二人世界,否
C3762,男,普通,外卖平台导流,22,服务业,上海,多口之家,否
C3763,女,普通,微信小程序,22,全职主妇,广州,银发族,否
C3764,女,普通,线下扫码,37,服务业,深圳,三口之家,否
C3765,男,普通,社群裂变,35,互联网从业,杭州,单身青年,否
C3766,男,普通,微信小程序,22,全职主妇,广州,单身青年,否
C3767,男,银卡,App自然注册,38,公务员,深圳,多口之家,否
C3768,男,金卡,线下扫码,33,企业职员,上海,多口之家,是
C3769,男,普通,App自然注册,37,企业职员,上海,银发族,否
C3770,男,普通,线下扫码,38,企业职员,北京,三口之家,否
C3771,男,普通,微信小程序,27,互联网从业,成都,三口之家,否
C3772,女,银卡,微信小程序,45,企业职员,西安,单身青年,否
C3773,男,普通,微信小程序,41,互联网从业,武汉,二人世界,否
C3774,男,普通,微信小程序,30,服务业,苏州,二人世界,否
C3775,女,金卡,社群裂变,26,企业职员,成都,单身青年,是
C3776,男,银卡,外卖平台导流,23,全职主妇,其他,单身青年,否
C3777,女,金卡,线下扫码,38,企业职员,广州,三口之家,是
C3778,女,普通,外卖平台导流,39,互联网从业,深圳,三口之家,否
C3779,女,黑金,App自然注册,34,服务业,北京,三口之家,是
C3780,男,普通,App自然注册,31,企业职员,上海,多口之家,否
C3781,女,普通,线下扫码,22,其他,深圳,三口之家,否
C3782,女,普通,微信小程序,29,企业职员,北京,二人世界,否
C3783,男,普通,微信小程序,25,企业职员,南京,单身青年,否
C3784,女,银卡,线下扫码,35,学生,成都,三口之家,否
C3785,男,银卡,外卖平台导流,32,企业职员,广州,三口之家,否
C3786,女,普通,外卖平台导流,29,全职主妇,上海,三口之家,否
C3787,女,普通,地推活动,44,企业职员,北京,三口之家,否
C3788,女,普通,社群裂变,43,学生,西安,多口之家,否
C3789,女,普通,App自然注册,38,企业职员,深圳,二人世界,否
C3790,女,普通,App自然注册,41,企业职员,深圳,三口之家,否
C3791,女,普通,线下扫码,48,企业职员,其他,三口之家,否
C3792,男,普通,微信小程序,39,学生,其他,多口之家,否
C3793,女,普通,App自然注册,27,企业职员,成都,三口之家,否
C3794,女,普通,线下扫码,23,企业职员,杭州,三口之家,否
C3795,女,普通,App自然注册,37,服务业,北京,三口之家,否
C3796,女,银卡,App自然注册,26,企业职员,深圳,二人世界,否
C3797,男,普通,App自然注册,27,企业职员,北京,多口之家,否
C3798,男,金卡,微信小程序,36,学生,广州,二人世界,是
C3799,男,银卡,外卖平台导流,30,全职主妇,上海,三口之家,否
C3800,男,普通,App自然注册,32,全职主妇,其他,单身青年,否
C3801,男,普通,社群裂变,28,企业职员,成都,三口之家,否
C3802,女,普通,App自然注册,28,企业职员,北京,多口之家,否
C3803,女,黑金,微信小程序,48,全职主妇,天津,三口之家,是
C3804,男,黑金,App自然注册,31,自由职业,广州,银发族,是
C3805,女,普通,微信小程序,31,全职主妇,上海,三口之家,否
C3806,男,银卡,App自然注册,26,服务业,杭州,单身青年,否
C3807,男,银卡,App自然注册,38,学生,其他,单身青年,否
C3808,男,普通,社群裂变,25,服务业,杭州,多口之家,否
C3809,女,普通,线下扫码,44,公务员,成都,银发族,否
C3810,男,普通,App自然注册,36,互联网从业,郑州,三口之家,否
C3811,男,金卡,App自然注册,35,学生,北京,二人世界,否
C3812,男,银卡,地推活动,35,自由职业,成都,三口之家,否
C3813,男,金卡,微信小程序,37,企业职员,青岛,二人世界,是
C3814,男,普通,微信小程序,44,互联网从业,南京,单身青年,否
C3815,女,普通,App自然注册,37,其他,广州,银发族,否
C3816,女,普通,微信小程序,32,企业职员,深圳,二人世界,否
C3817,女,普通,地推活动,38,全职主妇,苏州,银发族,否
C3818,女,银卡,地推活动,38,企业职员,北京,多口之家,否
C3819,女,普通,外卖平台导流,31,自由职业,深圳,银发族,否
C3820,女,普通,外卖平台导流,28,全职主妇,郑州,单身青年,否
C3821,女,普通,外卖平台导流,35,企业职员,南京,单身青年,否
C3822,男,普通,App自然注册,47,服务业,杭州,多口之家,否
C3823,男,普通,微信小程序,37,企业职员,杭州,三口之家,否
C3824,男,普通,微信小程序,36,企业职员,北京,单身青年,否
C3825,男,普通,微信小程序,47,企业职员,长沙,银发族,否
C3826,男,普通,App自然注册,42,企业职员,青岛,三口之家,否
C3827,女,普通,社群裂变,38,学生,苏州,三口之家,否
C3828,女,金卡,微信小程序,42,其他,上海,二人世界,是
C3829,男,普通,微信小程序,33,互联网从业,广州,多口之家,否
C3830,男,银卡,线下扫码,23,公务员,上海,三口之家,否
C3831,女,普通,App自然注册,37,全职主妇,苏州,单身青年,否
C3832,男,银卡,外卖平台导流,38,企业职员,深圳,三口之家,否
C3833,女,普通,微信小程序,35,其他,天津,单身青年,否
C3834,女,银卡,微信小程序,43,互联网从业,北京,单身青年,否
C3835,女,普通,App自然注册,48,企业职员,天津,多口之家,否
C3836,女,普通,线下扫码,28,企业职员,上海,单身青年,否
C3837,女,普通,微信小程序,31,学生,深圳,银发族,否
C3838,女,普通,App自然注册,38,其他,其他,单身青年,否
C3839,男,普通,线下扫码,38,自由职业,其他,银发族,否
C3840,女,金卡,App自然注册,35,学生,苏州,三口之家,是
C3841,男,黑金,微信小程序,30,服务业,上海,三口之家,是
C3842,女,银卡,App自然注册,42,全职主妇,北京,二人世界,否
C3843,女,普通,外卖平台导流,33,公务员,南京,二人世界,否
C3844,男,普通,App自然注册,35,学生,上海,三口之家,否
C3845,男,银卡,线下扫码,45,全职主妇,成都,二人世界,否
C3846,女,黑金,社群裂变,40,服务业,深圳,单身青年,是
C3847,女,普通,App自然注册,36,企业职员,上海,单身青年,否
C3848,女,普通,微信小程序,43,公务员,北京,多口之家,否
C3849,男,银卡,微信小程序,36,互联网从业,苏州,多口之家,否
C3850,女,普通,地推活动,39,全职主妇,郑州,多口之家,否
C3851,女,黑金,线下扫码,40,企业职员,成都,单身青年,是
C3852,男,银卡,线下扫码,36,全职主妇,成都,单身青年,否
C3853,男,银卡,社群裂变,23,自由职业,郑州,二人世界,否
C3854,男,银卡,社群裂变,33,自由职业,上海,银发族,否
C3855,女,普通,微信小程序,33,企业职员,北京,二人世界,否
C3856,女,普通,线下扫码,34,全职主妇,上海,二人世界,否
C3857,男,普通,外卖平台导流,26,企业职员,南京,多口之家,否
C3858,男,银卡,社群裂变,42,服务业,杭州,单身青年,否
C3859,女,普通,微信小程序,34,互联网从业,杭州,三口之家,否
C3860,男,普通,社群裂变,30,学生,深圳,银发族,否
C3861,女,普通,App自然注册,39,全职主妇,武汉,单身青年,否
C3862,男,普通,微信小程序,37,自由职业,成都,三口之家,否
C3863,男,银卡,线下扫码,41,公务员,重庆,单身青年,否
C3864,女,银卡,App自然注册,32,互联网从业,其他,三口之家,否
C3865,男,普通,社群裂变,37,互联网从业,郑州,二人世界,否
C3866,男,普通,微信小程序,34,全职主妇,青岛,三口之家,否
C3867,男,普通,App自然注册,46,学生,上海,银发族,否
C3868,男,普通,社群裂变,47,全职主妇,深圳,银发族,否
C3869,女,普通,微信小程序,36,服务业,武汉,多口之家,否
C3870,女,银卡,微信小程序,33,企业职员,郑州,三口之家,否
C3871,女,银卡,App自然注册,28,自由职业,天津,三口之家,否
C3872,男,普通,微信小程序,45,企业职员,西安,单身青年,否
C3873,男,普通,App自然注册,35,公务员,郑州,多口之家,否
C3874,女,普通,线下扫码,34,互联网从业,深圳,二人世界,否
C3875,女,普通,社群裂变,40,自由职业,北京,单身青年,否
C3876,男,银卡,微信小程序,46,企业职员,成都,三口之家,否
C3877,女,普通,外卖平台导流,44,企业职员,成都,单身青年,否
C3878,女,普通,社群裂变,45,企业职员,北京,单身青年,否
C3879,女,银卡,微信小程序,30,自由职业,苏州,三口之家,否
C3880,男,普通,社群裂变,44,互联网从业,其他,银发族,否
C3881,女,普通,微信小程序,35,全职主妇,西安,多口之家,否
C3882,女,普通,微信小程序,31,互联网从业,深圳,三口之家,否
C3883,男,银卡,微信小程序,36,其他,重庆,三口之家,否
C3884,男,银卡,社群裂变,36,企业职员,广州,二人世界,否
C3885,男,银卡,线下扫码,31,互联网从业,苏州,三口之家,否
C3886,男,黑金,App自然注册,47,全职主妇,成都,银发族,是
C3887,女,普通,社群裂变,31,企业职员,重庆,多口之家,否
C3888,女,银卡,线下扫码,24,企业职员,天津,单身青年,否
C3889,女,普通,社群裂变,32,全职主妇,西安,单身青年,否
C3890,男,普通,线下扫码,43,全职主妇,南京,三口之家,否
C3891,男,银卡,社群裂变,44,互联网从业,苏州,二人世界,否
C3892,男,普通,外卖平台导流,43,企业职员,重庆,多口之家,否
C3893,女,普通,地推活动,41,服务业,广州,三口之家,否
C3894,女,银卡,微信小程序,32,企业职员,广州,单身青年,否
C3895,女,银卡,微信小程序,24,全职主妇,上海,银发族,否
C3896,女,普通,线下扫码,47,企业职员,重庆,单身青年,否
C3897,女,普通,微信小程序,36,全职主妇,重庆,单身青年,否
C3898,女,普通,社群裂变,48,互联网从业,郑州,银发族,否
C3899,男,普通,外卖平台导流,28,学生,西安,银发族,否
C3900,男,普通,外卖平台导流,26,其他,北京,二人世界,否
C3901,女,普通,微信小程序,33,全职主妇,北京,三口之家,否
C3902,女,银卡,App自然注册,33,全职主妇,武汉,单身青年,否
C3903,女,普通,App自然注册,31,企业职员,南京,单身青年,否
C3904,女,普通,App自然注册,41,互联网从业,广州,单身青年,否
C3905,男,普通,微信小程序,26,企业职员,成都,单身青年,否
C3906,女,银卡,线下扫码,37,企业职员,北京,三口之家,否
C3907,男,普通,外卖平台导流,34,自由职业,南京,二人世界,否
C3908,男,金卡,线下扫码,34,服务业,其他,三口之家,否
C3909,男,银卡,微信小程序,34,学生,深圳,三口之家,否
C3910,女,普通,微信小程序,22,企业职员,上海,二人世界,否
C3911,男,普通,微信小程序,43,服务业,北京,二人世界,否
C3912,男,普通,地推活动,24,学生,南京,三口之家,否
C3913,女,银卡,线下扫码,30,学生,其他,银发族,否
C3914,男,普通,微信小程序,37,全职主妇,青岛,二人世界,否
C3915,女,银卡,App自然注册,24,企业职员,重庆,单身青年,否
C3916,女,普通,App自然注册,37,企业职员,上海,二人世界,否
C3917,女,普通,App自然注册,33,互联网从业,深圳,银发族,否
C3918,男,金卡,线下扫码,40,全职主妇,天津,二人世界,是
C3919,女,金卡,社群裂变,22,自由职业,广州,三口之家,否
C3920,男,银卡,App自然注册,33,互联网从业,北京,单身青年,否
C3921,男,普通,微信小程序,42,自由职业,天津,三口之家,否
C3922,男,普通,微信小程序,38,企业职员,北京,三口之家,否
C3923,男,普通,线下扫码,38,互联网从业,南京,三口之家,否
C3924,女,普通,外卖平台导流,41,互联网从业,苏州,单身青年,否
C3925,女,普通,外卖平台导流,39,企业职员,青岛,二人世界,否
C3926,女,银卡,社群裂变,32,互联网从业,北京,三口之家,否
C3927,男,普通,外卖平台导流,32,企业职员,天津,银发族,否
C3928,女,银卡,地推活动,38,自由职业,武汉,单身青年,否
C3929,女,金卡,App自然注册,39,互联网从业,青岛,单身青年,是
C3930,男,普通,社群裂变,33,互联网从业,苏州,多口之家,否
C3931,女,普通,外卖平台导流,38,企业职员,成都,三口之家,否
C3932,男,普通,线下扫码,22,全职主妇,其他,三口之家,否
C3933,女,普通,外卖平台导流,38,学生,长沙,二人世界,否
C3934,男,普通,社群裂变,40,全职主妇,广州,多口之家,否
C3935,男,普通,社群裂变,36,互联网从业,南京,单身青年,否
C3936,女,银卡,线下扫码,33,自由职业,苏州,三口之家,否
C3937,女,银卡,社群裂变,37,全职主妇,天津,三口之家,否
C3938,男,普通,社群裂变,40,学生,苏州,多口之家,否
C3939,女,银卡,微信小程序,35,互联网从业,重庆,单身青年,否
C3940,男,普通,外卖平台导流,38,全职主妇,南京,二人世界,否
C3941,男,普通,社群裂变,35,公务员,重庆,二人世界,否
C3942,女,普通,App自然注册,24,服务业,武汉,单身青年,否
C3943,女,普通,社群裂变,27,企业职员,广州,银发族,否
C3944,男,银卡,外卖平台导流,32,服务业,深圳,二人世界,否
C3945,男,普通,社群裂变,38,企业职员,其他,单身青年,否
C3946,女,普通,App自然注册,40,企业职员,广州,单身青年,否
C3947,女,普通,线下扫码,34,企业职员,北京,三口之家,否
C3948,男,普通,App自然注册,29,企业职员,长沙,多口之家,否
C3949,女,普通,微信小程序,29,其他,其他,银发族,否
C3950,女,普通,App自然注册,40,互联网从业,上海,多口之家,否
C3951,女,普通,微信小程序,47,企业职员,上海,三口之家,否
C3952,女,普通,微信小程序,29,全职主妇,成都,三口之家,否
C3953,女,银卡,微信小程序,34,服务业,成都,二人世界,否
C3954,男,金卡,微信小程序,48,企业职员,杭州,多口之家,是
C3955,男,普通,外卖平台导流,30,互联网从业,杭州,三口之家,否
C3956,女,普通,App自然注册,30,全职主妇,深圳,三口之家,否
C3957,女,普通,微信小程序,48,企业职员,其他,三口之家,否
C3958,男,普通,外卖平台导流,48,企业职员,上海,三口之家,否
C3959,女,金卡,微信小程序,33,服务业,北京,三口之家,是
C3960,女,银卡,线下扫码,42,全职主妇,深圳,三口之家,否
C3961,男,银卡,线下扫码,34,学生,长沙,银发族,否
C3962,男,普通,App自然注册,27,服务业,南京,多口之家,否
C3963,男,银卡,App自然注册,26,服务业,武汉,多口之家,否
C3964,男,银卡,线下扫码,23,全职主妇,天津,银发族,否
C3965,男,普通,线下扫码,32,其他,重庆,多口之家,否
C3966,女,普通,线下扫码,39,互联网从业,深圳,三口之家,否
C3967,女,普通,微信小程序,34,其他,重庆,三口之家,否
C3968,女,普通,微信小程序,26,其他,广州,银发族,否
C3969,女,普通,App自然注册,41,企业职员,北京,多口之家,否
C3970,男,普通,微信小程序,43,企业职员,武汉,三口之家,否
C3971,女,普通,社群裂变,29,全职主妇,西安,二人世界,否
C3972,女,普通,外卖平台导流,47,服务业,北京,三口之家,否
C3973,女,普通,App自然注册,24,其他,成都,多口之家,否
C3974,男,普通,外卖平台导流,22,企业职员,西安,三口之家,否
C3975,女,普通,App自然注册,22,全职主妇,成都,二人世界,否
C3976,女,普通,App自然注册,29,企业职员,郑州,三口之家,否
C3977,女,银卡,App自然注册,24,服务业,北京,单身青年,否
C3978,女,银卡,外卖平台导流,35,服务业,苏州,银发族,否
C3979,女,银卡,App自然注册,48,自由职业,西安,多口之家,否
C3980,男,普通,微信小程序,25,公务员,北京,二人世界,否
C3981,女,银卡,外卖平台导流,36,学生,青岛,单身青年,否
C3982,女,普通,App自然注册,37,互联网从业,杭州,二人世界,否
C3983,女,普通,线下扫码,25,其他,武汉,多口之家,否
C3984,男,普通,社群裂变,26,全职主妇,南京,三口之家,否
C3985,男,普通,App自然注册,37,服务业,天津,单身青年,否
C3986,男,黑金,App自然注册,32,全职主妇,广州,二人世界,是
C3987,女,普通,社群裂变,43,自由职业,成都,三口之家,否
C3988,男,普通,线下扫码,35,其他,郑州,多口之家,否
C3989,女,普通,微信小程序,43,其他,南京,三口之家,否
C3990,男,普通,线下扫码,42,企业职员,武汉,单身青年,否
C3991,男,普通,外卖平台导流,37,自由职业,上海,单身青年,否
C3992,男,普通,外卖平台导流,44,企业职员,苏州,单身青年,否
C3993,女,普通,线下扫码,27,企业职员,上海,单身青年,否
C3994,男,普通,微信小程序,30,学生,杭州,多口之家,否
C3995,女,银卡,地推活动,46,自由职业,上海,单身青年,否
C3996,男,金卡,App自然注册,43,自由职业,深圳,三口之家,否
C3997,女,银卡,微信小程序,36,全职主妇,深圳,二人世界,否
C3998,男,普通,线下扫码,41,互联网从业,南京,二人世界,否
C3999,男,普通,微信小程序,34,自由职业,北京,单身青年,否
C4000,男,普通,微信小程序,25,企业职员,南京,三口之家,否
C4001,男,普通,App自然注册,30,全职主妇,重庆,二人世界,否
C4002,男,普通,微信小程序,34,企业职员,天津,单身青年,否
C4003,男,普通,App自然注册,40,其他,南京,二人世界,否
C4004,女,普通,App自然注册,29,互联网从业,苏州,三口之家,否
C4005,男,银卡,地推活动,38,互联网从业,西安,银发族,否
C4006,女,普通,微信小程序,22,互联网从业,成都,多口之家,否
C4007,男,银卡,线下扫码,31,公务员,深圳,二人世界,否
C4008,女,银卡,微信小程序,32,企业职员,杭州,多口之家,否
C4009,男,普通,社群裂变,37,服务业,南京,单身青年,否
C4010,男,普通,App自然注册,36,企业职员,上海,多口之家,否
C4011,男,银卡,外卖平台导流,33,互联网从业,广州,三口之家,否
C4012,女,普通,微信小程序,40,自由职业,其他,单身青年,否
C4013,女,普通,地推活动,38,互联网从业,上海,单身青年,否
C4014,男,普通,外卖平台导流,24,互联网从业,深圳,三口之家,否
C4015,女,银卡,地推活动,37,互联网从业,深圳,多口之家,否
C4016,女,普通,线下扫码,33,企业职员,成都,三口之家,否
C4017,男,普通,微信小程序,31,企业职员,北京,三口之家,否
C4018,女,普通,App自然注册,36,服务业,其他,三口之家,否
C4019,女,普通,微信小程序,22,企业职员,其他,二人世界,否
C4020,女,普通,App自然注册,32,公务员,成都,单身青年,否
C4021,女,普通,微信小程序,25,服务业,其他,多口之家,否
C4022,男,普通,App自然注册,35,公务员,苏州,三口之家,否
C4023,女,银卡,线下扫码,30,全职主妇,郑州,三口之家,否
C4024,女,普通,App自然注册,34,服务业,深圳,多口之家,否
C4025,男,普通,线下扫码,22,公务员,青岛,单身青年,否
C4026,女,普通,社群裂变,45,企业职员,武汉,二人世界,否
C4027,男,金卡,微信小程序,33,其他,郑州,单身青年,否
C4028,女,普通,地推活动,25,互联网从业,北京,银发族,否
C4029,女,金卡,微信小程序,46,企业职员,郑州,三口之家,否
C4030,男,银卡,线下扫码,35,全职主妇,武汉,二人世界,否
C4031,男,普通,App自然注册,29,企业职员,南京,单身青年,否
C4032,男,金卡,线下扫码,34,自由职业,苏州,三口之家,是
C4033,女,银卡,App自然注册,25,公务员,武汉,三口之家,否
C4034,男,普通,App自然注册,43,公务员,上海,多口之家,否
C4035,女,普通,地推活动,40,学生,长沙,多口之家,否
C4036,男,银卡,微信小程序,30,企业职员,其他,三口之家,否
C4037,男,普通,微信小程序,22,服务业,北京,三口之家,否
C4038,女,银卡,微信小程序,42,企业职员,上海,多口之家,否
C4039,女,金卡,App自然注册,37,学生,郑州,二人世界,是
C4040,女,普通,外卖平台导流,29,自由职业,杭州,单身青年,否
C4041,男,普通,微信小程序,31,企业职员,西安,三口之家,否
C4042,男,普通,线下扫码,29,全职主妇,天津,三口之家,否
C4043,男,普通,App自然注册,41,互联网从业,苏州,三口之家,否
C4044,男,普通,微信小程序,44,互联网从业,杭州,银发族,否
C4045,女,普通,外卖平台导流,25,全职主妇,上海,三口之家,否
C4046,女,金卡,App自然注册,38,企业职员,南京,二人世界,是
C4047,男,普通,微信小程序,22,互联网从业,郑州,三口之家,否
C4048,男,金卡,App自然注册,40,全职主妇,北京,银发族,是
C4049,女,银卡,App自然注册,34,企业职员,郑州,三口之家,否
C4050,男,普通,微信小程序,30,其他,天津,三口之家,否
C4051,男,普通,社群裂变,39,企业职员,苏州,多口之家,否
C4052,女,银卡,微信小程序,34,企业职员,重庆,二人世界,否
C4053,男,普通,社群裂变,46,企业职员,北京,二人世界,否
C4054,女,普通,社群裂变,32,全职主妇,杭州,单身青年,否
C4055,女,普通,外卖平台导流,32,自由职业,青岛,三口之家,否
C4056,男,普通,App自然注册,33,互联网从业,广州,单身青年,否
C4057,女,普通,社群裂变,28,自由职业,深圳,三口之家,否
C4058,女,普通,微信小程序,35,互联网从业,成都,多口之家,否
C4059,女,普通,App自然注册,24,企业职员,其他,二人世界,否
C4060,男,普通,外卖平台导流,38,企业职员,北京,单身青年,否
C4061,女,普通,微信小程序,36,企业职员,上海,三口之家,否
C4062,女,普通,微信小程序,37,全职主妇,长沙,三口之家,否
C4063,女,普通,社群裂变,36,学生,杭州,三口之家,否
C4064,男,普通,微信小程序,29,自由职业,上海,银发族,否
C4065,男,普通,App自然注册,30,公务员,北京,三口之家,否
C4066,女,银卡,线下扫码,29,互联网从业,其他,多口之家,否
C4067,女,普通,App自然注册,26,企业职员,长沙,三口之家,否
C4068,女,普通,微信小程序,32,全职主妇,上海,二人世界,否
C4069,男,普通,App自然注册,45,全职主妇,杭州,单身青年,否
C4070,男,普通,线下扫码,33,企业职员,上海,单身青年,否
C4071,女,银卡,微信小程序,29,公务员,青岛,三口之家,否
C4072,女,普通,地推活动,34,企业职员,北京,二人世界,否
C4073,男,银卡,社群裂变,48,企业职员,北京,单身青年,否
C4074,女,金卡,线下扫码,28,其他,北京,三口之家,是
C4075,女,普通,线下扫码,34,企业职员,郑州,多口之家,否
C4076,女,普通,App自然注册,29,全职主妇,西安,二人世界,否
C4077,男,普通,外卖平台导流,40,全职主妇,重庆,三口之家,否
C4078,女,金卡,微信小程序,33,其他,长沙,单身青年,是
C4079,女,普通,微信小程序,38,企业职员,广州,单身青年,否
C4080,女,普通,线下扫码,40,全职主妇,深圳,多口之家,否
C4081,女,普通,外卖平台导流,37,全职主妇,武汉,二人世界,否
C4082,女,银卡,微信小程序,33,企业职员,天津,单身青年,否
C4083,女,普通,线下扫码,39,企业职员,北京,三口之家,否
C4084,女,银卡,App自然注册,29,企业职员,西安,三口之家,否
C4085,女,黑金,社群裂变,35,服务业,武汉,三口之家,是
C4086,男,普通,App自然注册,24,其他,南京,多口之家,否
C4087,女,普通,线下扫码,30,其他,深圳,三口之家,否
C4088,女,普通,线下扫码,40,全职主妇,苏州,单身青年,否
C4089,男,普通,外卖平台导流,24,企业职员,上海,银发族,否
C4090,女,普通,线下扫码,39,自由职业,上海,单身青年,否
C4091,女,金卡,App自然注册,32,企业职员,重庆,三口之家,否
C4092,女,金卡,线下扫码,30,自由职业,武汉,二人世界,否
C4093,男,普通,社群裂变,36,自由职业,上海,三口之家,否
C4094,女,金卡,微信小程序,47,互联网从业,其他,单身青年,是
C4095,女,普通,微信小程序,32,学生,青岛,三口之家,否
C4096,男,普通,微信小程序,44,互联网从业,青岛,三口之家,否
C4097,女,普通,App自然注册,37,企业职员,杭州,二人世界,否
C4098,女,银卡,地推活动,39,互联网从业,西安,三口之家,否
C4099,男,普通,外卖平台导流,28,互联网从业,杭州,二人世界,否
C4100,女,黑金,外卖平台导流,30,公务员,南京,多口之家,是
C4101,男,普通,App自然注册,22,企业职员,重庆,三口之家,否
C4102,男,银卡,微信小程序,36,全职主妇,上海,单身青年,否
C4103,女,普通,微信小程序,27,服务业,西安,单身青年,否
C4104,男,普通,App自然注册,32,企业职员,苏州,多口之家,否
C4105,女,普通,微信小程序,32,全职主妇,其他,三口之家,否
C4106,男,银卡,微信小程序,34,自由职业,上海,多口之家,否
C4107,女,普通,线下扫码,31,企业职员,天津,三口之家,否
C4108,男,金卡,微信小程序,38,企业职员,北京,二人世界,是
C4109,女,普通,外卖平台导流,33,自由职业,上海,多口之家,否
C4110,女,金卡,外卖平台导流,36,互联网从业,武汉,二人世界,是
C4111,女,普通,线下扫码,42,自由职业,重庆,多口之家,否
C4112,男,普通,App自然注册,37,互联网从业,长沙,银发族,否
C4113,男,普通,线下扫码,36,企业职员,重庆,三口之家,否
C4114,女,金卡,微信小程序,39,企业职员,南京,单身青年,是
C4115,女,银卡,线下扫码,31,企业职员,其他,三口之家,否
C4116,女,普通,线下扫码,34,自由职业,长沙,三口之家,否
C4117,女,金卡,微信小程序,30,企业职员,上海,多口之家,否
C4118,男,普通,线下扫码,34,互联网从业,广州,二人世界,否
C4119,女,普通,线下扫码,37,全职主妇,重庆,银发族,否
C4120,男,金卡,线下扫码,37,全职主妇,长沙,三口之家,是
C4121,男,普通,线下扫码,39,公务员,广州,三口之家,否
C4122,男,银卡,外卖平台导流,38,企业职员,天津,单身青年,否
C4123,女,普通,线下扫码,29,全职主妇,郑州,三口之家,否
C4124,男,普通,线下扫码,30,自由职业,武汉,二人世界,否
C4125,男,普通,社群裂变,39,公务员,上海,多口之家,否
C4126,女,黑金,微信小程序,32,学生,杭州,二人世界,是
C4127,女,普通,App自然注册,30,全职主妇,苏州,银发族,否
C4128,男,普通,App自然注册,43,互联网从业,深圳,多口之家,否
C4129,男,普通,App自然注册,42,企业职员,武汉,三口之家,否
C4130,女,普通,社群裂变,32,互联网从业,北京,二人世界,否
C4131,男,银卡,外卖平台导流,46,自由职业,其他,三口之家,否
C4132,男,普通,微信小程序,33,学生,上海,三口之家,否
C4133,男,普通,微信小程序,31,互联网从业,苏州,三口之家,否
C4134,女,金卡,App自然注册,27,全职主妇,重庆,二人世界,否
C4135,女,普通,微信小程序,28,公务员,杭州,三口之家,否
C4136,男,银卡,App自然注册,39,互联网从业,上海,单身青年,否
C4137,女,普通,微信小程序,40,互联网从业,郑州,三口之家,否
C4138,女,银卡,微信小程序,33,服务业,西安,银发族,否
C4139,女,银卡,线下扫码,36,自由职业,杭州,三口之家,否
C4140,女,普通,App自然注册,43,公务员,苏州,二人世界,否
C4141,男,银卡,线下扫码,27,企业职员,深圳,多口之家,否
C4142,女,金卡,微信小程序,32,互联网从业,杭州,三口之家,是
C4143,女,普通,线下扫码,41,自由职业,上海,单身青年,否
C4144,男,普通,外卖平台导流,22,服务业,上海,二人世界,否
C4145,男,黑金,App自然注册,27,自由职业,北京,二人世界,是
C4146,女,普通,社群裂变,37,企业职员,其他,二人世界,否
C4147,男,银卡,外卖平台导流,29,全职主妇,广州,三口之家,否
C4148,女,普通,外卖平台导流,25,学生,其他,多口之家,否
C4149,女,普通,微信小程序,30,公务员,北京,三口之家,否
C4150,男,普通,App自然注册,43,企业职员,深圳,三口之家,否
C4151,男,银卡,App自然注册,35,互联网从业,北京,三口之家,否
C4152,女,银卡,App自然注册,27,其他,苏州,单身青年,否
C4153,女,银卡,社群裂变,35,服务业,武汉,单身青年,否
C4154,女,普通,微信小程序,44,服务业,西安,三口之家,否
C4155,男,金卡,社群裂变,22,互联网从业,其他,二人世界,是
C4156,女,普通,App自然注册,24,企业职员,广州,多口之家,否
C4157,女,普通,微信小程序,38,互联网从业,北京,银发族,否
C4158,男,普通,外卖平台导流,24,企业职员,北京,二人世界,否
C4159,女,普通,线下扫码,28,企业职员,武汉,二人世界,否
C4160,女,普通,外卖平台导流,38,公务员,成都,多口之家,否
C4161,男,银卡,地推活动,33,服务业,深圳,三口之家,否
C4162,男,银卡,App自然注册,34,互联网从业,深圳,三口之家,否
C4163,男,普通,社群裂变,37,企业职员,北京,二人世界,否
C4164,女,普通,App自然注册,31,服务业,天津,三口之家,否
C4165,女,普通,App自然注册,35,企业职员,长沙,单身青年,否
C4166,女,普通,外卖平台导流,26,服务业,武汉,多口之家,否
C4167,女,普通,微信小程序,27,公务员,其他,单身青年,否
C4168,女,普通,地推活动,48,公务员,南京,三口之家,否
C4169,男,银卡,线下扫码,42,企业职员,武汉,三口之家,否
C4170,男,普通,微信小程序,26,自由职业,成都,多口之家,否
C4171,男,普通,App自然注册,37,自由职业,深圳,多口之家,否
C4172,男,普通,外卖平台导流,38,服务业,南京,三口之家,否
C4173,男,普通,社群裂变,22,其他,成都,多口之家,否
C4174,男,金卡,微信小程序,34,自由职业,郑州,三口之家,是
C4175,女,普通,App自然注册,37,学生,北京,银发族,否
C4176,男,普通,微信小程序,37,全职主妇,杭州,单身青年,否
C4177,女,普通,线下扫码,38,企业职员,西安,银发族,否
C4178,男,银卡,App自然注册,33,自由职业,成都,银发族,否
C4179,女,普通,微信小程序,40,服务业,深圳,二人世界,否
C4180,男,金卡,线下扫码,40,学生,广州,二人世界,否
C4181,男,普通,App自然注册,43,互联网从业,南京,多口之家,否
C4182,男,普通,App自然注册,28,其他,天津,多口之家,否
C4183,男,普通,线下扫码,34,全职主妇,长沙,单身青年,否
C4184,女,银卡,App自然注册,33,全职主妇,深圳,二人世界,否
C4185,男,普通,线下扫码,31,其他,其他,二人世界,否
C4186,女,普通,微信小程序,41,互联网从业,北京,单身青年,否
C4187,男,普通,App自然注册,34,服务业,广州,单身青年,否
C4188,女,普通,地推活动,25,学生,北京,三口之家,否
C4189,男,银卡,App自然注册,30,自由职业,其他,多口之家,否
C4190,女,银卡,地推活动,37,全职主妇,其他,单身青年,否
C4191,女,普通,外卖平台导流,30,企业职员,成都,三口之家,否
C4192,男,普通,微信小程序,42,公务员,深圳,单身青年,否
C4193,男,普通,微信小程序,42,互联网从业,重庆,二人世界,否
C4194,男,金卡,App自然注册,34,公务员,深圳,银发族,否
C4195,女,普通,外卖平台导流,33,互联网从业,广州,三口之家,否
C4196,男,普通,App自然注册,39,互联网从业,广州,三口之家,否
C4197,女,黑金,社群裂变,41,学生,西安,三口之家,是
C4198,男,普通,外卖平台导流,43,学生,杭州,三口之家,否
C4199,女,普通,线下扫码,48,学生,北京,三口之家,否
C4200,男,普通,微信小程序,31,互联网从业,北京,单身青年,否
C4201,男,金卡,社群裂变,23,企业职员,杭州,二人世界,否
C4202,男,普通,微信小程序,32,公务员,北京,三口之家,否
C4203,女,普通,线下扫码,26,互联网从业,广州,三口之家,否
C4204,男,普通,微信小程序,28,企业职员,天津,单身青年,否
C4205,女,普通,App自然注册,36,全职主妇,杭州,银发族,否
C4206,女,普通,地推活动,31,其他,上海,单身青年,否
C4207,女,普通,线下扫码,41,企业职员,重庆,二人世界,否
C4208,男,普通,线下扫码,48,企业职员,北京,三口之家,否
C4209,男,普通,线下扫码,32,全职主妇,北京,三口之家,否
C4210,男,银卡,App自然注册,39,互联网从业,南京,三口之家,否
C4211,男,普通,线下扫码,48,公务员,武汉,二人世界,否
C4212,男,普通,微信小程序,41,全职主妇,天津,三口之家,否
C4213,男,普通,微信小程序,29,其他,深圳,三口之家,否
C4214,女,普通,线下扫码,32,全职主妇,天津,多口之家,否
C4215,女,普通,外卖平台导流,41,全职主妇,北京,三口之家,否
C4216,女,金卡,线下扫码,34,互联网从业,上海,单身青年,是
C4217,男,普通,App自然注册,38,全职主妇,其他,三口之家,否
C4218,女,普通,App自然注册,39,学生,长沙,三口之家,否
C4219,男,普通,App自然注册,35,互联网从业,苏州,单身青年,否
C4220,男,银卡,社群裂变,31,企业职员,上海,银发族,否
C4221,男,普通,App自然注册,42,服务业,上海,三口之家,否
C4222,女,金卡,App自然注册,25,公务员,南京,银发族,否
C4223,男,普通,App自然注册,23,企业职员,西安,单身青年,否
C4224,男,普通,社群裂变,37,全职主妇,西安,二人世界,否
C4225,男,普通,外卖平台导流,34,企业职员,苏州,多口之家,否
C4226,女,金卡,App自然注册,34,企业职员,其他,单身青年,否
C4227,男,普通,微信小程序,27,企业职员,苏州,三口之家,否
C4228,女,普通,线下扫码,31,全职主妇,郑州,三口之家,否
C4229,男,普通,App自然注册,36,公务员,天津,三口之家,否
C4230,男,银卡,微信小程序,35,互联网从业,武汉,三口之家,否
C4231,男,普通,外卖平台导流,33,互联网从业,杭州,三口之家,否
C4232,男,普通,线下扫码,30,全职主妇,广州,二人世界,否
C4233,女,普通,线下扫码,33,互联网从业,重庆,单身青年,否
C4234,男,银卡,社群裂变,31,互联网从业,成都,单身青年,否
C4235,女,普通,App自然注册,35,自由职业,成都,三口之家,否
C4236,女,普通,微信小程序,29,企业职员,广州,银发族,否
C4237,男,普通,微信小程序,41,企业职员,深圳,多口之家,否
C4238,男,普通,线下扫码,39,企业职员,杭州,多口之家,否
C4239,女,普通,微信小程序,28,企业职员,成都,三口之家,否
C4240,女,银卡,外卖平台导流,28,自由职业,北京,单身青年,否
C4241,男,普通,App自然注册,29,企业职员,北京,多口之家,否
C4242,女,普通,App自然注册,29,全职主妇,深圳,三口之家,否
C4243,男,普通,微信小程序,44,服务业,杭州,多口之家,否
C4244,男,银卡,微信小程序,35,企业职员,苏州,单身青年,否
C4245,女,普通,外卖平台导流,34,企业职员,成都,二人世界,否
C4246,女,普通,微信小程序,45,公务员,武汉,二人世界,否
C4247,男,普通,线下扫码,42,企业职员,上海,三口之家,否
C4248,男,普通,微信小程序,41,企业职员,北京,二人世界,否
C4249,男,普通,社群裂变,22,全职主妇,上海,银发族,否
C4250,女,普通,App自然注册,27,其他,西安,单身青年,否
C4251,男,银卡,微信小程序,36,互联网从业,其他,多口之家,否
C4252,男,普通,外卖平台导流,28,全职主妇,上海,银发族,否
C4253,女,银卡,线下扫码,24,服务业,北京,银发族,否
C4254,女,普通,外卖平台导流,41,自由职业,苏州,单身青年,否
C4255,男,普通,微信小程序,34,服务业,南京,二人世界,否
C4256,女,普通,微信小程序,48,企业职员,深圳,单身青年,否
C4257,女,普通,微信小程序,28,学生,天津,二人世界,否
C4258,女,银卡,App自然注册,36,企业职员,其他,银发族,否
C4259,男,银卡,线下扫码,25,企业职员,武汉,多口之家,否
C4260,男,银卡,微信小程序,45,企业职员,重庆,二人世界,否
C4261,女,普通,微信小程序,33,服务业,武汉,三口之家,否
C4262,男,普通,线下扫码,29,企业职员,西安,三口之家,否
C4263,男,银卡,微信小程序,26,企业职员,北京,银发族,否
C4264,男,普通,微信小程序,31,服务业,北京,三口之家,否
C4265,男,普通,线下扫码,44,全职主妇,南京,二人世界,否
C4266,男,普通,线下扫码,48,自由职业,杭州,银发族,否
C4267,女,银卡,微信小程序,30,服务业,重庆,二人世界,否
C4268,男,普通,微信小程序,25,企业职员,长沙,三口之家,否
C4269,男,银卡,微信小程序,44,企业职员,其他,三口之家,否
C4270,男,普通,微信小程序,24,其他,武汉,三口之家,否
C4271,男,普通,App自然注册,45,全职主妇,杭州,多口之家,否
C4272,男,普通,线下扫码,40,企业职员,北京,二人世界,否
C4273,男,普通,线下扫码,25,服务业,郑州,多口之家,否
C4274,女,普通,线下扫码,34,学生,郑州,单身青年,否
C4275,女,银卡,社群裂变,32,自由职业,广州,三口之家,否
C4276,女,普通,地推活动,48,企业职员,西安,单身青年,否
C4277,男,金卡,线下扫码,31,企业职员,西安,多口之家,是
C4278,男,普通,微信小程序,45,其他,武汉,单身青年,否
C4279,男,普通,微信小程序,22,互联网从业,北京,单身青年,否
C4280,男,普通,微信小程序,26,自由职业,郑州,单身青年,否
C4281,男,金卡,线下扫码,32,企业职员,广州,三口之家,是
C4282,男,普通,外卖平台导流,48,全职主妇,其他,三口之家,否
C4283,男,银卡,社群裂变,34,互联网从业,苏州,三口之家,否
C4284,女,金卡,线下扫码,46,服务业,上海,三口之家,否
C4285,男,普通,微信小程序,42,企业职员,上海,单身青年,否
C4286,女,黑金,App自然注册,40,全职主妇,上海,银发族,是
C4287,女,普通,App自然注册,32,服务业,南京,三口之家,否
C4288,女,普通,地推活动,48,学生,上海,单身青年,否
C4289,男,普通,外卖平台导流,28,学生,广州,单身青年,否
C4290,男,普通,App自然注册,40,自由职业,武汉,三口之家,否
C4291,女,银卡,地推活动,37,企业职员,深圳,三口之家,否
C4292,男,银卡,App自然注册,33,自由职业,广州,三口之家,否
C4293,男,银卡,微信小程序,30,学生,其他,单身青年,否
C4294,男,普通,App自然注册,32,企业职员,杭州,二人世界,否
C4295,男,银卡,App自然注册,37,企业职员,重庆,三口之家,否
C4296,男,普通,App自然注册,41,全职主妇,深圳,二人世界,否
C4297,女,普通,微信小程序,39,其他,深圳,三口之家,否
C4298,男,普通,地推活动,43,企业职员,北京,银发族,否
C4299,女,普通,微信小程序,42,企业职员,成都,二人世界,否
C4300,女,银卡,App自然注册,45,互联网从业,杭州,单身青年,否
C4301,男,银卡,微信小程序,35,互联网从业,其他,多口之家,否
C4302,男,普通,App自然注册,22,企业职员,西安,二人世界,否
C4303,女,普通,App自然注册,31,服务业,深圳,三口之家,否
C4304,女,普通,外卖平台导流,35,公务员,郑州,多口之家,否
C4305,男,普通,App自然注册,48,自由职业,武汉,多口之家,否
C4306,男,银卡,线下扫码,39,学生,上海,多口之家,否
C4307,女,金卡,微信小程序,30,企业职员,上海,银发族,否
C4308,男,普通,App自然注册,24,企业职员,广州,多口之家,否
C4309,女,金卡,微信小程序,45,公务员,重庆,二人世界,是
C4310,男,普通,外卖平台导流,31,互联网从业,南京,银发族,否
C4311,男,普通,微信小程序,36,互联网从业,天津,三口之家,否
C4312,女,普通,社群裂变,37,公务员,青岛,单身青年,否
C4313,女,普通,线下扫码,33,全职主妇,上海,多口之家,否
C4314,女,普通,App自然注册,48,服务业,苏州,二人世界,否
C4315,男,普通,App自然注册,32,企业职员,其他,二人世界,否
C4316,男,普通,微信小程序,33,学生,武汉,三口之家,否
C4317,女,普通,微信小程序,37,公务员,西安,多口之家,否
C4318,女,银卡,App自然注册,29,企业职员,上海,银发族,否
C4319,女,普通,微信小程序,29,企业职员,上海,银发族,否
C4320,男,普通,App自然注册,32,企业职员,上海,二人世界,否
C4321,女,普通,外卖平台导流,36,全职主妇,苏州,多口之家,否
C4322,女,普通,App自然注册,37,自由职业,北京,单身青年,否
C4323,女,普通,微信小程序,26,学生,成都,多口之家,否
C4324,女,银卡,微信小程序,32,企业职员,成都,三口之家,否
C4325,男,普通,线下扫码,22,全职主妇,杭州,银发族,否
C4326,女,普通,App自然注册,28,服务业,广州,银发族,否
C4327,男,普通,App自然注册,42,互联网从业,上海,三口之家,否
C4328,男,黑金,微信小程序,41,全职主妇,成都,单身青年,是
C4329,女,普通,App自然注册,44,互联网从业,深圳,银发族,否
C4330,女,银卡,社群裂变,36,其他,西安,三口之家,否
C4331,女,银卡,App自然注册,37,全职主妇,其他,单身青年,否
C4332,男,普通,App自然注册,44,服务业,西安,三口之家,否
C4333,女,普通,App自然注册,27,学生,广州,三口之家,否
C4334,男,普通,地推活动,36,服务业,其他,三口之家,否
C4335,女,普通,微信小程序,25,自由职业,上海,银发族,否
C4336,男,普通,App自然注册,32,全职主妇,郑州,单身青年,否
C4337,女,银卡,线下扫码,31,全职主妇,北京,二人世界,否
C4338,男,普通,微信小程序,40,全职主妇,北京,多口之家,否
C4339,男,银卡,线下扫码,39,服务业,其他,银发族,否
C4340,女,金卡,App自然注册,35,互联网从业,杭州,银发族,否
C4341,女,普通,微信小程序,42,服务业,北京,银发族,否
C4342,女,普通,微信小程序,48,企业职员,南京,单身青年,否
C4343,男,普通,微信小程序,28,企业职员,其他,三口之家,否
C4344,女,普通,微信小程序,28,自由职业,南京,银发族,否
C4345,男,普通,微信小程序,28,其他,上海,三口之家,否
C4346,女,普通,微信小程序,22,其他,天津,二人世界,否
C4347,女,普通,线下扫码,37,互联网从业,青岛,三口之家,否
C4348,女,银卡,线下扫码,22,其他,广州,二人世界,否
C4349,女,银卡,App自然注册,30,互联网从业,广州,单身青年,否
C4350,男,普通,App自然注册,38,学生,成都,三口之家,否
C4351,男,普通,微信小程序,36,全职主妇,长沙,三口之家,否
C4352,男,普通,微信小程序,30,企业职员,成都,单身青年,否
C4353,女,普通,外卖平台导流,37,全职主妇,广州,银发族,否
C4354,男,普通,外卖平台导流,43,互联网从业,南京,三口之家,否
C4355,女,普通,微信小程序,37,企业职员,青岛,三口之家,否
C4356,男,普通,微信小程序,45,其他,西安,单身青年,否
C4357,男,银卡,App自然注册,39,企业职员,长沙,银发族,否
C4358,男,银卡,线下扫码,26,企业职员,重庆,二人世界,否
C4359,男,普通,App自然注册,34,全职主妇,深圳,单身青年,否
C4360,男,银卡,线下扫码,38,学生,广州,三口之家,否
C4361,男,普通,微信小程序,29,自由职业,其他,多口之家,否
C4362,女,银卡,App自然注册,41,全职主妇,重庆,多口之家,否
C4363,女,普通,App自然注册,27,企业职员,西安,多口之家,否
C4364,男,普通,外卖平台导流,28,其他,重庆,多口之家,否
C4365,女,金卡,线下扫码,22,企业职员,苏州,三口之家,否
C4366,女,普通,外卖平台导流,29,全职主妇,其他,单身青年,否
C4367,女,普通,微信小程序,24,学生,杭州,三口之家,否
C4368,男,普通,线下扫码,33,企业职员,北京,三口之家,否
C4369,男,普通,微信小程序,41,企业职员,天津,三口之家,否
C4370,女,普通,微信小程序,38,其他,上海,三口之家,否
C4371,女,黑金,App自然注册,30,服务业,上海,三口之家,是
C4372,女,普通,微信小程序,29,其他,西安,二人世界,否
C4373,女,普通,线下扫码,42,企业职员,杭州,单身青年,否
C4374,女,普通,外卖平台导流,44,全职主妇,西安,二人世界,否
C4375,男,普通,社群裂变,35,企业职员,北京,单身青年,否
C4376,女,普通,App自然注册,34,互联网从业,深圳,三口之家,否
C4377,女,普通,微信小程序,22,企业职员,天津,单身青年,否
C4378,男,金卡,外卖平台导流,24,企业职员,北京,银发族,是
C4379,女,普通,微信小程序,36,企业职员,广州,多口之家,否
C4380,女,普通,线下扫码,34,企业职员,其他,单身青年,否
C4381,女,普通,线下扫码,37,企业职员,武汉,单身青年,否
C4382,女,普通,外卖平台导流,29,企业职员,成都,多口之家,否
C4383,女,普通,App自然注册,44,其他,上海,二人世界,否
C4384,女,银卡,微信小程序,41,互联网从业,深圳,三口之家,否
C4385,女,普通,线下扫码,26,互联网从业,杭州,三口之家,否
C4386,女,银卡,App自然注册,48,全职主妇,北京,三口之家,否
C4387,女,普通,线下扫码,39,全职主妇,郑州,二人世界,否
C4388,女,普通,App自然注册,38,服务业,广州,二人世界,否
C4389,男,黑金,微信小程序,32,企业职员,苏州,三口之家,是
C4390,女,普通,微信小程序,32,企业职员,深圳,二人世界,否
C4391,男,银卡,App自然注册,26,企业职员,苏州,银发族,否
C4392,女,银卡,社群裂变,40,全职主妇,北京,单身青年,否
C4393,男,银卡,线下扫码,31,服务业,上海,单身青年,否
C4394,女,普通,微信小程序,44,企业职员,武汉,多口之家,否
C4395,女,普通,微信小程序,27,公务员,苏州,二人世界,否
C4396,男,普通,微信小程序,41,互联网从业,其他,三口之家,否
C4397,女,普通,App自然注册,42,自由职业,广州,单身青年,否
C4398,男,银卡,线下扫码,38,互联网从业,其他,多口之家,否
C4399,女,普通,外卖平台导流,29,公务员,武汉,单身青年,否
C4400,女,普通,线下扫码,36,全职主妇,西安,单身青年,否
C4401,男,银卡,微信小程序,34,全职主妇,青岛,多口之家,否
C4402,男,普通,App自然注册,25,自由职业,杭州,三口之家,否
C4403,男,银卡,微信小程序,38,自由职业,深圳,多口之家,否
C4404,女,普通,线下扫码,40,学生,武汉,单身青年,否
C4405,女,银卡,App自然注册,30,企业职员,郑州,三口之家,否
C4406,男,普通,App自然注册,29,互联网从业,青岛,多口之家,否
C4407,女,普通,线下扫码,27,企业职员,北京,二人世界,否
C4408,男,普通,App自然注册,38,企业职员,南京,三口之家,否
C4409,男,普通,微信小程序,40,全职主妇,上海,三口之家,否
C4410,女,普通,社群裂变,36,服务业,北京,单身青年,否
C4411,男,普通,App自然注册,40,全职主妇,广州,二人世界,否
C4412,女,普通,外卖平台导流,31,互联网从业,南京,单身青年,否
C4413,男,普通,微信小程序,26,全职主妇,长沙,银发族,否
C4414,男,银卡,线下扫码,41,企业职员,广州,三口之家,否
C4415,女,金卡,线下扫码,32,服务业,重庆,三口之家,是
C4416,男,普通,微信小程序,46,全职主妇,其他,三口之家,否
C4417,女,普通,线下扫码,23,互联网从业,其他,三口之家,否
C4418,女,银卡,线下扫码,40,企业职员,杭州,银发族,否
C4419,女,银卡,微信小程序,29,全职主妇,深圳,三口之家,否
C4420,男,普通,线下扫码,37,其他,北京,三口之家,否
C4421,男,银卡,App自然注册,33,企业职员,西安,三口之家,否
C4422,男,金卡,微信小程序,36,公务员,北京,三口之家,否
C4423,女,普通,线下扫码,44,其他,上海,单身青年,否
C4424,男,银卡,社群裂变,29,其他,武汉,银发族,否
C4425,男,银卡,微信小程序,28,企业职员,重庆,三口之家,否
C4426,女,普通,App自然注册,33,企业职员,杭州,银发族,否
C4427,男,普通,App自然注册,23,互联网从业,深圳,二人世界,否
C4428,女,普通,App自然注册,22,公务员,上海,三口之家,否
C4429,男,普通,App自然注册,37,企业职员,武汉,单身青年,否
C4430,男,普通,线下扫码,27,自由职业,上海,单身青年,否
C4431,男,普通,App自然注册,31,企业职员,北京,二人世界,否
C4432,女,普通,微信小程序,32,其他,成都,三口之家,否
C4433,男,普通,线下扫码,32,企业职员,杭州,三口之家,否
C4434,女,普通,App自然注册,28,互联网从业,天津,二人世界,否
C4435,男,普通,外卖平台导流,31,企业职员,上海,单身青年,否
C4436,男,黑金,线下扫码,22,全职主妇,广州,三口之家,是
C4437,男,普通,App自然注册,35,学生,青岛,单身青年,否
C4438,男,银卡,微信小程序,43,学生,北京,银发族,否
C4439,男,普通,地推活动,24,其他,西安,三口之家,否
C4440,男,普通,微信小程序,35,其他,广州,单身青年,否
C4441,女,黑金,外卖平台导流,45,企业职员,成都,银发族,是
C4442,女,普通,线下扫码,36,自由职业,深圳,多口之家,否
C4443,男,普通,线下扫码,27,学生,西安,三口之家,否
C4444,女,普通,社群裂变,41,企业职员,苏州,单身青年,否
C4445,女,金卡,外卖平台导流,33,企业职员,深圳,单身青年,否
C4446,女,普通,微信小程序,31,学生,广州,三口之家,否
C4447,男,普通,外卖平台导流,39,全职主妇,杭州,银发族,否
C4448,男,普通,微信小程序,35,自由职业,广州,三口之家,否
C4449,男,普通,线下扫码,28,学生,成都,三口之家,否
C4450,女,普通,App自然注册,31,互联网从业,北京,三口之家,否
C4451,女,普通,微信小程序,22,互联网从业,广州,三口之家,否
C4452,男,银卡,App自然注册,35,服务业,其他,单身青年,否
C4453,女,银卡,社群裂变,48,全职主妇,深圳,银发族,否
C4454,女,普通,外卖平台导流,22,其他,杭州,多口之家,否
C4455,女,银卡,外卖平台导流,38,其他,苏州,单身青年,否
C4456,女,普通,App自然注册,25,全职主妇,广州,多口之家,否
C4457,女,银卡,App自然注册,37,全职主妇,上海,三口之家,否
C4458,男,普通,线下扫码,37,其他,广州,三口之家,否
C4459,女,普通,外卖平台导流,29,全职主妇,青岛,三口之家,否
C4460,女,普通,微信小程序,27,企业职员,杭州,多口之家,否
C4461,女,普通,外卖平台导流,46,全职主妇,西安,三口之家,否
C4462,女,银卡,App自然注册,26,企业职员,其他,单身青年,否
C4463,女,普通,线下扫码,34,企业职员,上海,多口之家,否
C4464,女,普通,线下扫码,47,全职主妇,北京,多口之家,否
C4465,女,普通,微信小程序,22,自由职业,其他,三口之家,否
C4466,女,银卡,线下扫码,40,全职主妇,上海,银发族,否
C4467,男,普通,App自然注册,22,自由职业,广州,单身青年,否
C4468,男,银卡,线下扫码,44,企业职员,北京,单身青年,否
C4469,女,普通,App自然注册,39,服务业,深圳,二人世界,否
C4470,男,普通,外卖平台导流,37,自由职业,上海,三口之家,否
C4471,男,普通,微信小程序,31,自由职业,重庆,多口之家,否
C4472,女,普通,App自然注册,37,企业职员,重庆,多口之家,否
C4473,男,金卡,社群裂变,40,学生,长沙,三口之家,是
C4474,男,普通,微信小程序,39,其他,西安,多口之家,否
C4475,女,银卡,微信小程序,28,其他,深圳,三口之家,否
C4476,女,普通,App自然注册,32,全职主妇,广州,多口之家,否
C4477,男,金卡,社群裂变,38,企业职员,广州,多口之家,否
C4478,女,普通,微信小程序,38,企业职员,上海,单身青年,否
C4479,女,银卡,地推活动,28,全职主妇,苏州,单身青年,否
C4480,男,普通,外卖平台导流,35,企业职员,北京,单身青年,否
C4481,男,普通,线下扫码,33,自由职业,武汉,三口之家,否
C4482,男,普通,微信小程序,35,学生,其他,三口之家,否
C4483,男,普通,社群裂变,35,互联网从业,重庆,三口之家,否
C4484,男,普通,微信小程序,24,互联网从业,杭州,三口之家,否
C4485,女,普通,App自然注册,48,企业职员,其他,三口之家,否
C4486,男,普通,微信小程序,42,其他,其他,三口之家,否
C4487,男,普通,线下扫码,32,自由职业,西安,单身青年,否
C4488,女,金卡,微信小程序,36,自由职业,郑州,单身青年,是
C4489,女,普通,微信小程序,32,企业职员,苏州,二人世界,否
C4490,女,普通,微信小程序,40,互联网从业,天津,单身青年,否
C4491,女,普通,App自然注册,42,其他,上海,三口之家,否
C4492,男,普通,App自然注册,35,公务员,武汉,三口之家,否
C4493,男,普通,外卖平台导流,29,互联网从业,南京,二人世界,否
C4494,男,普通,微信小程序,31,企业职员,上海,三口之家,否
C4495,男,普通,外卖平台导流,34,企业职员,郑州,多口之家,否
C4496,女,普通,社群裂变,34,企业职员,深圳,单身青年,否
C4497,男,普通,App自然注册,39,其他,武汉,银发族,否
C4498,女,普通,微信小程序,30,企业职员,广州,二人世界,否
C4499,男,普通,地推活动,26,企业职员,广州,二人世界,否
C4500,男,普通,外卖平台导流,48,其他,北京,单身青年,否
C4501,女,普通,外卖平台导流,34,其他,青岛,单身青年,否
C4502,女,普通,线下扫码,34,企业职员,其他,单身青年,否
C4503,男,普通,App自然注册,40,自由职业,北京,单身青年,否
C4504,女,普通,微信小程序,41,其他,南京,单身青年,否
C4505,女,普通,微信小程序,42,其他,天津,三口之家,否
C4506,男,普通,微信小程序,30,其他,上海,三口之家,否
C4507,女,普通,社群裂变,36,全职主妇,天津,单身青年,否
C4508,女,金卡,App自然注册,36,企业职员,广州,三口之家,否
C4509,男,普通,微信小程序,36,互联网从业,广州,银发族,否
C4510,女,银卡,社群裂变,29,互联网从业,杭州,三口之家,否
C4511,女,普通,外卖平台导流,48,企业职员,上海,单身青年,否
C4512,女,普通,外卖平台导流,29,全职主妇,天津,多口之家,否
C4513,男,普通,微信小程序,45,学生,广州,多口之家,否
C4514,女,银卡,App自然注册,42,企业职员,广州,银发族,否
C4515,女,普通,App自然注册,39,企业职员,深圳,三口之家,否
C4516,男,银卡,外卖平台导流,34,全职主妇,重庆,单身青年,否
C4517,男,普通,线下扫码,22,全职主妇,广州,单身青年,否
C4518,男,普通,地推活动,42,企业职员,杭州,单身青年,否
C4519,女,普通,线下扫码,22,企业职员,成都,多口之家,否
C4520,女,银卡,线下扫码,30,全职主妇,广州,三口之家,否
C4521,女,普通,微信小程序,39,企业职员,南京,二人世界,否
C4522,女,普通,App自然注册,42,服务业,其他,单身青年,否
C4523,女,银卡,微信小程序,37,互联网从业,成都,单身青年,否
C4524,女,普通,外卖平台导流,42,全职主妇,广州,多口之家,否
C4525,女,普通,微信小程序,38,服务业,杭州,银发族,否
C4526,女,金卡,App自然注册,30,自由职业,武汉,多口之家,是
C4527,男,普通,外卖平台导流,37,企业职员,天津,单身青年,否
C4528,女,普通,线下扫码,33,服务业,重庆,银发族,否
C4529,女,银卡,社群裂变,36,企业职员,深圳,银发族,否
C4530,男,普通,线下扫码,36,企业职员,上海,多口之家,否
C4531,女,普通,社群裂变,32,互联网从业,成都,多口之家,否
C4532,女,普通,App自然注册,32,自由职业,成都,单身青年,否
C4533,男,普通,微信小程序,34,互联网从业,深圳,二人世界,否
C4534,男,银卡,社群裂变,34,服务业,西安,三口之家,否
C4535,女,普通,App自然注册,43,服务业,北京,三口之家,否
C4536,女,银卡,线下扫码,35,全职主妇,南京,单身青年,否
C4537,男,银卡,App自然注册,31,公务员,长沙,三口之家,否
C4538,女,普通,地推活动,35,公务员,北京,银发族,否
C4539,男,银卡,微信小程序,37,互联网从业,上海,多口之家,否
C4540,男,普通,线下扫码,22,企业职员,北京,二人世界,否
C4541,男,银卡,线下扫码,31,其他,武汉,二人世界,否
C4542,女,普通,外卖平台导流,27,学生,郑州,二人世界,否
C4543,男,普通,社群裂变,28,公务员,南京,单身青年,否
C4544,女,普通,微信小程序,36,企业职员,杭州,三口之家,否
C4545,女,黑金,App自然注册,48,服务业,其他,三口之家,是
C4546,男,普通,外卖平台导流,22,自由职业,成都,三口之家,否
C4547,男,普通,App自然注册,30,自由职业,北京,银发族,否
C4548,女,普通,App自然注册,36,其他,武汉,三口之家,否
C4549,男,普通,微信小程序,42,企业职员,西安,单身青年,否
C4550,女,普通,App自然注册,37,其他,苏州,银发族,否
C4551,女,普通,地推活动,27,自由职业,其他,三口之家,否
C4552,女,普通,社群裂变,33,企业职员,北京,二人世界,否
C4553,女,银卡,外卖平台导流,46,互联网从业,苏州,三口之家,否
C4554,男,普通,微信小程序,31,全职主妇,武汉,银发族,否
C4555,女,普通,社群裂变,41,企业职员,其他,多口之家,否
C4556,女,银卡,外卖平台导流,44,企业职员,长沙,三口之家,否
C4557,男,银卡,地推活动,31,互联网从业,西安,三口之家,否
C4558,女,普通,线下扫码,45,自由职业,上海,单身青年,否
C4559,女,普通,App自然注册,43,学生,成都,单身青年,否
C4560,女,普通,线下扫码,30,企业职员,郑州,多口之家,否
C4561,女,普通,微信小程序,39,全职主妇,郑州,单身青年,否
C4562,男,普通,线下扫码,26,互联网从业,上海,多口之家,否
C4563,女,普通,App自然注册,42,学生,郑州,单身青年,否
C4564,女,银卡,微信小程序,27,互联网从业,重庆,多口之家,否
C4565,女,黑金,App自然注册,42,服务业,成都,三口之家,是
C4566,男,普通,外卖平台导流,28,学生,青岛,银发族,否
C4567,男,银卡,社群裂变,36,公务员,广州,三口之家,否
C4568,女,银卡,微信小程序,31,互联网从业,广州,二人世界,否
C4569,女,普通,外卖平台导流,30,企业职员,其他,三口之家,否
C4570,女,普通,外卖平台导流,48,其他,成都,三口之家,否
C4571,男,黑金,线下扫码,39,学生,广州,三口之家,是
C4572,男,银卡,线下扫码,26,互联网从业,上海,三口之家,否
C4573,女,普通,外卖平台导流,30,企业职员,广州,单身青年,否
C4574,女,普通,App自然注册,33,企业职员,其他,三口之家,否
C4575,男,普通,线下扫码,22,企业职员,武汉,三口之家,否
C4576,女,金卡,微信小程序,37,全职主妇,上海,三口之家,否
C4577,女,金卡,微信小程序,22,全职主妇,其他,银发族,是
C4578,女,普通,App自然注册,25,其他,郑州,三口之家,否
C4579,女,普通,App自然注册,34,企业职员,武汉,三口之家,否
C4580,女,普通,外卖平台导流,41,企业职员,深圳,多口之家,否
C4581,女,普通,社群裂变,48,互联网从业,武汉,银发族,否
C4582,女,普通,线下扫码,47,公务员,郑州,三口之家,否
C4583,男,普通,微信小程序,26,全职主妇,西安,二人世界,否
C4584,男,普通,微信小程序,26,公务员,西安,二人世界,否
C4585,女,普通,App自然注册,44,学生,成都,三口之家,否
C4586,男,普通,线下扫码,33,企业职员,天津,银发族,否
C4587,男,金卡,App自然注册,40,企业职员,广州,单身青年,否
C4588,男,普通,线下扫码,33,企业职员,成都,三口之家,否
C4589,女,普通,外卖平台导流,25,企业职员,广州,单身青年,否
C4590,男,普通,微信小程序,34,服务业,苏州,多口之家,否
C4591,女,普通,外卖平台导流,42,互联网从业,青岛,三口之家,否
C4592,男,普通,App自然注册,38,企业职员,上海,三口之家,否
C4593,女,银卡,微信小程序,26,企业职员,苏州,单身青年,否
C4594,女,普通,社群裂变,37,公务员,成都,多口之家,否
C4595,女,普通,线下扫码,39,互联网从业,深圳,三口之家,否
C4596,男,普通,微信小程序,40,企业职员,青岛,单身青年,否
C4597,女,普通,外卖平台导流,37,其他,深圳,单身青年,否
C4598,男,普通,线下扫码,39,学生,其他,三口之家,否
C4599,女,普通,App自然注册,41,企业职员,上海,三口之家,否
C4600,男,银卡,外卖平台导流,44,互联网从业,北京,多口之家,否
C4601,男,普通,微信小程序,26,自由职业,南京,银发族,否
C4602,女,普通,微信小程序,41,全职主妇,青岛,单身青年,否
C4603,女,银卡,线下扫码,45,其他,南京,三口之家,否
C4604,女,普通,微信小程序,42,企业职员,深圳,单身青年,否
C4605,男,银卡,线下扫码,28,自由职业,青岛,单身青年,否
C4606,男,银卡,外卖平台导流,40,企业职员,苏州,三口之家,否
C4607,女,普通,App自然注册,40,全职主妇,其他,三口之家,否
C4608,女,银卡,App自然注册,41,学生,其他,多口之家,否
C4609,女,普通,App自然注册,48,服务业,广州,单身青年,否
C4610,男,金卡,线下扫码,37,企业职员,深圳,三口之家,是
C4611,男,普通,微信小程序,33,学生,北京,多口之家,否
C4612,女,普通,App自然注册,37,学生,郑州,单身青年,否
C4613,女,普通,线下扫码,34,企业职员,郑州,银发族,否
C4614,女,普通,微信小程序,38,服务业,西安,多口之家,否
C4615,男,金卡,微信小程序,38,互联网从业,上海,多口之家,否
C4616,女,普通,微信小程序,34,其他,深圳,三口之家,否
C4617,男,普通,地推活动,24,自由职业,西安,三口之家,否
C4618,男,普通,微信小程序,33,公务员,武汉,二人世界,否
C4619,男,普通,外卖平台导流,29,服务业,广州,银发族,否
C4620,女,普通,地推活动,42,互联网从业,上海,二人世界,否
C4621,男,普通,微信小程序,48,服务业,深圳,三口之家,否
C4622,男,普通,社群裂变,27,企业职员,成都,单身青年,否
C4623,女,普通,App自然注册,32,企业职员,广州,三口之家,否
C4624,女,普通,App自然注册,27,自由职业,天津,三口之家,否
C4625,女,银卡,App自然注册,33,互联网从业,深圳,多口之家,否
C4626,男,普通,微信小程序,28,公务员,北京,二人世界,否
C4627,男,银卡,社群裂变,39,服务业,深圳,三口之家,否
C4628,男,金卡,外卖平台导流,25,企业职员,苏州,多口之家,是
C4629,男,普通,微信小程序,42,互联网从业,长沙,三口之家,否
C4630,女,普通,微信小程序,39,企业职员,武汉,银发族,否
C4631,女,普通,外卖平台导流,22,全职主妇,郑州,三口之家,否
C4632,女,普通,App自然注册,22,服务业,成都,二人世界,否
C4633,女,银卡,微信小程序,32,公务员,长沙,银发族,否
C4634,男,黑金,外卖平台导流,37,其他,青岛,三口之家,是
C4635,女,金卡,App自然注册,40,企业职员,西安,三口之家,否
C4636,女,普通,线下扫码,35,其他,重庆,二人世界,否
C4637,女,银卡,App自然注册,36,互联网从业,其他,多口之家,否
C4638,男,普通,微信小程序,42,服务业,北京,多口之家,否
C4639,女,银卡,社群裂变,24,其他,重庆,三口之家,否
C4640,女,普通,外卖平台导流,33,服务业,深圳,银发族,否
C4641,男,普通,App自然注册,33,其他,西安,三口之家,否
C4642,男,普通,微信小程序,29,全职主妇,成都,三口之家,否
C4643,女,普通,外卖平台导流,37,全职主妇,天津,二人世界,否
C4644,女,普通,微信小程序,31,全职主妇,成都,多口之家,否
C4645,男,银卡,外卖平台导流,24,学生,武汉,三口之家,否
C4646,女,普通,App自然注册,43,服务业,上海,三口之家,否
C4647,女,黑金,社群裂变,38,公务员,苏州,三口之家,是
C4648,女,普通,App自然注册,43,企业职员,杭州,银发族,否
C4649,女,普通,微信小程序,32,企业职员,杭州,三口之家,否
C4650,男,金卡,社群裂变,37,全职主妇,深圳,二人世界,是
C4651,女,普通,App自然注册,48,互联网从业,武汉,三口之家,否
C4652,男,普通,微信小程序,25,企业职员,上海,三口之家,否
C4653,男,普通,微信小程序,33,互联网从业,广州,单身青年,否
C4654,女,普通,线下扫码,40,企业职员,广州,三口之家,否
C4655,女,普通,微信小程序,45,全职主妇,广州,三口之家,否
C4656,男,银卡,微信小程序,40,企业职员,北京,三口之家,否
C4657,女,普通,微信小程序,26,企业职员,深圳,三口之家,否
C4658,男,普通,微信小程序,35,企业职员,北京,三口之家,否
C4659,女,金卡,外卖平台导流,25,学生,北京,三口之家,是
C4660,女,普通,App自然注册,39,企业职员,武汉,三口之家,否
C4661,女,普通,地推活动,43,互联网从业,成都,三口之家,否
C4662,女,银卡,地推活动,42,企业职员,重庆,多口之家,否
C4663,男,普通,微信小程序,33,服务业,北京,单身青年,否
C4664,女,普通,App自然注册,37,自由职业,南京,二人世界,否
C4665,女,普通,微信小程序,34,互联网从业,杭州,银发族,否
C4666,女,银卡,微信小程序,45,全职主妇,南京,三口之家,否
C4667,女,普通,App自然注册,42,全职主妇,长沙,单身青年,否
C4668,男,银卡,社群裂变,30,企业职员,上海,三口之家,否
C4669,女,银卡,地推活动,35,企业职员,广州,三口之家,否
C4670,女,普通,微信小程序,39,服务业,上海,三口之家,否
C4671,女,普通,外卖平台导流,44,企业职员,北京,单身青年,否
C4672,男,普通,微信小程序,32,学生,上海,多口之家,否
C4673,女,普通,线下扫码,47,其他,广州,三口之家,否
C4674,女,银卡,App自然注册,38,企业职员,南京,单身青年,否
C4675,女,黑金,App自然注册,37,自由职业,西安,三口之家,是
C4676,男,普通,微信小程序,35,企业职员,北京,三口之家,否
C4677,女,普通,App自然注册,36,自由职业,长沙,银发族,否
C4678,男,普通,外卖平台导流,22,服务业,南京,三口之家,否
C4679,男,普通,微信小程序,22,企业职员,北京,三口之家,否
C4680,男,银卡,外卖平台导流,33,企业职员,苏州,二人世界,否
C4681,男,普通,外卖平台导流,30,全职主妇,北京,二人世界,否
C4682,女,金卡,App自然注册,34,互联网从业,其他,单身青年,否
C4683,女,普通,App自然注册,29,全职主妇,深圳,二人世界,否
C4684,女,金卡,App自然注册,44,企业职员,苏州,多口之家,是
C4685,女,普通,微信小程序,41,企业职员,上海,多口之家,否
C4686,男,银卡,外卖平台导流,41,公务员,西安,三口之家,否
C4687,女,普通,线下扫码,42,企业职员,长沙,三口之家,否
C4688,男,普通,微信小程序,36,企业职员,杭州,单身青年,否
C4689,女,普通,App自然注册,40,公务员,长沙,单身青年,否
C4690,女,银卡,线下扫码,35,互联网从业,杭州,银发族,否
C4691,女,普通,微信小程序,37,全职主妇,深圳,银发族,否
C4692,男,普通,微信小程序,30,自由职业,北京,单身青年,否
C4693,女,普通,微信小程序,34,全职主妇,武汉,二人世界,否
C4694,女,普通,微信小程序,42,全职主妇,其他,多口之家,否
C4695,女,普通,线下扫码,34,公务员,重庆,单身青年,否
C4696,男,银卡,App自然注册,33,其他,北京,单身青年,否
C4697,男,普通,线下扫码,41,企业职员,深圳,单身青年,否
C4698,女,银卡,App自然注册,29,全职主妇,郑州,单身青年,否
C4699,男,银卡,线下扫码,41,企业职员,南京,单身青年,否
C4700,女,普通,微信小程序,28,全职主妇,天津,三口之家,否
C4701,男,普通,微信小程序,28,企业职员,天津,多口之家,否
C4702,女,普通,外卖平台导流,31,全职主妇,其他,三口之家,否
C4703,男,金卡,App自然注册,27,服务业,深圳,多口之家,是
C4704,女,银卡,外卖平台导流,24,全职主妇,郑州,二人世界,否
C4705,男,普通,线下扫码,37,互联网从业,长沙,二人世界,否
C4706,女,普通,微信小程序,32,互联网从业,深圳,银发族,否
C4707,女,金卡,微信小程序,31,自由职业,武汉,三口之家,否
C4708,女,普通,微信小程序,33,自由职业,武汉,银发族,否
C4709,男,普通,微信小程序,28,全职主妇,天津,银发族,否
C4710,男,普通,微信小程序,36,互联网从业,重庆,三口之家,否
C4711,女,普通,微信小程序,34,全职主妇,成都,银发族,否
C4712,女,普通,线下扫码,45,互联网从业,其他,单身青年,否
C4713,男,普通,微信小程序,38,全职主妇,重庆,银发族,否
C4714,女,普通,微信小程序,38,学生,成都,三口之家,否
C4715,男,普通,App自然注册,40,互联网从业,西安,三口之家,否
C4716,男,普通,线下扫码,45,企业职员,杭州,银发族,否
C4717,男,银卡,社群裂变,32,服务业,其他,三口之家,否
C4718,男,银卡,App自然注册,32,服务业,成都,三口之家,否
C4719,男,银卡,微信小程序,31,学生,南京,二人世界,否
C4720,女,金卡,线下扫码,34,服务业,上海,多口之家,是
C4721,男,普通,地推活动,45,自由职业,成都,三口之家,否
C4722,男,普通,微信小程序,46,全职主妇,北京,单身青年,否
C4723,男,普通,App自然注册,38,企业职员,北京,三口之家,否
C4724,女,银卡,地推活动,24,公务员,上海,三口之家,否
C4725,女,银卡,线下扫码,30,学生,广州,单身青年,否
C4726,女,普通,App自然注册,32,服务业,深圳,三口之家,否
C4727,男,普通,外卖平台导流,43,企业职员,北京,二人世界,否
C4728,女,黑金,外卖平台导流,44,全职主妇,杭州,三口之家,是
C4729,女,普通,微信小程序,26,自由职业,深圳,二人世界,否
C4730,女,银卡,线下扫码,34,自由职业,广州,二人世界,否
C4731,女,普通,App自然注册,33,互联网从业,上海,银发族,否
C4732,女,普通,线下扫码,44,全职主妇,上海,三口之家,否
C4733,女,普通,社群裂变,29,自由职业,上海,三口之家,否
C4734,男,普通,外卖平台导流,28,互联网从业,上海,二人世界,否
C4735,女,银卡,微信小程序,29,企业职员,南京,二人世界,否
C4736,男,普通,微信小程序,25,服务业,其他,二人世界,否
C4737,女,普通,线下扫码,31,企业职员,武汉,二人世界,否
C4738,女,普通,微信小程序,40,其他,成都,单身青年,否
C4739,男,普通,社群裂变,39,服务业,成都,三口之家,否
C4740,男,金卡,App自然注册,37,互联网从业,成都,二人世界,否
C4741,女,普通,社群裂变,40,企业职员,成都,多口之家,否
C4742,女,普通,App自然注册,47,企业职员,北京,二人世界,否
C4743,男,普通,App自然注册,47,全职主妇,重庆,银发族,否
C4744,女,普通,App自然注册,36,全职主妇,成都,多口之家,否
C4745,女,普通,微信小程序,44,企业职员,广州,银发族,否
C4746,女,普通,App自然注册,35,企业职员,杭州,三口之家,否
C4747,女,普通,外卖平台导流,38,全职主妇,重庆,单身青年,否
C4748,男,普通,地推活动,31,全职主妇,苏州,银发族,否
C4749,男,银卡,App自然注册,38,互联网从业,南京,多口之家,否
C4750,女,普通,微信小程序,38,服务业,其他,三口之家,否
C4751,女,银卡,社群裂变,48,学生,深圳,单身青年,否
C4752,男,普通,线下扫码,34,其他,上海,单身青年,否
C4753,女,普通,微信小程序,48,自由职业,成都,单身青年,否
C4754,女,银卡,App自然注册,37,企业职员,北京,三口之家,否
C4755,女,普通,微信小程序,33,企业职员,杭州,二人世界,否
C4756,女,银卡,地推活动,38,其他,广州,单身青年,否
C4757,男,普通,微信小程序,39,学生,成都,单身青年,否
C4758,男,普通,App自然注册,44,企业职员,上海,三口之家,否
C4759,女,普通,地推活动,40,公务员,北京,三口之家,否
C4760,男,银卡,微信小程序,30,互联网从业,广州,单身青年,否
C4761,女,普通,社群裂变,35,自由职业,武汉,单身青年,否
C4762,女,银卡,外卖平台导流,39,互联网从业,成都,单身青年,否
C4763,男,普通,微信小程序,38,互联网从业,青岛,二人世界,否
C4764,女,银卡,线下扫码,37,企业职员,重庆,单身青年,否
C4765,男,普通,微信小程序,42,公务员,长沙,二人世界,否
C4766,男,普通,线下扫码,47,全职主妇,杭州,三口之家,否
C4767,女,银卡,微信小程序,26,全职主妇,上海,单身青年,否
C4768,女,普通,线下扫码,27,企业职员,西安,单身青年,否
C4769,男,普通,外卖平台导流,32,服务业,广州,二人世界,否
C4770,男,普通,微信小程序,39,学生,深圳,三口之家,否
C4771,女,普通,社群裂变,22,互联网从业,广州,多口之家,否
C4772,女,银卡,App自然注册,30,服务业,武汉,多口之家,否
C4773,女,普通,App自然注册,35,企业职员,苏州,三口之家,否
C4774,女,银卡,微信小程序,33,企业职员,天津,三口之家,否
C4775,女,普通,微信小程序,36,互联网从业,其他,多口之家,否
C4776,男,普通,App自然注册,48,公务员,南京,三口之家,否
C4777,男,普通,社群裂变,30,其他,西安,三口之家,否
C4778,女,普通,外卖平台导流,46,学生,天津,多口之家,否
C4779,女,银卡,App自然注册,30,互联网从业,郑州,二人世界,否
C4780,女,银卡,App自然注册,40,学生,青岛,单身青年,否
C4781,男,普通,社群裂变,25,全职主妇,其他,银发族,否
C4782,女,普通,App自然注册,40,全职主妇,成都,单身青年,否
C4783,男,普通,App自然注册,46,自由职业,苏州,单身青年,否
C4784,男,普通,App自然注册,36,全职主妇,苏州,银发族,否
C4785,男,银卡,App自然注册,36,全职主妇,长沙,单身青年,否
C4786,女,普通,微信小程序,37,自由职业,深圳,单身青年,否
C4787,女,普通,微信小程序,33,全职主妇,广州,银发族,否
C4788,男,银卡,App自然注册,39,全职主妇,西安,二人世界,否
C4789,男,普通,App自然注册,47,服务业,广州,三口之家,否
C4790,女,普通,线下扫码,43,互联网从业,长沙,单身青年,否
C4791,男,银卡,App自然注册,22,公务员,武汉,三口之家,否
C4792,男,普通,App自然注册,31,其他,上海,多口之家,否
C4793,男,普通,社群裂变,42,全职主妇,苏州,三口之家,否
C4794,女,银卡,微信小程序,38,互联网从业,上海,三口之家,否
C4795,女,普通,地推活动,37,服务业,广州,二人世界,否
C4796,女,银卡,外卖平台导流,32,企业职员,深圳,银发族,否
C4797,男,普通,App自然注册,37,服务业,北京,二人世界,否
C4798,男,普通,微信小程序,29,其他,成都,单身青年,否
C4799,男,普通,App自然注册,24,公务员,郑州,单身青年,否
C4800,男,普通,地推活动,40,公务员,杭州,二人世界,否
C4801,女,普通,线下扫码,27,服务业,深圳,多口之家,否
C4802,男,普通,App自然注册,48,互联网从业,南京,三口之家,否
C4803,女,金卡,线下扫码,28,服务业,郑州,三口之家,是
C4804,男,银卡,线下扫码,31,公务员,长沙,银发族,否
C4805,女,普通,线下扫码,32,全职主妇,其他,三口之家,否
C4806,男,银卡,微信小程序,44,自由职业,天津,银发族,否
C4807,女,普通,社群裂变,43,自由职业,深圳,单身青年,否
C4808,男,普通,微信小程序,37,其他,杭州,三口之家,否
C4809,女,普通,微信小程序,27,企业职员,苏州,三口之家,否
C4810,女,普通,App自然注册,30,其他,青岛,银发族,否
C4811,女,银卡,微信小程序,32,其他,杭州,三口之家,否
C4812,男,银卡,微信小程序,35,服务业,上海,二人世界,否
C4813,女,普通,线下扫码,40,企业职员,杭州,单身青年,否
C4814,男,普通,微信小程序,36,其他,北京,三口之家,否
C4815,女,普通,App自然注册,48,全职主妇,杭州,三口之家,否
C4816,女,银卡,App自然注册,47,企业职员,西安,单身青年,否
C4817,男,银卡,微信小程序,38,互联网从业,上海,三口之家,否
C4818,男,普通,社群裂变,38,企业职员,苏州,单身青年,否
C4819,女,银卡,线下扫码,35,互联网从业,其他,单身青年,否
C4820,女,金卡,微信小程序,35,学生,广州,三口之家,否
C4821,男,普通,线下扫码,36,服务业,武汉,二人世界,否
C4822,女,金卡,App自然注册,24,互联网从业,北京,三口之家,是
C4823,女,普通,微信小程序,28,企业职员,深圳,三口之家,否
C4824,女,金卡,App自然注册,48,学生,苏州,二人世界,是
C4825,男,普通,地推活动,27,服务业,北京,二人世界,否
C4826,男,普通,App自然注册,37,学生,成都,三口之家,否
C4827,男,普通,线下扫码,34,服务业,深圳,二人世界,否
C4828,女,普通,线下扫码,31,服务业,北京,多口之家,否
C4829,女,普通,App自然注册,33,服务业,杭州,单身青年,否
C4830,男,银卡,App自然注册,38,公务员,深圳,三口之家,否
C4831,男,普通,微信小程序,48,其他,武汉,多口之家,否
C4832,女,普通,App自然注册,22,自由职业,长沙,单身青年,否
C4833,女,银卡,外卖平台导流,34,其他,杭州,三口之家,否
C4834,男,普通,社群裂变,31,学生,青岛,二人世界,否
C4835,女,普通,App自然注册,25,其他,杭州,三口之家,否
C4836,女,银卡,App自然注册,23,自由职业,天津,单身青年,否
C4837,女,黑金,App自然注册,24,服务业,广州,二人世界,是
C4838,女,普通,地推活动,41,自由职业,其他,三口之家,否
C4839,女,普通,社群裂变,42,互联网从业,上海,银发族,否
C4840,男,金卡,App自然注册,37,服务业,深圳,银发族,否
C4841,男,普通,微信小程序,32,自由职业,杭州,二人世界,否
C4842,男,普通,地推活动,25,全职主妇,广州,二人世界,否
C4843,男,普通,地推活动,31,全职主妇,武汉,多口之家,否
C4844,女,普通,App自然注册,30,学生,北京,三口之家,否
C4845,男,普通,微信小程序,25,企业职员,长沙,三口之家,否
C4846,女,普通,线下扫码,30,服务业,成都,银发族,否
C4847,男,普通,地推活动,36,互联网从业,重庆,多口之家,否
C4848,男,普通,App自然注册,26,全职主妇,长沙,单身青年,否
C4849,女,银卡,地推活动,29,自由职业,其他,多口之家,否
C4850,男,普通,App自然注册,36,全职主妇,广州,银发族,否
C4851,女,普通,App自然注册,31,互联网从业,重庆,三口之家,否
C4852,男,银卡,微信小程序,37,互联网从业,重庆,三口之家,否
C4853,女,普通,App自然注册,43,公务员,南京,银发族,否
C4854,男,普通,App自然注册,34,互联网从业,苏州,三口之家,否
C4855,女,普通,App自然注册,24,企业职员,上海,单身青年,否
C4856,女,普通,线下扫码,41,互联网从业,北京,三口之家,否
C4857,女,银卡,App自然注册,31,公务员,北京,多口之家,否
C4858,女,银卡,微信小程序,32,企业职员,深圳,单身青年,否
C4859,女,普通,App自然注册,42,自由职业,其他,多口之家,否
C4860,女,金卡,社群裂变,48,全职主妇,杭州,三口之家,是
C4861,男,黑金,外卖平台导流,30,企业职员,上海,三口之家,是
C4862,女,普通,线下扫码,24,企业职员,南京,多口之家,否
C4863,男,普通,App自然注册,48,企业职员,武汉,多口之家,否
C4864,女,普通,微信小程序,33,互联网从业,其他,多口之家,否
C4865,男,银卡,App自然注册,33,企业职员,西安,单身青年,否
C4866,女,金卡,App自然注册,34,学生,武汉,二人世界,是
C4867,男,普通,线下扫码,34,服务业,上海,单身青年,否
C4868,男,银卡,微信小程序,44,企业职员,上海,单身青年,否
C4869,男,普通,App自然注册,22,学生,北京,银发族,否
C4870,男,普通,线下扫码,47,公务员,杭州,三口之家,否
C4871,女,普通,App自然注册,48,其他,成都,三口之家,否
C4872,男,银卡,App自然注册,28,互联网从业,武汉,多口之家,否
C4873,女,普通,微信小程序,27,企业职员,长沙,单身青年,否
C4874,男,普通,App自然注册,45,互联网从业,苏州,单身青年,否
C4875,女,普通,App自然注册,40,企业职员,杭州,三口之家,否
C4876,男,普通,线下扫码,30,服务业,武汉,多口之家,否
C4877,女,普通,App自然注册,29,企业职员,其他,三口之家,否
C4878,女,普通,外卖平台导流,41,公务员,苏州,三口之家,否
C4879,女,银卡,App自然注册,31,企业职员,上海,单身青年,否
C4880,女,银卡,微信小程序,25,互联网从业,上海,多口之家,否
C4881,女,银卡,App自然注册,22,全职主妇,上海,二人世界,否
C4882,男,普通,线下扫码,38,企业职员,其他,三口之家,否
C4883,女,普通,线下扫码,37,企业职员,青岛,单身青年,否
C4884,男,银卡,App自然注册,30,企业职员,上海,三口之家,否
C4885,男,普通,线下扫码,34,企业职员,上海,三口之家,否
C4886,男,普通,微信小程序,29,企业职员,广州,多口之家,否
C4887,男,银卡,线下扫码,37,自由职业,天津,三口之家,否
C4888,女,普通,App自然注册,32,企业职员,其他,三口之家,否
C4889,男,普通,社群裂变,34,学生,杭州,三口之家,否
C4890,男,银卡,微信小程序,33,企业职员,其他,三口之家,否
C4891,女,银卡,社群裂变,25,企业职员,广州,单身青年,否
C4892,女,金卡,线下扫码,36,企业职员,天津,三口之家,是
C4893,女,普通,App自然注册,34,全职主妇,上海,单身青年,否
C4894,男,普通,App自然注册,45,其他,北京,三口之家,否
C4895,女,银卡,微信小程序,30,全职主妇,其他,银发族,否
C4896,男,金卡,App自然注册,34,企业职员,成都,二人世界,是
C4897,女,普通,App自然注册,28,互联网从业,重庆,三口之家,否
C4898,男,银卡,App自然注册,28,企业职员,北京,银发族,否
C4899,女,银卡,社群裂变,32,其他,北京,多口之家,否
C4900,男,银卡,线下扫码,40,学生,深圳,三口之家,否
C4901,男,银卡,社群裂变,31,学生,苏州,二人世界,否
C4902,女,普通,App自然注册,35,企业职员,武汉,单身青年,否
C4903,女,普通,地推活动,37,其他,苏州,银发族,否
C4904,女,银卡,线下扫码,32,服务业,其他,银发族,否
C4905,女,普通,App自然注册,34,公务员,成都,三口之家,否
C4906,男,银卡,微信小程序,26,互联网从业,苏州,银发族,否
C4907,女,银卡,社群裂变,22,服务业,重庆,三口之家,否
C4908,女,普通,微信小程序,33,企业职员,天津,二人世界,否
C4909,男,普通,微信小程序,37,企业职员,深圳,二人世界,否
C4910,女,普通,地推活动,25,互联网从业,青岛,银发族,否
C4911,男,普通,地推活动,40,自由职业,西安,单身青年,否
C4912,女,银卡,微信小程序,38,互联网从业,郑州,银发族,否
C4913,女,普通,地推活动,23,企业职员,上海,二人世界,否
C4914,男,银卡,线下扫码,44,企业职员,深圳,二人世界,否
C4915,男,银卡,App自然注册,35,自由职业,成都,三口之家,否
C4916,女,银卡,App自然注册,29,企业职员,长沙,三口之家,否
C4917,女,银卡,外卖平台导流,31,自由职业,苏州,三口之家,否
C4918,男,普通,微信小程序,36,其他,天津,二人世界,否
C4919,男,银卡,App自然注册,41,全职主妇,广州,三口之家,否
C4920,女,普通,地推活动,37,公务员,重庆,三口之家,否
C4921,女,普通,微信小程序,27,其他,深圳,单身青年,否
C4922,女,普通,微信小程序,32,全职主妇,郑州,单身青年,否
C4923,女,普通,App自然注册,24,互联网从业,青岛,单身青年,否
C4924,女,普通,微信小程序,32,企业职员,上海,三口之家,否
C4925,女,普通,外卖平台导流,37,企业职员,广州,二人世界,否
C4926,女,银卡,外卖平台导流,36,服务业,郑州,单身青年,否
C4927,男,银卡,微信小程序,42,企业职员,武汉,单身青年,否
C4928,女,金卡,App自然注册,37,企业职员,成都,多口之家,是
C4929,女,银卡,微信小程序,39,企业职员,长沙,三口之家,否
C4930,男,普通,微信小程序,33,公务员,西安,二人世界,否
C4931,男,普通,微信小程序,39,互联网从业,北京,三口之家,否
C4932,男,银卡,App自然注册,35,全职主妇,深圳,二人世界,否
C4933,女,普通,外卖平台导流,28,全职主妇,其他,三口之家,否
C4934,女,银卡,外卖平台导流,36,企业职员,成都,三口之家,否
C4935,男,普通,App自然注册,24,企业职员,郑州,单身青年,否
C4936,男,普通,微信小程序,34,公务员,杭州,单身青年,否
C4937,男,银卡,微信小程序,34,服务业,重庆,多口之家,否
C4938,男,普通,微信小程序,43,互联网从业,深圳,多口之家,否
C4939,女,普通,App自然注册,27,服务业,深圳,单身青年,否
C4940,男,普通,线下扫码,48,学生,重庆,三口之家,否
C4941,女,普通,社群裂变,42,互联网从业,重庆,二人世界,否
C4942,男,普通,社群裂变,25,企业职员,武汉,二人世界,否
C4943,女,银卡,外卖平台导流,44,全职主妇,青岛,二人世界,否
C4944,女,普通,微信小程序,34,学生,武汉,银发族,否
C4945,男,银卡,社群裂变,38,自由职业,青岛,单身青年,否
C4946,女,普通,线下扫码,38,企业职员,深圳,多口之家,否
C4947,男,普通,微信小程序,37,企业职员,苏州,三口之家,否
C4948,女,普通,微信小程序,37,互联网从业,其他,三口之家,否
C4949,女,金卡,外卖平台导流,24,全职主妇,苏州,二人世界,是
C4950,女,金卡,线下扫码,41,学生,其他,单身青年,是
C4951,女,普通,微信小程序,31,互联网从业,杭州,单身青年,否
C4952,女,普通,微信小程序,31,公务员,成都,三口之家,否
C4953,男,普通,微信小程序,35,服务业,上海,单身青年,否
C4954,女,金卡,地推活动,37,服务业,西安,单身青年,是
C4955,男,普通,线下扫码,30,学生,深圳,三口之家,否
C4956,男,银卡,线下扫码,37,企业职员,苏州,二人世界,否
C4957,男,普通,地推活动,37,其他,武汉,多口之家,否
C4958,男,普通,线下扫码,44,其他,西安,三口之家,否
C4959,女,金卡,微信小程序,37,服务业,天津,多口之家,是
C4960,男,金卡,线下扫码,37,服务业,广州,多口之家,是
C4961,男,银卡,微信小程序,41,企业职员,南京,三口之家,否
C4962,男,普通,社群裂变,48,全职主妇,深圳,三口之家,否
C4963,男,金卡,微信小程序,33,公务员,深圳,二人世界,是
C4964,男,普通,线下扫码,35,学生,上海,二人世界,否
C4965,女,普通,微信小程序,34,互联网从业,北京,二人世界,否
C4966,男,普通,App自然注册,24,企业职员,北京,单身青年,否
C4967,女,普通,App自然注册,41,服务业,广州,多口之家,否
C4968,男,银卡,App自然注册,39,互联网从业,青岛,三口之家,否
C4969,男,普通,社群裂变,27,企业职员,上海,单身青年,否
C4970,女,银卡,外卖平台导流,34,企业职员,北京,三口之家,否
C4971,女,普通,线下扫码,48,企业职员,成都,单身青年,否
C4972,女,普通,App自然注册,47,自由职业,北京,二人世界,否
C4973,女,银卡,线下扫码,32,全职主妇,南京,三口之家,否
C4974,女,普通,微信小程序,22,企业职员,其他,单身青年,否
C4975,女,普通,线下扫码,29,学生,上海,三口之家,否
C4976,女,普通,线下扫码,45,企业职员,其他,三口之家,否
C4977,男,普通,线下扫码,37,互联网从业,深圳,单身青年,否
C4978,女,普通,App自然注册,29,全职主妇,重庆,单身青年,否
C4979,女,银卡,社群裂变,48,其他,深圳,三口之家,否
C4980,女,普通,App自然注册,39,自由职业,武汉,多口之家,否
C4981,男,普通,外卖平台导流,41,自由职业,南京,三口之家,否
C4982,男,普通,线下扫码,36,企业职员,北京,银发族,否
C4983,女,普通,线下扫码,42,自由职业,上海,二人世界,否
C4984,男,普通,App自然注册,22,企业职员,重庆,三口之家,否
C4985,男,普通,社群裂变,39,全职主妇,成都,三口之家,否
C4986,男,普通,地推活动,37,其他,深圳,二人世界,否
C4987,女,普通,微信小程序,28,自由职业,广州,多口之家,否
C4988,男,普通,微信小程序,48,全职主妇,上海,三口之家,否
C4989,男,银卡,微信小程序,41,学生,苏州,三口之家,否
C4990,女,金卡,微信小程序,28,全职主妇,杭州,单身青年,是
C4991,男,金卡,App自然注册,39,互联网从业,上海,三口之家,否
C4992,男,银卡,地推活动,42,全职主妇,上海,银发族,否
C4993,女,普通,微信小程序,38,全职主妇,青岛,三口之家,否
C4994,女,金卡,线下扫码,25,其他,北京,三口之家,是
C4995,男,普通,App自然注册,45,企业职员,成都,二人世界,否
C4996,男,银卡,微信小程序,22,全职主妇,深圳,多口之家,否
C4997,女,普通,App自然注册,28,互联网从业,其他,三口之家,否
C4998,女,普通,App自然注册,31,全职主妇,北京,单身青年,否
C4999,女,普通,线下扫码,31,自由职业,北京,三口之家,否
C5000,女,黑金,微信小程序,37,全职主妇,杭州,三口之家,是
C5001,女,普通,微信小程序,43,学生,南京,三口之家,否
C5002,男,银卡,线下扫码,42,其他,北京,多口之家,否
C5003,女,普通,微信小程序,34,公务员,深圳,三口之家,否
C5004,男,银卡,线下扫码,37,全职主妇,广州,多口之家,否
C5005,女,普通,App自然注册,26,自由职业,苏州,三口之家,否
C5006,女,普通,微信小程序,46,企业职员,西安,二人世界,否
C5007,女,普通,微信小程序,30,学生,深圳,三口之家,否
C5008,男,银卡,App自然注册,41,互联网从业,天津,三口之家,否
C5009,女,普通,微信小程序,45,企业职员,天津,单身青年,否
C5010,男,普通,App自然注册,38,自由职业,长沙,三口之家,否
C5011,女,银卡,微信小程序,35,互联网从业,其他,单身青年,否
C5012,男,银卡,线下扫码,39,自由职业,上海,二人世界,否
C5013,男,普通,外卖平台导流,34,互联网从业,郑州,三口之家,否
C5014,女,普通,App自然注册,34,其他,成都,单身青年,否
C5015,女,普通,线下扫码,43,企业职员,成都,三口之家,否
C5016,男,普通,线下扫码,29,互联网从业,杭州,三口之家,否
C5017,女,普通,线下扫码,44,自由职业,深圳,二人世界,否
C5018,男,普通,App自然注册,33,互联网从业,上海,单身青年,否
C5019,男,普通,线下扫码,35,其他,西安,单身青年,否
C5020,女,银卡,微信小程序,40,服务业,上海,银发族,否
C5021,男,普通,微信小程序,32,全职主妇,杭州,二人世界,否
C5022,女,普通,App自然注册,36,服务业,成都,三口之家,否
C5023,男,普通,线下扫码,34,公务员,杭州,三口之家,否
C5024,男,黑金,微信小程序,42,企业职员,长沙,单身青年,是
C5025,女,普通,App自然注册,35,服务业,成都,二人世界,否
C5026,男,普通,社群裂变,43,全职主妇,深圳,二人世界,否
C5027,男,金卡,App自然注册,46,企业职员,北京,单身青年,否
C5028,女,普通,App自然注册,36,企业职员,广州,三口之家,否
C5029,男,银卡,微信小程序,37,企业职员,北京,二人世界,否
C5030,女,普通,App自然注册,34,企业职员,其他,多口之家,否
C5031,男,金卡,社群裂变,37,学生,其他,单身青年,是
C5032,男,银卡,外卖平台导流,30,服务业,其他,单身青年,否
C5033,女,普通,线下扫码,23,企业职员,成都,单身青年,否
C5034,男,银卡,社群裂变,32,全职主妇,长沙,三口之家,否
C5035,男,银卡,微信小程序,44,互联网从业,南京,多口之家,否
C5036,女,普通,App自然注册,35,服务业,深圳,二人世界,否
C5037,男,普通,微信小程序,39,企业职员,深圳,三口之家,否
C5038,男,银卡,线下扫码,30,企业职员,武汉,单身青年,否
C5039,男,银卡,外卖平台导流,34,全职主妇,上海,银发族,否
C5040,女,普通,微信小程序,28,其他,南京,二人世界,否
C5041,女,普通,微信小程序,39,互联网从业,北京,三口之家,否
C5042,女,银卡,外卖平台导流,28,企业职员,广州,三口之家,否
C5043,男,普通,微信小程序,34,互联网从业,广州,二人世界,否
C5044,女,银卡,App自然注册,46,互联网从业,北京,多口之家,否
C5045,女,银卡,App自然注册,22,全职主妇,深圳,多口之家,否
C5046,女,普通,外卖平台导流,39,互联网从业,其他,单身青年,否
C5047,男,普通,线下扫码,38,服务业,武汉,三口之家,否
C5048,男,普通,微信小程序,44,企业职员,上海,单身青年,否
C5049,男,普通,微信小程序,31,企业职员,其他,三口之家,否
C5050,女,普通,社群裂变,38,企业职员,苏州,二人世界,否
C5051,女,普通,微信小程序,40,企业职员,其他,单身青年,否
C5052,女,普通,App自然注册,41,自由职业,其他,三口之家,否
C5053,男,银卡,线下扫码,36,自由职业,成都,银发族,否
C5054,男,普通,App自然注册,42,自由职业,北京,三口之家,否
C5055,男,普通,外卖平台导流,31,互联网从业,深圳,单身青年,否
C5056,男,普通,线下扫码,34,全职主妇,北京,三口之家,否
C5057,男,普通,社群裂变,24,服务业,广州,多口之家,否
C5058,男,普通,微信小程序,30,学生,成都,多口之家,否
C5059,女,普通,微信小程序,33,服务业,天津,多口之家,否
C5060,男,普通,地推活动,41,互联网从业,天津,三口之家,否
C5061,女,普通,App自然注册,35,企业职员,北京,单身青年,否
C5062,女,普通,微信小程序,30,其他,北京,二人世界,否
C5063,男,普通,App自然注册,32,企业职员,成都,单身青年,否
C5064,女,银卡,线下扫码,48,互联网从业,广州,单身青年,否
C5065,男,普通,社群裂变,30,全职主妇,武汉,三口之家,否
C5066,男,普通,线下扫码,33,企业职员,天津,多口之家,否
C5067,男,普通,社群裂变,43,公务员,其他,单身青年,否
C5068,女,普通,线下扫码,39,企业职员,广州,三口之家,否
C5069,女,银卡,微信小程序,30,企业职员,苏州,多口之家,否
C5070,男,普通,微信小程序,31,企业职员,武汉,单身青年,否
C5071,男,普通,App自然注册,27,自由职业,上海,单身青年,否
C5072,女,金卡,App自然注册,40,服务业,上海,多口之家,是
C5073,女,普通,线下扫码,34,企业职员,西安,三口之家,否
C5074,男,普通,地推活动,44,学生,北京,多口之家,否
C5075,男,普通,微信小程序,43,全职主妇,其他,多口之家,否
C5076,女,银卡,外卖平台导流,37,企业职员,苏州,三口之家,否
C5077,男,银卡,外卖平台导流,22,学生,长沙,银发族,否
C5078,男,金卡,微信小程序,34,全职主妇,重庆,三口之家,否
C5079,男,金卡,微信小程序,30,企业职员,天津,三口之家,是
C5080,女,普通,微信小程序,34,企业职员,成都,单身青年,否
C5081,男,普通,App自然注册,42,学生,北京,三口之家,否
C5082,女,普通,线下扫码,39,服务业,青岛,银发族,否
C5083,男,银卡,微信小程序,37,企业职员,南京,二人世界,否
C5084,男,普通,微信小程序,34,服务业,广州,银发族,否
C5085,男,普通,App自然注册,28,公务员,深圳,二人世界,否
C5086,女,金卡,App自然注册,33,其他,深圳,三口之家,是
C5087,男,银卡,地推活动,40,自由职业,上海,多口之家,否
C5088,女,普通,微信小程序,34,企业职员,成都,单身青年,否
C5089,男,银卡,地推活动,37,其他,深圳,单身青年,否
C5090,女,普通,外卖平台导流,24,公务员,南京,三口之家,否
C5091,女,普通,地推活动,48,自由职业,南京,单身青年,否
C5092,男,普通,微信小程序,42,全职主妇,成都,二人世界,否
C5093,女,银卡,微信小程序,29,自由职业,其他,三口之家,否
C5094,女,普通,微信小程序,42,企业职员,广州,多口之家,否
C5095,女,普通,社群裂变,31,全职主妇,天津,三口之家,否
C5096,女,普通,App自然注册,32,其他,武汉,银发族,否
C5097,男,普通,微信小程序,39,企业职员,南京,三口之家,否
C5098,女,普通,微信小程序,35,学生,深圳,单身青年,否
C5099,女,银卡,线下扫码,30,公务员,西安,多口之家,否
C5100,男,普通,App自然注册,32,全职主妇,上海,多口之家,否
C5101,男,银卡,App自然注册,41,自由职业,西安,三口之家,否
C5102,男,普通,外卖平台导流,38,服务业,广州,多口之家,否
C5103,女,普通,线下扫码,41,互联网从业,深圳,多口之家,否
C5104,男,银卡,App自然注册,22,企业职员,杭州,二人世界,否
C5105,女,普通,App自然注册,44,全职主妇,西安,单身青年,否
C5106,女,普通,地推活动,41,其他,苏州,银发族,否
C5107,男,普通,App自然注册,35,企业职员,其他,二人世界,否
C5108,女,普通,外卖平台导流,30,企业职员,深圳,二人世界,否
C5109,女,银卡,微信小程序,45,其他,广州,单身青年,否
C5110,男,普通,微信小程序,45,公务员,上海,单身青年,否
C5111,女,普通,微信小程序,37,全职主妇,上海,单身青年,否
C5112,男,普通,线下扫码,42,企业职员,其他,二人世界,否
C5113,男,金卡,线下扫码,30,企业职员,广州,三口之家,是
C5114,女,普通,微信小程序,27,服务业,广州,三口之家,否
C5115,女,普通,外卖平台导流,26,企业职员,北京,多口之家,否
C5116,男,普通,微信小程序,28,企业职员,上海,单身青年,否
C5117,女,普通,App自然注册,32,其他,深圳,三口之家,否
C5118,女,普通,微信小程序,28,企业职员,成都,三口之家,否
C5119,女,银卡,App自然注册,36,自由职业,郑州,二人世界,否
C5120,男,普通,App自然注册,33,互联网从业,北京,三口之家,否
C5121,男,普通,线下扫码,38,企业职员,郑州,三口之家,否
C5122,男,普通,外卖平台导流,41,互联网从业,天津,三口之家,否
C5123,男,金卡,线下扫码,31,公务员,广州,二人世界,是
C5124,男,普通,微信小程序,37,全职主妇,其他,单身青年,否
C5125,女,普通,微信小程序,26,互联网从业,广州,单身青年,否
C5126,男,普通,App自然注册,24,互联网从业,上海,二人世界,否
C5127,女,普通,微信小程序,43,互联网从业,郑州,二人世界,否
C5128,女,银卡,微信小程序,29,互联网从业,广州,三口之家,否
C5129,女,普通,微信小程序,29,服务业,天津,三口之家,否
C5130,女,金卡,微信小程序,42,全职主妇,杭州,三口之家,否
C5131,男,普通,App自然注册,37,企业职员,苏州,二人世界,否
C5132,女,普通,App自然注册,36,企业职员,深圳,多口之家,否
C5133,女,普通,微信小程序,35,全职主妇,成都,多口之家,否
C5134,男,普通,微信小程序,46,公务员,成都,三口之家,否
C5135,女,普通,线下扫码,38,服务业,深圳,单身青年,否
C5136,男,金卡,微信小程序,39,企业职员,郑州,单身青年,是
C5137,男,普通,App自然注册,42,全职主妇,上海,单身青年,否
C5138,女,普通,地推活动,32,互联网从业,杭州,多口之家,否
C5139,男,普通,线下扫码,33,互联网从业,上海,三口之家,否
C5140,男,银卡,微信小程序,37,互联网从业,上海,三口之家,否
C5141,男,普通,App自然注册,43,自由职业,成都,单身青年,否
C5142,女,普通,地推活动,29,学生,苏州,银发族,否
C5143,女,普通,微信小程序,42,公务员,长沙,多口之家,否
C5144,女,银卡,App自然注册,27,自由职业,天津,单身青年,否
C5145,男,普通,微信小程序,31,全职主妇,苏州,三口之家,否
C5146,女,普通,微信小程序,27,企业职员,广州,三口之家,否
C5147,女,银卡,微信小程序,37,服务业,武汉,银发族,否
C5148,男,普通,App自然注册,30,企业职员,苏州,多口之家,否
C5149,男,银卡,线下扫码,44,企业职员,重庆,多口之家,否
C5150,女,金卡,线下扫码,31,公务员,重庆,多口之家,是
C5151,男,银卡,App自然注册,22,学生,北京,多口之家,否
C5152,女,普通,线下扫码,36,其他,长沙,单身青年,否
C5153,男,普通,线下扫码,28,互联网从业,其他,二人世界,否
C5154,男,银卡,微信小程序,28,服务业,其他,单身青年,否
C5155,女,普通,微信小程序,32,企业职员,苏州,三口之家,否
C5156,女,普通,线下扫码,41,自由职业,天津,三口之家,否
C5157,男,银卡,线下扫码,39,其他,长沙,三口之家,否
C5158,男,金卡,App自然注册,33,自由职业,上海,多口之家,是
C5159,女,普通,微信小程序,23,互联网从业,重庆,单身青年,否
C5160,女,黑金,App自然注册,30,公务员,北京,二人世界,是
C5161,女,普通,微信小程序,38,企业职员,深圳,单身青年,否
C5162,男,普通,微信小程序,38,自由职业,苏州,银发族,否
C5163,女,普通,App自然注册,34,自由职业,青岛,单身青年,否
C5164,女,普通,App自然注册,28,服务业,北京,单身青年,否
C5165,男,金卡,微信小程序,35,互联网从业,西安,单身青年,是
C5166,女,普通,App自然注册,39,企业职员,苏州,三口之家,否
C5167,男,普通,地推活动,37,全职主妇,北京,三口之家,否
C5168,女,银卡,微信小程序,36,服务业,西安,二人世界,否
C5169,男,普通,线下扫码,29,全职主妇,北京,银发族,否
C5170,女,普通,App自然注册,37,互联网从业,杭州,三口之家,否
C5171,女,普通,外卖平台导流,26,自由职业,深圳,银发族,否
C5172,女,普通,微信小程序,44,全职主妇,杭州,单身青年,否
C5173,女,普通,微信小程序,41,自由职业,郑州,三口之家,否
C5174,女,银卡,App自然注册,23,全职主妇,重庆,三口之家,否
C5175,男,普通,App自然注册,38,服务业,武汉,单身青年,否
C5176,女,普通,微信小程序,29,服务业,杭州,三口之家,否
C5177,男,普通,微信小程序,30,公务员,杭州,二人世界,否
C5178,男,普通,微信小程序,25,企业职员,南京,二人世界,否
C5179,男,普通,社群裂变,24,互联网从业,北京,三口之家,否
C5180,女,普通,微信小程序,27,企业职员,杭州,银发族,否
C5181,男,普通,社群裂变,34,企业职员,广州,三口之家,否
C5182,男,普通,微信小程序,41,公务员,上海,二人世界,否
C5183,女,普通,App自然注册,35,企业职员,上海,三口之家,否
C5184,男,普通,外卖平台导流,37,企业职员,天津,银发族,否
C5185,女,普通,社群裂变,30,全职主妇,杭州,三口之家,否
C5186,男,银卡,App自然注册,22,其他,北京,多口之家,否
C5187,男,普通,外卖平台导流,33,自由职业,广州,多口之家,否
C5188,男,银卡,App自然注册,37,全职主妇,西安,二人世界,否
C5189,女,普通,社群裂变,39,企业职员,深圳,银发族,否
C5190,男,银卡,微信小程序,43,企业职员,天津,三口之家,否
C5191,女,银卡,App自然注册,44,服务业,杭州,多口之家,否
C5192,女,普通,外卖平台导流,30,企业职员,广州,单身青年,否
C5193,女,普通,外卖平台导流,39,全职主妇,长沙,银发族,否
C5194,女,普通,App自然注册,33,企业职员,长沙,单身青年,否
C5195,男,普通,微信小程序,29,互联网从业,北京,二人世界,否
C5196,女,普通,地推活动,25,自由职业,上海,三口之家,否
C5197,男,普通,外卖平台导流,46,互联网从业,北京,银发族,否
C5198,女,银卡,微信小程序,41,企业职员,广州,三口之家,否
C5199,女,银卡,微信小程序,40,互联网从业,上海,三口之家,否
C5200,男,普通,线下扫码,45,企业职员,武汉,银发族,否
C5201,女,银卡,线下扫码,44,服务业,广州,三口之家,否
C5202,男,普通,App自然注册,37,企业职员,其他,三口之家,否
C5203,女,普通,App自然注册,48,其他,青岛,单身青年,否
C5204,男,普通,微信小程序,37,企业职员,成都,单身青年,否
C5205,男,普通,线下扫码,36,其他,西安,多口之家,否
C5206,女,普通,地推活动,40,学生,成都,三口之家,否
C5207,女,普通,微信小程序,27,互联网从业,上海,单身青年,否
C5208,男,普通,线下扫码,32,企业职员,西安,三口之家,否
C5209,男,普通,微信小程序,41,全职主妇,其他,单身青年,否
C5210,男,普通,线下扫码,47,企业职员,深圳,单身青年,否
C5211,男,银卡,外卖平台导流,25,其他,其他,三口之家,否
C5212,女,普通,App自然注册,35,自由职业,南京,二人世界,否
C5213,女,银卡,微信小程序,48,服务业,武汉,二人世界,否
C5214,男,普通,线下扫码,40,企业职员,广州,多口之家,否
C5215,女,普通,微信小程序,47,企业职员,广州,三口之家,否
C5216,男,普通,App自然注册,41,其他,南京,单身青年,否
C5217,男,银卡,App自然注册,25,其他,深圳,银发族,否
C5218,男,普通,线下扫码,42,其他,郑州,三口之家,否
C5219,女,银卡,App自然注册,34,其他,杭州,二人世界,否
C5220,女,普通,微信小程序,28,自由职业,上海,多口之家,否
C5221,男,普通,线下扫码,25,企业职员,上海,单身青年,否
C5222,女,银卡,外卖平台导流,48,自由职业,天津,单身青年,否
C5223,男,普通,社群裂变,36,互联网从业,成都,三口之家,否
C5224,女,银卡,微信小程序,32,企业职员,郑州,单身青年,否
C5225,男,普通,线下扫码,36,自由职业,广州,三口之家,否
C5226,男,银卡,App自然注册,46,服务业,广州,三口之家,否
C5227,男,普通,微信小程序,33,公务员,北京,多口之家,否
C5228,男,银卡,微信小程序,27,自由职业,上海,单身青年,否
C5229,男,普通,微信小程序,31,全职主妇,武汉,单身青年,否
C5230,男,普通,地推活动,44,其他,郑州,三口之家,否
C5231,女,普通,App自然注册,36,服务业,重庆,三口之家,否
C5232,男,普通,App自然注册,39,企业职员,重庆,三口之家,否
C5233,女,银卡,App自然注册,27,全职主妇,武汉,单身青年,否
C5234,女,普通,App自然注册,34,全职主妇,上海,单身青年,否
C5235,女,普通,微信小程序,27,企业职员,郑州,二人世界,否
C5236,男,普通,微信小程序,33,互联网从业,西安,三口之家,否
C5237,男,普通,线下扫码,28,其他,北京,单身青年,否
C5238,女,普通,外卖平台导流,31,企业职员,北京,三口之家,否
C5239,男,普通,社群裂变,37,企业职员,北京,二人世界,否
C5240,女,金卡,App自然注册,38,其他,青岛,三口之家,是
C5241,女,金卡,App自然注册,33,学生,长沙,三口之家,是
C5242,女,金卡,微信小程序,31,企业职员,武汉,三口之家,是
C5243,女,普通,线下扫码,31,公务员,苏州,二人世界,否
C5244,女,普通,微信小程序,22,服务业,深圳,银发族,否
C5245,男,普通,App自然注册,48,企业职员,南京,多口之家,否
C5246,女,银卡,App自然注册,26,其他,上海,单身青年,否
C5247,男,普通,微信小程序,32,服务业,深圳,三口之家,否
C5248,男,普通,线下扫码,35,自由职业,北京,单身青年,否
C5249,女,普通,社群裂变,29,自由职业,北京,多口之家,否
C5250,女,普通,社群裂变,32,企业职员,武汉,三口之家,否
C5251,女,银卡,地推活动,35,公务员,北京,三口之家,否
C5252,女,普通,社群裂变,36,互联网从业,深圳,多口之家,否
C5253,男,普通,App自然注册,46,互联网从业,上海,银发族,否
C5254,女,普通,外卖平台导流,38,企业职员,苏州,三口之家,否
C5255,女,普通,外卖平台导流,38,公务员,成都,单身青年,否
C5256,男,普通,外卖平台导流,47,互联网从业,重庆,银发族,否
C5257,女,银卡,App自然注册,36,企业职员,郑州,多口之家,否
C5258,女,银卡,微信小程序,29,自由职业,苏州,三口之家,否
C5259,男,普通,App自然注册,28,互联网从业,深圳,单身青年,否
C5260,女,银卡,微信小程序,42,公务员,武汉,单身青年,否
C5261,男,金卡,App自然注册,25,企业职员,长沙,单身青年,是
C5262,女,普通,社群裂变,37,其他,武汉,多口之家,否
C5263,男,普通,外卖平台导流,24,互联网从业,上海,多口之家,否
C5264,男,普通,线下扫码,27,其他,广州,银发族,否
C5265,女,普通,地推活动,27,自由职业,武汉,单身青年,否
C5266,女,普通,App自然注册,34,互联网从业,苏州,二人世界,否
C5267,男,普通,微信小程序,39,服务业,成都,单身青年,否
C5268,女,银卡,微信小程序,24,公务员,郑州,单身青年,否
C5269,女,普通,线下扫码,37,服务业,广州,三口之家,否
C5270,男,普通,线下扫码,30,全职主妇,青岛,三口之家,否
C5271,男,普通,线下扫码,48,全职主妇,西安,三口之家,否
C5272,男,普通,微信小程序,27,自由职业,长沙,二人世界,否
C5273,女,普通,线下扫码,29,自由职业,长沙,三口之家,否
C5274,男,银卡,微信小程序,29,企业职员,深圳,多口之家,否
C5275,女,普通,App自然注册,22,服务业,其他,二人世界,否
C5276,女,普通,App自然注册,37,企业职员,天津,多口之家,否
C5277,女,银卡,App自然注册,38,企业职员,长沙,多口之家,否
C5278,男,普通,微信小程序,44,其他,上海,二人世界,否
C5279,男,普通,社群裂变,34,其他,上海,三口之家,否
C5280,女,普通,外卖平台导流,33,全职主妇,杭州,二人世界,否
C5281,男,银卡,微信小程序,38,其他,重庆,多口之家,否
C5282,女,银卡,地推活动,36,其他,苏州,三口之家,否
C5283,男,银卡,线下扫码,33,互联网从业,北京,三口之家,否
C5284,男,普通,App自然注册,48,企业职员,深圳,三口之家,否
C5285,男,金卡,外卖平台导流,37,互联网从业,其他,三口之家,是
C5286,女,普通,地推活动,48,全职主妇,杭州,三口之家,否
C5287,男,金卡,微信小程序,31,全职主妇,成都,三口之家,是
C5288,女,银卡,地推活动,22,自由职业,其他,三口之家,否
C5289,男,普通,微信小程序,44,企业职员,郑州,多口之家,否
C5290,女,银卡,线下扫码,40,其他,北京,多口之家,否
C5291,女,银卡,微信小程序,40,学生,成都,多口之家,否
C5292,男,普通,微信小程序,32,自由职业,成都,单身青年,否
C5293,男,金卡,App自然注册,35,互联网从业,深圳,三口之家,是
C5294,男,银卡,微信小程序,32,学生,其他,三口之家,否
C5295,女,金卡,App自然注册,31,学生,北京,银发族,是
C5296,男,银卡,社群裂变,38,企业职员,重庆,三口之家,否
C5297,男,普通,社群裂变,35,服务业,青岛,二人世界,否
C5298,女,普通,线下扫码,38,自由职业,重庆,三口之家,否
C5299,男,金卡,外卖平台导流,35,自由职业,苏州,单身青年,是
C5300,女,银卡,社群裂变,36,互联网从业,其他,二人世界,否
C5301,男,金卡,地推活动,35,学生,广州,三口之家,否
C5302,女,银卡,地推活动,26,其他,重庆,三口之家,否
C5303,男,普通,微信小程序,29,服务业,长沙,二人世界,否
C5304,女,普通,App自然注册,31,全职主妇,郑州,单身青年,否
C5305,女,金卡,线下扫码,45,企业职员,深圳,单身青年,是
C5306,女,普通,线下扫码,36,互联网从业,上海,单身青年,否
C5307,女,银卡,App自然注册,35,互联网从业,苏州,单身青年,否
C5308,女,金卡,App自然注册,25,企业职员,其他,二人世界,否
C5309,男,银卡,外卖平台导流,39,服务业,重庆,二人世界,否
C5310,男,普通,外卖平台导流,36,自由职业,成都,多口之家,否
C5311,女,普通,线下扫码,37,互联网从业,北京,二人世界,否
C5312,女,金卡,App自然注册,32,企业职员,成都,多口之家,否
C5313,女,普通,外卖平台导流,34,企业职员,南京,三口之家,否
C5314,男,银卡,微信小程序,29,全职主妇,北京,银发族,否
C5315,女,普通,外卖平台导流,43,其他,杭州,三口之家,否
C5316,女,普通,微信小程序,29,企业职员,重庆,三口之家,否
C5317,男,普通,地推活动,37,企业职员,成都,单身青年,否
C5318,女,普通,线下扫码,48,学生,北京,二人世界,否
C5319,男,普通,微信小程序,33,全职主妇,武汉,三口之家,否
C5320,男,银卡,外卖平台导流,39,企业职员,北京,三口之家,否
C5321,男,普通,外卖平台导流,46,自由职业,其他,多口之家,否
C5322,女,黑金,App自然注册,40,自由职业,苏州,三口之家,是
C5323,女,普通,外卖平台导流,30,自由职业,广州,单身青年,否
C5324,女,银卡,外卖平台导流,34,互联网从业,苏州,单身青年,否
C5325,女,银卡,App自然注册,25,其他,武汉,三口之家,否
C5326,女,普通,线下扫码,38,公务员,其他,三口之家,否
C5327,男,普通,微信小程序,25,全职主妇,其他,二人世界,否
C5328,女,普通,外卖平台导流,39,全职主妇,天津,单身青年,否
C5329,女,银卡,线下扫码,34,企业职员,天津,单身青年,否
C5330,男,普通,微信小程序,45,自由职业,北京,多口之家,否
C5331,女,银卡,微信小程序,40,企业职员,北京,单身青年,否
C5332,女,银卡,微信小程序,43,企业职员,北京,三口之家,否
C5333,女,银卡,App自然注册,34,公务员,武汉,银发族,否
C5334,女,普通,微信小程序,22,全职主妇,南京,三口之家,否
C5335,女,普通,App自然注册,44,服务业,苏州,三口之家,否
C5336,男,普通,外卖平台导流,37,企业职员,西安,三口之家,否
C5337,女,金卡,微信小程序,36,企业职员,广州,三口之家,否
C5338,男,银卡,社群裂变,38,服务业,其他,二人世界,否
C5339,女,普通,微信小程序,31,自由职业,上海,多口之家,否
C5340,男,银卡,微信小程序,38,企业职员,上海,二人世界,否
C5341,女,普通,外卖平台导流,31,互联网从业,广州,二人世界,否
C5342,女,普通,外卖平台导流,41,服务业,广州,多口之家,否
C5343,男,普通,微信小程序,34,服务业,天津,二人世界,否
C5344,女,普通,App自然注册,24,企业职员,其他,单身青年,否
C5345,男,普通,社群裂变,27,公务员,青岛,二人世界,否
C5346,女,银卡,App自然注册,36,企业职员,上海,三口之家,否
C5347,女,银卡,微信小程序,23,企业职员,西安,单身青年,否
C5348,女,普通,微信小程序,24,公务员,成都,三口之家,否
C5349,男,黑金,微信小程序,32,企业职员,天津,二人世界,是
C5350,女,银卡,微信小程序,43,全职主妇,广州,三口之家,否
C5351,男,普通,社群裂变,26,互联网从业,武汉,二人世界,否
C5352,男,普通,App自然注册,48,企业职员,深圳,银发族,否
C5353,男,普通,App自然注册,43,互联网从业,广州,银发族,否
C5354,男,普通,微信小程序,34,自由职业,广州,银发族,否
C5355,男,普通,外卖平台导流,33,企业职员,苏州,单身青年,否
C5356,女,普通,App自然注册,34,互联网从业,上海,多口之家,否
C5357,女,普通,微信小程序,44,服务业,成都,三口之家,否
C5358,女,普通,微信小程序,31,企业职员,南京,单身青年,否
C5359,男,银卡,微信小程序,35,互联网从业,北京,三口之家,否
C5360,男,普通,社群裂变,27,互联网从业,其他,单身青年,否
C5361,男,银卡,微信小程序,36,企业职员,北京,多口之家,否
C5362,女,银卡,App自然注册,39,学生,广州,三口之家,否
C5363,男,金卡,外卖平台导流,39,学生,上海,多口之家,否
C5364,男,普通,App自然注册,38,公务员,苏州,单身青年,否
C5365,女,普通,社群裂变,34,全职主妇,深圳,三口之家,否
C5366,男,银卡,线下扫码,22,企业职员,上海,单身青年,否
C5367,男,金卡,线下扫码,42,企业职员,北京,三口之家,否
C5368,女,普通,微信小程序,42,全职主妇,成都,三口之家,否
C5369,男,黑金,微信小程序,39,其他,南京,二人世界,是
C5370,男,普通,社群裂变,43,学生,深圳,单身青年,否
C5371,女,银卡,线下扫码,30,自由职业,西安,三口之家,否
C5372,男,普通,App自然注册,36,企业职员,成都,三口之家,否
C5373,男,普通,App自然注册,34,互联网从业,西安,三口之家,否
C5374,女,银卡,App自然注册,32,学生,北京,二人世界,否
C5375,女,普通,微信小程序,31,自由职业,重庆,二人世界,否
C5376,男,银卡,线下扫码,22,企业职员,青岛,单身青年,否
C5377,男,普通,App自然注册,34,自由职业,南京,三口之家,否
C5378,男,金卡,微信小程序,37,其他,其他,多口之家,是
C5379,男,普通,外卖平台导流,43,企业职员,上海,单身青年,否
C5380,男,普通,微信小程序,34,全职主妇,杭州,三口之家,否
C5381,男,银卡,微信小程序,29,全职主妇,广州,银发族,否
C5382,男,普通,App自然注册,40,自由职业,北京,单身青年,否
C5383,男,普通,社群裂变,32,自由职业,南京,银发族,否
C5384,女,银卡,App自然注册,35,企业职员,上海,多口之家,否
C5385,女,金卡,App自然注册,25,企业职员,深圳,三口之家,否
C5386,女,普通,社群裂变,40,企业职员,北京,三口之家,否
C5387,男,普通,App自然注册,34,企业职员,南京,单身青年,否
C5388,女,普通,App自然注册,34,学生,重庆,二人世界,否
C5389,男,普通,App自然注册,40,全职主妇,上海,二人世界,否
C5390,女,普通,微信小程序,41,企业职员,西安,三口之家,否
C5391,男,普通,微信小程序,36,全职主妇,长沙,多口之家,否
C5392,男,银卡,地推活动,41,企业职员,成都,三口之家,否
C5393,女,普通,App自然注册,23,企业职员,其他,多口之家,否
C5394,女,普通,社群裂变,45,企业职员,上海,单身青年,否
C5395,女,银卡,微信小程序,36,学生,天津,多口之家,否
C5396,男,普通,微信小程序,38,公务员,深圳,三口之家,否
C5397,女,黑金,微信小程序,33,企业职员,成都,二人世界,是
C5398,男,银卡,微信小程序,29,企业职员,成都,多口之家,否
C5399,男,普通,App自然注册,40,企业职员,武汉,三口之家,否
C5400,女,普通,App自然注册,40,全职主妇,郑州,三口之家,否
C5401,女,普通,微信小程序,46,其他,其他,三口之家,否
C5402,男,银卡,App自然注册,40,服务业,杭州,三口之家,否
C5403,男,金卡,微信小程序,28,企业职员,其他,三口之家,是
C5404,女,普通,线下扫码,29,全职主妇,上海,单身青年,否
C5405,女,普通,外卖平台导流,23,互联网从业,重庆,单身青年,否
C5406,男,银卡,微信小程序,46,全职主妇,北京,三口之家,否
C5407,男,金卡,微信小程序,27,全职主妇,长沙,单身青年,是
C5408,男,普通,微信小程序,38,企业职员,深圳,三口之家,否
C5409,男,银卡,微信小程序,26,互联网从业,成都,银发族,否
C5410,男,普通,线下扫码,35,企业职员,广州,三口之家,否
C5411,女,普通,地推活动,39,全职主妇,其他,三口之家,否
C5412,男,银卡,线下扫码,22,服务业,广州,三口之家,否
C5413,男,银卡,微信小程序,35,服务业,杭州,二人世界,否
C5414,女,普通,地推活动,26,自由职业,天津,单身青年,否
C5415,女,银卡,App自然注册,38,互联网从业,上海,二人世界,否
C5416,女,普通,App自然注册,40,服务业,广州,单身青年,否
C5417,女,银卡,微信小程序,48,企业职员,深圳,多口之家,否
C5418,男,普通,App自然注册,35,互联网从业,北京,三口之家,否
C5419,男,银卡,微信小程序,42,互联网从业,北京,二人世界,否
C5420,女,普通,线下扫码,26,其他,青岛,三口之家,否
C5421,男,普通,App自然注册,40,企业职员,苏州,三口之家,否
C5422,男,银卡,微信小程序,43,企业职员,杭州,三口之家,否
C5423,男,普通,App自然注册,42,互联网从业,深圳,多口之家,否
C5424,女,银卡,外卖平台导流,37,企业职员,广州,三口之家,否
C5425,男,普通,App自然注册,35,全职主妇,北京,三口之家,否
C5426,女,普通,App自然注册,28,其他,郑州,多口之家,否
C5427,男,银卡,社群裂变,42,企业职员,苏州,三口之家,否
C5428,女,普通,线下扫码,37,互联网从业,深圳,二人世界,否
C5429,男,银卡,社群裂变,37,服务业,其他,单身青年,否
C5430,女,普通,微信小程序,48,其他,成都,三口之家,否
C5431,男,普通,微信小程序,33,企业职员,杭州,多口之家,否
C5432,女,普通,微信小程序,22,企业职员,北京,三口之家,否
C5433,男,普通,社群裂变,33,服务业,成都,二人世界,否
C5434,男,银卡,App自然注册,36,自由职业,北京,多口之家,否
C5435,男,普通,微信小程序,37,全职主妇,杭州,三口之家,否
C5436,女,普通,线下扫码,34,服务业,长沙,单身青年,否
C5437,女,普通,App自然注册,32,服务业,深圳,三口之家,否
C5438,女,普通,线下扫码,38,学生,广州,二人世界,否
C5439,女,普通,微信小程序,35,企业职员,深圳,单身青年,否
C5440,男,普通,微信小程序,39,学生,西安,三口之家,否
C5441,男,银卡,App自然注册,36,企业职员,其他,三口之家,否
C5442,女,普通,App自然注册,27,服务业,深圳,三口之家,否
C5443,女,银卡,App自然注册,44,互联网从业,西安,银发族,否
C5444,女,普通,微信小程序,34,服务业,成都,多口之家,否
C5445,女,普通,App自然注册,30,学生,长沙,三口之家,否
C5446,男,银卡,线下扫码,28,自由职业,其他,单身青年,否
C5447,女,普通,线下扫码,36,其他,北京,三口之家,否
C5448,女,金卡,App自然注册,22,企业职员,其他,单身青年,是
C5449,女,普通,线下扫码,46,公务员,上海,多口之家,否
C5450,女,普通,线下扫码,26,互联网从业,长沙,单身青年,否
C5451,女,银卡,线下扫码,26,其他,郑州,单身青年,否
C5452,男,银卡,线下扫码,22,互联网从业,广州,二人世界,否
C5453,女,普通,微信小程序,38,其他,郑州,二人世界,否
C5454,女,银卡,社群裂变,33,企业职员,南京,三口之家,否
C5455,男,普通,微信小程序,25,企业职员,苏州,单身青年,否
C5456,男,普通,线下扫码,24,全职主妇,广州,三口之家,否
C5457,女,银卡,地推活动,26,企业职员,其他,多口之家,否
C5458,男,普通,社群裂变,34,自由职业,深圳,二人世界,否
C5459,女,普通,线下扫码,35,企业职员,上海,三口之家,否
C5460,男,金卡,线下扫码,37,全职主妇,北京,单身青年,是
C5461,女,银卡,地推活动,32,服务业,郑州,三口之家,否
C5462,男,普通,外卖平台导流,34,自由职业,成都,二人世界,否
C5463,男,银卡,线下扫码,47,其他,杭州,单身青年,否
C5464,女,普通,外卖平台导流,38,企业职员,天津,三口之家,否
C5465,女,普通,微信小程序,31,企业职员,广州,多口之家,否
C5466,女,金卡,线下扫码,33,企业职员,深圳,二人世界,是
C5467,男,普通,微信小程序,33,服务业,武汉,三口之家,否
C5468,女,普通,微信小程序,23,企业职员,深圳,单身青年,否
C5469,男,普通,社群裂变,26,服务业,苏州,银发族,否
C5470,女,普通,微信小程序,40,自由职业,北京,二人世界,否
C5471,男,普通,App自然注册,46,其他,杭州,银发族,否
C5472,女,普通,App自然注册,32,企业职员,上海,银发族,否
C5473,男,普通,微信小程序,36,互联网从业,广州,二人世界,否
C5474,男,普通,线下扫码,28,企业职员,其他,二人世界,否
C5475,男,普通,App自然注册,43,其他,成都,三口之家,否
C5476,男,普通,外卖平台导流,32,全职主妇,长沙,三口之家,否
C5477,女,普通,社群裂变,42,其他,其他,三口之家,否
C5478,男,普通,微信小程序,33,全职主妇,南京,单身青年,否
C5479,女,银卡,外卖平台导流,27,互联网从业,上海,银发族,否
C5480,女,普通,App自然注册,32,全职主妇,北京,二人世界,否
C5481,男,银卡,App自然注册,30,互联网从业,重庆,多口之家,否
C5482,女,普通,社群裂变,37,互联网从业,深圳,三口之家,否
C5483,女,银卡,App自然注册,40,互联网从业,北京,三口之家,否
C5484,女,银卡,微信小程序,40,企业职员,上海,银发族,否
C5485,男,普通,外卖平台导流,31,其他,北京,单身青年,否
C5486,男,普通,线下扫码,31,企业职员,北京,二人世界,否
C5487,女,普通,社群裂变,41,服务业,天津,银发族,否
C5488,男,银卡,外卖平台导流,28,互联网从业,成都,单身青年,否
C5489,男,普通,App自然注册,29,全职主妇,天津,单身青年,否
C5490,女,银卡,外卖平台导流,29,自由职业,杭州,银发族,否
C5491,男,普通,外卖平台导流,40,自由职业,长沙,三口之家,否
C5492,男,金卡,线下扫码,40,自由职业,成都,单身青年,否
C5493,男,普通,App自然注册,41,自由职业,西安,单身青年,否
C5494,男,普通,App自然注册,30,企业职员,其他,二人世界,否
C5495,男,银卡,微信小程序,37,全职主妇,长沙,单身青年,否
C5496,女,普通,线下扫码,41,学生,广州,三口之家,否
C5497,女,银卡,App自然注册,35,全职主妇,长沙,三口之家,否
C5498,男,普通,App自然注册,31,其他,北京,单身青年,否
C5499,男,银卡,App自然注册,29,公务员,长沙,二人世界,否
C5500,男,金卡,App自然注册,31,企业职员,广州,单身青年,是
C5501,女,银卡,线下扫码,35,企业职员,南京,银发族,否
C5502,男,银卡,线下扫码,23,企业职员,深圳,单身青年,否
C5503,女,普通,微信小程序,36,全职主妇,成都,银发族,否
C5504,男,普通,外卖平台导流,27,互联网从业,天津,单身青年,否
C5505,男,普通,App自然注册,47,互联网从业,其他,二人世界,否
C5506,女,普通,外卖平台导流,37,企业职员,郑州,三口之家,否
C5507,男,普通,微信小程序,30,全职主妇,长沙,三口之家,否
C5508,女,普通,App自然注册,39,企业职员,苏州,单身青年,否
C5509,女,普通,微信小程序,36,学生,上海,单身青年,否
C5510,男,银卡,外卖平台导流,31,学生,重庆,二人世界,否
C5511,男,普通,App自然注册,22,学生,西安,三口之家,否
C5512,女,普通,社群裂变,27,企业职员,上海,三口之家,否
C5513,男,普通,App自然注册,43,企业职员,重庆,二人世界,否
C5514,女,普通,线下扫码,29,公务员,杭州,三口之家,否
C5515,女,黑金,外卖平台导流,42,企业职员,北京,单身青年,是
C5516,女,银卡,App自然注册,38,互联网从业,北京,多口之家,否
C5517,男,普通,外卖平台导流,33,服务业,成都,二人世界,否
C5518,男,银卡,线下扫码,27,自由职业,南京,三口之家,否
C5519,女,普通,App自然注册,32,其他,西安,三口之家,否
C5520,女,银卡,微信小程序,39,自由职业,北京,单身青年,否
C5521,女,普通,外卖平台导流,30,自由职业,其他,三口之家,否
C5522,女,普通,App自然注册,37,互联网从业,成都,三口之家,否
C5523,女,普通,地推活动,34,企业职员,青岛,三口之家,否
C5524,女,普通,线下扫码,23,学生,北京,单身青年,否
C5525,女,银卡,社群裂变,38,企业职员,上海,单身青年,否
C5526,男,普通,线下扫码,40,自由职业,广州,三口之家,否
C5527,女,普通,App自然注册,36,企业职员,深圳,三口之家,否
C5528,男,普通,线下扫码,36,其他,上海,单身青年,否
C5529,女,金卡,外卖平台导流,31,自由职业,西安,单身青年,是
C5530,女,普通,App自然注册,32,自由职业,南京,多口之家,否
C5531,女,普通,App自然注册,44,自由职业,成都,多口之家,否
C5532,男,普通,App自然注册,31,全职主妇,杭州,单身青年,否
C5533,女,黑金,线下扫码,24,全职主妇,深圳,多口之家,是
C5534,女,银卡,App自然注册,31,企业职员,青岛,多口之家,否
C5535,女,普通,微信小程序,36,公务员,西安,二人世界,否
C5536,男,银卡,社群裂变,27,企业职员,上海,银发族,否
C5537,男,普通,线下扫码,43,服务业,南京,二人世界,否
C5538,男,普通,社群裂变,36,全职主妇,广州,二人世界,否
C5539,男,普通,线下扫码,38,全职主妇,北京,单身青年,否
C5540,男,普通,线下扫码,26,全职主妇,北京,单身青年,否
C5541,女,普通,微信小程序,38,互联网从业,深圳,二人世界,否
C5542,女,普通,App自然注册,32,全职主妇,深圳,单身青年,否
C5543,女,银卡,微信小程序,37,企业职员,武汉,银发族,否
C5544,男,银卡,线下扫码,34,自由职业,郑州,单身青年,否
C5545,女,普通,地推活动,31,其他,深圳,多口之家,否
C5546,女,普通,微信小程序,33,企业职员,上海,银发族,否
C5547,男,普通,线下扫码,22,自由职业,长沙,二人世界,否
C5548,男,银卡,线下扫码,33,互联网从业,北京,银发族,否
C5549,女,普通,线下扫码,43,企业职员,苏州,三口之家,否
C5550,男,普通,社群裂变,35,企业职员,武汉,银发族,否
C5551,男,金卡,App自然注册,31,企业职员,成都,二人世界,是
C5552,男,普通,社群裂变,41,自由职业,西安,三口之家,否
C5553,男,普通,外卖平台导流,25,企业职员,其他,三口之家,否
C5554,女,普通,线下扫码,31,学生,其他,二人世界,否
C5555,男,普通,App自然注册,39,全职主妇,杭州,三口之家,否
C5556,女,普通,社群裂变,25,全职主妇,成都,三口之家,否
C5557,男,普通,微信小程序,36,服务业,长沙,多口之家,否
C5558,男,银卡,外卖平台导流,37,自由职业,武汉,单身青年,否
C5559,女,普通,微信小程序,24,互联网从业,其他,二人世界,否
C5560,女,银卡,线下扫码,29,全职主妇,上海,三口之家,否
C5561,女,普通,App自然注册,32,全职主妇,广州,二人世界,否
C5562,男,普通,线下扫码,34,学生,武汉,多口之家,否
C5563,男,普通,App自然注册,48,服务业,深圳,三口之家,否
C5564,男,普通,App自然注册,26,学生,西安,二人世界,否
C5565,女,普通,App自然注册,35,企业职员,上海,单身青年,否
C5566,女,普通,App自然注册,40,企业职员,杭州,二人世界,否
C5567,女,黑金,微信小程序,48,自由职业,重庆,单身青年,是
C5568,男,银卡,线下扫码,22,全职主妇,青岛,三口之家,否
C5569,女,银卡,外卖平台导流,29,全职主妇,上海,三口之家,否
C5570,男,银卡,线下扫码,48,全职主妇,北京,多口之家,否
C5571,女,普通,App自然注册,33,全职主妇,青岛,三口之家,否
C5572,女,普通,社群裂变,22,自由职业,上海,三口之家,否
C5573,女,普通,微信小程序,35,其他,成都,多口之家,否
C5574,女,普通,App自然注册,36,学生,长沙,二人世界,否
C5575,女,普通,微信小程序,37,企业职员,北京,多口之家,否
C5576,女,银卡,线下扫码,43,企业职员,天津,银发族,否
C5577,男,普通,微信小程序,25,全职主妇,上海,多口之家,否
C5578,男,银卡,线下扫码,22,企业职员,杭州,单身青年,否
C5579,女,银卡,微信小程序,26,互联网从业,其他,三口之家,否
C5580,女,普通,线下扫码,37,企业职员,西安,多口之家,否
C5581,男,普通,App自然注册,35,自由职业,青岛,单身青年,否
C5582,女,金卡,App自然注册,31,全职主妇,其他,多口之家,是
C5583,女,金卡,App自然注册,35,企业职员,上海,单身青年,否
C5584,男,普通,外卖平台导流,48,企业职员,西安,三口之家,否
C5585,女,普通,社群裂变,31,自由职业,武汉,三口之家,否
C5586,女,普通,社群裂变,43,互联网从业,郑州,多口之家,否
C5587,女,普通,微信小程序,28,互联网从业,重庆,二人世界,否
C5588,女,普通,外卖平台导流,34,其他,天津,三口之家,否
C5589,女,普通,App自然注册,32,公务员,深圳,三口之家,否
C5590,女,普通,App自然注册,39,全职主妇,广州,二人世界,否
C5591,男,普通,微信小程序,24,企业职员,苏州,三口之家,否
C5592,女,银卡,线下扫码,26,企业职员,青岛,银发族,否
C5593,男,普通,微信小程序,40,学生,深圳,二人世界,否
C5594,女,金卡,微信小程序,36,服务业,南京,二人世界,是
C5595,男,普通,微信小程序,39,企业职员,武汉,二人世界,否
C5596,女,普通,线下扫码,38,全职主妇,武汉,二人世界,否
C5597,男,普通,微信小程序,39,服务业,武汉,二人世界,否
C5598,女,普通,外卖平台导流,45,全职主妇,上海,三口之家,否
C5599,男,普通,微信小程序,41,互联网从业,西安,单身青年,否
C5600,男,银卡,App自然注册,48,全职主妇,上海,三口之家,否
C5601,女,普通,外卖平台导流,38,服务业,上海,三口之家,否
C5602,男,普通,App自然注册,31,全职主妇,重庆,多口之家,否
C5603,男,普通,App自然注册,22,学生,北京,多口之家,否
C5604,男,普通,App自然注册,33,服务业,青岛,多口之家,否
C5605,男,普通,线下扫码,28,自由职业,广州,三口之家,否
C5606,男,普通,线下扫码,35,互联网从业,深圳,二人世界,否
C5607,男,普通,社群裂变,41,企业职员,上海,二人世界,否
C5608,男,银卡,App自然注册,39,企业职员,西安,多口之家,否
C5609,女,普通,微信小程序,26,互联网从业,其他,三口之家,否
C5610,男,金卡,微信小程序,29,企业职员,北京,单身青年,否
C5611,男,普通,社群裂变,30,学生,苏州,多口之家,否
C5612,男,普通,App自然注册,43,全职主妇,北京,二人世界,否
C5613,女,普通,微信小程序,34,企业职员,武汉,银发族,否
C5614,男,普通,线下扫码,44,企业职员,北京,三口之家,否
C5615,女,普通,App自然注册,27,其他,苏州,三口之家,否
C5616,男,普通,线下扫码,31,互联网从业,广州,三口之家,否
C5617,男,普通,微信小程序,34,其他,深圳,二人世界,否
C5618,女,银卡,线下扫码,48,企业职员,北京,单身青年,否
C5619,男,普通,微信小程序,34,公务员,青岛,多口之家,否
C5620,男,银卡,外卖平台导流,30,互联网从业,郑州,三口之家,否
C5621,女,普通,地推活动,36,全职主妇,其他,单身青年,否
C5622,女,普通,微信小程序,47,互联网从业,武汉,二人世界,否
C5623,女,普通,地推活动,30,服务业,成都,三口之家,否
C5624,女,银卡,地推活动,39,全职主妇,杭州,三口之家,否
C5625,男,银卡,线下扫码,38,公务员,重庆,银发族,否
C5626,女,金卡,线下扫码,36,互联网从业,其他,三口之家,是
C5627,女,银卡,外卖平台导流,40,公务员,广州,三口之家,否
C5628,女,银卡,社群裂变,35,服务业,武汉,单身青年,否
C5629,男,普通,微信小程序,38,企业职员,苏州,多口之家,否
C5630,女,金卡,微信小程序,39,自由职业,其他,三口之家,否
C5631,女,普通,微信小程序,31,企业职员,郑州,单身青年,否
C5632,男,黑金,线下扫码,24,公务员,上海,三口之家,是
C5633,女,普通,微信小程序,48,全职主妇,杭州,三口之家,否
C5634,男,金卡,社群裂变,22,企业职员,武汉,三口之家,是
C5635,女,普通,微信小程序,44,公务员,上海,三口之家,否
C5636,女,银卡,App自然注册,34,全职主妇,武汉,二人世界,否
C5637,女,银卡,App自然注册,43,企业职员,深圳,三口之家,否
C5638,女,普通,App自然注册,34,服务业,上海,三口之家,否
C5639,男,普通,线下扫码,42,学生,其他,二人世界,否
C5640,男,普通,线下扫码,36,全职主妇,南京,二人世界,否
C5641,女,普通,App自然注册,48,全职主妇,广州,单身青年,否
C5642,男,普通,微信小程序,31,互联网从业,广州,二人世界,否
C5643,女,普通,外卖平台导流,44,全职主妇,杭州,二人世界,否
C5644,女,普通,微信小程序,34,学生,长沙,单身青年,否
C5645,女,银卡,社群裂变,29,学生,深圳,三口之家,否
C5646,男,金卡,微信小程序,28,企业职员,武汉,单身青年,是
C5647,女,普通,外卖平台导流,24,自由职业,北京,单身青年,否
C5648,男,金卡,社群裂变,35,自由职业,长沙,三口之家,是
C5649,女,金卡,地推活动,27,学生,长沙,二人世界,是
C5650,女,普通,App自然注册,30,企业职员,南京,三口之家,否
C5651,女,普通,App自然注册,44,自由职业,深圳,三口之家,否
C5652,女,银卡,微信小程序,31,企业职员,其他,二人世界,否
C5653,女,普通,线下扫码,23,全职主妇,重庆,多口之家,否
C5654,女,金卡,App自然注册,30,企业职员,北京,三口之家,是
C5655,男,普通,线下扫码,34,公务员,长沙,单身青年,否
C5656,男,银卡,App自然注册,42,服务业,杭州,二人世界,否
C5657,女,普通,微信小程序,48,服务业,北京,三口之家,否
C5658,女,银卡,外卖平台导流,44,企业职员,深圳,单身青年,否
C5659,女,普通,地推活动,42,自由职业,其他,二人世界,否
C5660,男,普通,外卖平台导流,24,企业职员,武汉,二人世界,否
C5661,男,银卡,地推活动,39,全职主妇,上海,二人世界,否
C5662,女,普通,线下扫码,44,互联网从业,武汉,多口之家,否
C5663,男,普通,社群裂变,48,公务员,北京,三口之家,否
C5664,男,普通,线下扫码,29,其他,其他,多口之家,否
C5665,男,普通,线下扫码,44,公务员,重庆,二人世界,否
C5666,男,普通,线下扫码,36,学生,郑州,二人世界,否
C5667,女,普通,微信小程序,30,全职主妇,重庆,二人世界,否
C5668,女,银卡,微信小程序,35,企业职员,其他,三口之家,否
C5669,女,普通,社群裂变,31,互联网从业,深圳,银发族,否
C5670,女,银卡,微信小程序,39,全职主妇,成都,三口之家,否
C5671,男,普通,线下扫码,29,学生,深圳,二人世界,否
C5672,女,普通,线下扫码,33,公务员,北京,二人世界,否
C5673,男,普通,线下扫码,36,自由职业,上海,单身青年,否
C5674,男,金卡,外卖平台导流,44,互联网从业,其他,银发族,是
C5675,女,普通,社群裂变,42,其他,长沙,多口之家,否
C5676,女,普通,微信小程序,33,企业职员,重庆,单身青年,否
C5677,男,普通,线下扫码,34,自由职业,长沙,三口之家,否
C5678,女,普通,App自然注册,44,服务业,广州,单身青年,否
C5679,女,普通,App自然注册,38,其他,天津,三口之家,否
C5680,男,普通,微信小程序,32,企业职员,武汉,二人世界,否
C5681,女,普通,线下扫码,33,企业职员,成都,三口之家,否
C5682,女,普通,微信小程序,46,全职主妇,成都,二人世界,否
C5683,男,普通,外卖平台导流,25,互联网从业,长沙,二人世界,否
C5684,女,普通,线下扫码,27,全职主妇,青岛,二人世界,否
C5685,女,普通,微信小程序,34,服务业,广州,二人世界,否
C5686,男,银卡,微信小程序,31,学生,成都,三口之家,否
C5687,男,银卡,App自然注册,34,企业职员,上海,单身青年,否
C5688,女,普通,App自然注册,42,公务员,深圳,单身青年,否
C5689,女,金卡,微信小程序,23,全职主妇,重庆,银发族,是
C5690,女,普通,地推活动,26,企业职员,杭州,单身青年,否
C5691,男,普通,线下扫码,30,自由职业,长沙,三口之家,否
C5692,男,银卡,线下扫码,48,企业职员,天津,多口之家,否
C5693,女,银卡,微信小程序,31,公务员,上海,多口之家,否
C5694,男,金卡,App自然注册,33,企业职员,广州,单身青年,否
C5695,男,金卡,微信小程序,41,企业职员,深圳,二人世界,是
C5696,女,普通,社群裂变,40,全职主妇,北京,三口之家,否
C5697,女,普通,App自然注册,32,企业职员,成都,单身青年,否
C5698,女,普通,App自然注册,39,学生,长沙,二人世界,否
C5699,女,普通,App自然注册,45,企业职员,天津,三口之家,否
C5700,女,普通,线下扫码,41,企业职员,郑州,单身青年,否
C5701,男,普通,App自然注册,35,互联网从业,苏州,二人世界,否
C5702,男,普通,微信小程序,29,全职主妇,上海,单身青年,否
C5703,男,普通,微信小程序,41,学生,长沙,单身青年,否
C5704,男,普通,微信小程序,22,全职主妇,其他,三口之家,否
C5705,女,普通,微信小程序,44,企业职员,其他,二人世界,否
C5706,女,普通,App自然注册,26,自由职业,上海,二人世界,否
C5707,男,普通,微信小程序,30,服务业,北京,银发族,否
C5708,女,普通,外卖平台导流,45,学生,南京,单身青年,否
C5709,男,普通,App自然注册,32,公务员,南京,三口之家,否
C5710,女,银卡,线下扫码,40,服务业,天津,单身青年,否
C5711,女,普通,外卖平台导流,45,互联网从业,杭州,多口之家,否
C5712,女,普通,线下扫码,28,服务业,郑州,银发族,否
C5713,女,普通,微信小程序,26,全职主妇,重庆,三口之家,否
C5714,女,普通,外卖平台导流,40,自由职业,其他,三口之家,否
C5715,女,金卡,App自然注册,34,互联网从业,成都,二人世界,否
C5716,女,普通,外卖平台导流,39,自由职业,其他,三口之家,否
C5717,女,普通,线下扫码,24,服务业,上海,多口之家,否
C5718,女,普通,App自然注册,29,自由职业,深圳,多口之家,否
C5719,男,普通,线下扫码,34,自由职业,上海,二人世界,否
C5720,女,银卡,外卖平台导流,32,服务业,天津,多口之家,否
C5721,女,金卡,线下扫码,33,互联网从业,天津,三口之家,否
C5722,男,普通,地推活动,44,全职主妇,深圳,单身青年,否
C5723,女,普通,微信小程序,34,互联网从业,青岛,多口之家,否
C5724,女,普通,线下扫码,27,全职主妇,深圳,银发族,否
C5725,女,普通,App自然注册,42,公务员,南京,二人世界,否
C5726,男,银卡,微信小程序,35,互联网从业,南京,多口之家,否
C5727,女,普通,微信小程序,38,企业职员,广州,三口之家,否
C5728,男,普通,外卖平台导流,30,其他,武汉,三口之家,否
C5729,男,金卡,微信小程序,28,公务员,长沙,三口之家,否
C5730,男,普通,线下扫码,28,其他,深圳,三口之家,否
C5731,男,银卡,App自然注册,39,学生,广州,单身青年,否
C5732,男,银卡,微信小程序,23,企业职员,郑州,单身青年,否
C5733,男,银卡,线下扫码,31,企业职员,成都,二人世界,否
C5734,女,普通,地推活动,26,全职主妇,成都,三口之家,否
C5735,女,普通,App自然注册,35,互联网从业,南京,二人世界,否
C5736,女,普通,线下扫码,34,企业职员,其他,银发族,否
C5737,女,普通,App自然注册,34,互联网从业,西安,三口之家,否
C5738,女,银卡,微信小程序,38,全职主妇,北京,二人世界,否
C5739,男,银卡,App自然注册,30,互联网从业,长沙,二人世界,否
C5740,男,黑金,App自然注册,38,企业职员,杭州,单身青年,是
C5741,女,普通,外卖平台导流,30,自由职业,其他,三口之家,否
C5742,女,普通,App自然注册,29,学生,其他,银发族,否
C5743,女,金卡,App自然注册,35,企业职员,上海,三口之家,是
C5744,女,银卡,微信小程序,30,服务业,深圳,三口之家,否
C5745,男,普通,微信小程序,36,其他,其他,三口之家,否
C5746,男,普通,外卖平台导流,34,企业职员,北京,银发族,否
C5747,男,普通,微信小程序,22,全职主妇,长沙,单身青年,否
C5748,女,普通,微信小程序,38,学生,武汉,三口之家,否
C5749,男,普通,微信小程序,34,互联网从业,其他,多口之家,否
C5750,男,银卡,线下扫码,37,企业职员,北京,三口之家,否
C5751,男,普通,App自然注册,48,企业职员,广州,银发族,否
C5752,女,普通,App自然注册,22,其他,北京,二人世界,否
C5753,女,普通,外卖平台导流,27,学生,天津,三口之家,否
C5754,女,银卡,App自然注册,36,自由职业,重庆,三口之家,否
C5755,男,普通,线下扫码,38,企业职员,北京,三口之家,否
C5756,女,银卡,线下扫码,22,企业职员,郑州,三口之家,否
C5757,女,普通,微信小程序,34,全职主妇,上海,银发族,否
C5758,女,普通,外卖平台导流,45,互联网从业,深圳,三口之家,否
C5759,女,普通,社群裂变,34,互联网从业,郑州,单身青年,否
C5760,男,普通,社群裂变,37,互联网从业,长沙,多口之家,否
C5761,男,银卡,线下扫码,30,自由职业,北京,银发族,否
C5762,男,银卡,外卖平台导流,48,学生,其他,单身青年,否
C5763,男,普通,微信小程序,36,公务员,杭州,多口之家,否
C5764,女,普通,外卖平台导流,27,互联网从业,南京,三口之家,否
C5765,女,银卡,微信小程序,22,服务业,南京,二人世界,否
C5766,男,金卡,线下扫码,40,公务员,成都,单身青年,否
C5767,男,黑金,App自然注册,41,服务业,南京,多口之家,是
C5768,女,银卡,线下扫码,35,企业职员,上海,多口之家,否
C5769,男,普通,微信小程序,39,其他,广州,二人世界,否
C5770,女,普通,地推活动,31,企业职员,广州,银发族,否
C5771,男,普通,线下扫码,47,互联网从业,上海,三口之家,否
C5772,女,银卡,社群裂变,35,全职主妇,苏州,单身青年,否
C5773,女,普通,地推活动,33,互联网从业,其他,单身青年,否
C5774,女,普通,外卖平台导流,37,自由职业,广州,三口之家,否
C5775,男,银卡,App自然注册,26,其他,成都,多口之家,否
C5776,女,金卡,App自然注册,34,互联网从业,郑州,二人世界,是
C5777,女,黑金,线下扫码,35,全职主妇,北京,多口之家,是
C5778,女,普通,App自然注册,27,公务员,苏州,三口之家,否
C5779,男,普通,微信小程序,29,全职主妇,广州,三口之家,否
C5780,女,普通,App自然注册,38,企业职员,广州,三口之家,否
C5781,男,普通,社群裂变,46,企业职员,苏州,三口之家,否
C5782,男,银卡,社群裂变,34,全职主妇,深圳,三口之家,否
C5783,女,普通,App自然注册,26,企业职员,成都,二人世界,否
C5784,男,普通,线下扫码,38,服务业,上海,三口之家,否
C5785,女,普通,微信小程序,38,全职主妇,武汉,多口之家,否
C5786,男,银卡,社群裂变,43,企业职员,其他,二人世界,否
C5787,男,银卡,微信小程序,45,其他,武汉,多口之家,否
C5788,女,银卡,微信小程序,43,互联网从业,其他,三口之家,否
C5789,女,金卡,微信小程序,22,互联网从业,成都,三口之家,否
C5790,女,普通,微信小程序,29,学生,广州,单身青年,否
C5791,女,普通,微信小程序,33,全职主妇,长沙,三口之家,否
C5792,男,普通,微信小程序,36,企业职员,天津,三口之家,否
C5793,男,普通,社群裂变,39,学生,广州,三口之家,否
C5794,男,普通,线下扫码,31,企业职员,广州,三口之家,否
C5795,男,普通,社群裂变,27,服务业,长沙,三口之家,否
C5796,男,普通,微信小程序,35,企业职员,重庆,单身青年,否
C5797,男,普通,微信小程序,35,全职主妇,北京,单身青年,否
C5798,男,普通,地推活动,24,其他,广州,单身青年,否
C5799,男,普通,社群裂变,43,互联网从业,北京,三口之家,否
C5800,女,普通,微信小程序,39,全职主妇,北京,单身青年,否
C5801,男,普通,线下扫码,32,企业职员,深圳,二人世界,否
C5802,女,黑金,外卖平台导流,38,互联网从业,北京,三口之家,是
C5803,男,普通,App自然注册,39,企业职员,成都,二人世界,否
C5804,女,普通,App自然注册,23,企业职员,广州,多口之家,否
C5805,男,普通,社群裂变,29,全职主妇,杭州,三口之家,否
C5806,女,普通,外卖平台导流,37,全职主妇,上海,二人世界,否
C5807,男,黑金,线下扫码,43,公务员,其他,单身青年,是
C5808,男,普通,微信小程序,48,自由职业,广州,二人世界,否
C5809,男,普通,微信小程序,34,公务员,北京,单身青年,否
C5810,女,普通,线下扫码,35,全职主妇,南京,多口之家,否
C5811,女,银卡,线下扫码,36,其他,重庆,三口之家,否
C5812,女,银卡,微信小程序,38,服务业,南京,三口之家,否
C5813,女,普通,外卖平台导流,41,互联网从业,北京,三口之家,否
C5814,女,银卡,微信小程序,38,互联网从业,深圳,二人世界,否
C5815,女,普通,App自然注册,34,其他,上海,单身青年,否
C5816,男,普通,App自然注册,41,学生,青岛,三口之家,否
C5817,男,银卡,App自然注册,29,企业职员,其他,单身青年,否
C5818,女,普通,微信小程序,38,企业职员,天津,银发族,否
C5819,男,普通,线下扫码,43,全职主妇,广州,多口之家,否
C5820,女,银卡,App自然注册,31,学生,广州,单身青年,否
C5821,女,普通,社群裂变,37,互联网从业,其他,单身青年,否
C5822,女,金卡,微信小程序,31,其他,其他,三口之家,是
C5823,女,普通,社群裂变,26,企业职员,其他,三口之家,否
C5824,男,金卡,App自然注册,39,全职主妇,北京,二人世界,是
C5825,男,金卡,App自然注册,30,其他,上海,二人世界,是
C5826,女,普通,线下扫码,23,服务业,北京,三口之家,否
C5827,女,普通,线下扫码,44,企业职员,成都,银发族,否
C5828,女,普通,App自然注册,36,学生,深圳,三口之家,否
C5829,女,普通,地推活动,32,全职主妇,成都,二人世界,否
C5830,女,普通,线下扫码,38,全职主妇,上海,三口之家,否
C5831,男,普通,外卖平台导流,29,学生,上海,三口之家,否
C5832,男,银卡,外卖平台导流,41,服务业,上海,三口之家,否
C5833,女,银卡,App自然注册,43,自由职业,深圳,单身青年,否
C5834,女,银卡,微信小程序,45,自由职业,长沙,多口之家,否
C5835,男,普通,地推活动,45,企业职员,其他,三口之家,否
C5836,男,普通,App自然注册,34,互联网从业,成都,三口之家,否
C5837,男,金卡,App自然注册,22,学生,深圳,多口之家,否
C5838,女,银卡,微信小程序,37,自由职业,武汉,单身青年,否
C5839,女,金卡,社群裂变,45,互联网从业,北京,二人世界,是
C5840,女,银卡,App自然注册,32,自由职业,杭州,单身青年,否
C5841,男,普通,App自然注册,24,服务业,南京,多口之家,否
C5842,女,金卡,社群裂变,43,企业职员,北京,多口之家,是
C5843,男,银卡,App自然注册,39,其他,广州,单身青年,否
C5844,男,普通,微信小程序,28,公务员,上海,三口之家,否
C5845,男,普通,微信小程序,30,互联网从业,北京,三口之家,否
C5846,女,银卡,外卖平台导流,26,企业职员,北京,单身青年,否
C5847,男,金卡,App自然注册,29,全职主妇,上海,三口之家,是
C5848,男,普通,App自然注册,41,服务业,苏州,三口之家,否
C5849,女,银卡,外卖平台导流,22,学生,上海,三口之家,否
C5850,男,普通,线下扫码,45,学生,深圳,单身青年,否
C5851,女,银卡,App自然注册,34,公务员,青岛,多口之家,否
C5852,男,普通,地推活动,40,企业职员,武汉,银发族,否
C5853,女,金卡,线下扫码,39,全职主妇,深圳,三口之家,是
C5854,女,普通,微信小程序,36,全职主妇,其他,多口之家,否
C5855,男,普通,微信小程序,30,自由职业,深圳,二人世界,否
C5856,女,普通,微信小程序,48,企业职员,郑州,三口之家,否
C5857,女,普通,App自然注册,35,企业职员,重庆,单身青年,否
C5858,女,普通,外卖平台导流,47,公务员,深圳,二人世界,否
C5859,男,银卡,App自然注册,35,全职主妇,深圳,单身青年,否
C5860,女,普通,外卖平台导流,37,学生,上海,二人世界,否
C5861,男,普通,微信小程序,46,自由职业,深圳,三口之家,否
C5862,女,银卡,地推活动,31,企业职员,武汉,多口之家,否
C5863,男,普通,社群裂变,41,互联网从业,其他,三口之家,否
C5864,女,银卡,地推活动,27,公务员,长沙,单身青年,否
C5865,女,银卡,微信小程序,34,企业职员,广州,二人世界,否
C5866,女,普通,App自然注册,41,学生,北京,单身青年,否
C5867,男,普通,外卖平台导流,29,企业职员,成都,三口之家,否
C5868,女,普通,App自然注册,39,自由职业,西安,银发族,否
C5869,男,金卡,微信小程序,22,企业职员,北京,单身青年,是
C5870,女,普通,线下扫码,46,互联网从业,重庆,三口之家,否
C5871,男,普通,微信小程序,32,其他,天津,二人世界,否
C5872,女,普通,微信小程序,35,企业职员,成都,多口之家,否
C5873,男,普通,线下扫码,43,自由职业,成都,二人世界,否
C5874,女,普通,线下扫码,31,其他,重庆,银发族,否
C5875,男,普通,App自然注册,31,企业职员,成都,三口之家,否
C5876,男,普通,App自然注册,22,其他,深圳,单身青年,否
C5877,女,普通,线下扫码,24,互联网从业,南京,单身青年,否
C5878,女,普通,微信小程序,39,互联网从业,西安,多口之家,否
C5879,女,普通,App自然注册,30,其他,广州,银发族,否
C5880,女,银卡,微信小程序,22,服务业,武汉,多口之家,否
C5881,女,普通,微信小程序,32,互联网从业,郑州,银发族,否
C5882,女,普通,微信小程序,34,企业职员,其他,三口之家,否
C5883,女,银卡,微信小程序,45,企业职员,上海,单身青年,否
C5884,女,普通,App自然注册,36,其他,杭州,银发族,否
C5885,女,普通,外卖平台导流,33,全职主妇,杭州,多口之家,否
C5886,女,银卡,外卖平台导流,41,互联网从业,其他,三口之家,否
C5887,男,普通,App自然注册,33,自由职业,广州,单身青年,否
C5888,女,普通,外卖平台导流,38,服务业,西安,多口之家,否
C5889,女,银卡,微信小程序,44,全职主妇,南京,三口之家,否
C5890,女,普通,线下扫码,40,企业职员,其他,多口之家,否
C5891,男,普通,App自然注册,28,服务业,北京,二人世界,否
C5892,男,普通,App自然注册,41,公务员,其他,三口之家,否
C5893,女,银卡,微信小程序,33,企业职员,北京,三口之家,否
C5894,女,银卡,外卖平台导流,47,企业职员,武汉,二人世界,否
C5895,男,普通,社群裂变,39,全职主妇,上海,三口之家,否
C5896,男,普通,微信小程序,27,企业职员,重庆,单身青年,否
C5897,男,普通,App自然注册,37,企业职员,其他,二人世界,否
C5898,男,普通,微信小程序,30,企业职员,上海,单身青年,否
C5899,男,普通,微信小程序,37,企业职员,其他,三口之家,否
C5900,女,普通,社群裂变,32,企业职员,广州,银发族,否
C5901,女,普通,微信小程序,36,其他,青岛,三口之家,否
C5902,女,普通,线下扫码,35,全职主妇,武汉,三口之家,否
C5903,男,普通,微信小程序,30,自由职业,西安,二人世界,否
C5904,男,银卡,微信小程序,35,公务员,南京,三口之家,否
C5905,女,普通,App自然注册,24,企业职员,北京,多口之家,否
C5906,女,普通,微信小程序,31,学生,北京,多口之家,否
C5907,女,普通,App自然注册,37,自由职业,深圳,三口之家,否
C5908,男,普通,App自然注册,27,企业职员,南京,三口之家,否
C5909,男,普通,外卖平台导流,34,学生,武汉,三口之家,否
C5910,男,普通,社群裂变,44,企业职员,北京,银发族,否
C5911,女,金卡,微信小程序,46,全职主妇,杭州,三口之家,是
C5912,男,普通,微信小程序,38,互联网从业,深圳,银发族,否
C5913,女,银卡,外卖平台导流,22,全职主妇,南京,多口之家,否
C5914,男,普通,外卖平台导流,32,互联网从业,北京,三口之家,否
C5915,女,普通,微信小程序,31,企业职员,其他,单身青年,否
C5916,男,银卡,微信小程序,35,企业职员,其他,三口之家,否
C5917,女,金卡,社群裂变,43,自由职业,西安,多口之家,是
C5918,女,普通,App自然注册,28,全职主妇,深圳,单身青年,否
C5919,男,普通,外卖平台导流,34,自由职业,重庆,单身青年,否
C5920,男,金卡,App自然注册,38,自由职业,杭州,三口之家,是
C5921,女,普通,App自然注册,38,全职主妇,杭州,二人世界,否
C5922,女,银卡,线下扫码,37,全职主妇,西安,银发族,否
C5923,男,普通,微信小程序,22,自由职业,深圳,银发族,否
C5924,男,普通,外卖平台导流,26,企业职员,深圳,三口之家,否
C5925,女,普通,App自然注册,47,企业职员,北京,三口之家,否
C5926,女,普通,外卖平台导流,46,全职主妇,广州,单身青年,否
C5927,女,普通,App自然注册,36,自由职业,成都,单身青年,否
C5928,女,普通,微信小程序,24,互联网从业,郑州,三口之家,否
C5929,男,普通,线下扫码,36,公务员,西安,单身青年,否
C5930,女,普通,社群裂变,34,学生,上海,三口之家,否
C5931,女,金卡,线下扫码,22,服务业,广州,三口之家,是
C5932,男,金卡,微信小程序,35,全职主妇,上海,单身青年,否
C5933,男,普通,外卖平台导流,42,全职主妇,成都,三口之家,否
C5934,男,普通,App自然注册,27,服务业,青岛,银发族,否
C5935,女,金卡,微信小程序,28,企业职员,深圳,三口之家,否
C5936,男,普通,外卖平台导流,30,自由职业,苏州,银发族,否
C5937,女,普通,微信小程序,34,互联网从业,重庆,二人世界,否
C5938,女,银卡,App自然注册,26,企业职员,广州,多口之家,否
C5939,女,普通,微信小程序,31,企业职员,武汉,多口之家,否
C5940,男,普通,线下扫码,38,服务业,天津,多口之家,否
C5941,男,普通,线下扫码,48,企业职员,杭州,三口之家,否
C5942,女,银卡,线下扫码,32,服务业,上海,单身青年,否
C5943,男,普通,线下扫码,45,自由职业,其他,二人世界,否
C5944,男,普通,线下扫码,38,自由职业,西安,单身青年,否
C5945,女,普通,App自然注册,24,企业职员,重庆,多口之家,否
C5946,男,普通,App自然注册,44,企业职员,上海,二人世界,否
C5947,男,银卡,微信小程序,44,学生,北京,多口之家,否
C5948,女,普通,线下扫码,29,其他,其他,多口之家,否
C5949,男,普通,微信小程序,45,全职主妇,广州,三口之家,否
C5950,女,银卡,微信小程序,45,其他,广州,三口之家,否
C5951,男,银卡,微信小程序,42,学生,杭州,银发族,否
C5952,男,普通,线下扫码,30,服务业,上海,单身青年,否
C5953,男,普通,外卖平台导流,39,企业职员,深圳,三口之家,否
C5954,女,普通,微信小程序,42,企业职员,南京,三口之家,否
C5955,男,普通,微信小程序,28,企业职员,南京,二人世界,否
C5956,男,普通,微信小程序,30,企业职员,杭州,银发族,否
C5957,男,银卡,微信小程序,37,服务业,苏州,单身青年,否
C5958,女,普通,外卖平台导流,22,企业职员,广州,银发族,否
C5959,男,普通,微信小程序,33,企业职员,广州,二人世界,否
C5960,女,普通,地推活动,36,企业职员,重庆,单身青年,否
C5961,女,普通,线下扫码,22,自由职业,广州,单身青年,否
C5962,女,普通,App自然注册,42,互联网从业,苏州,三口之家,否
C5963,女,普通,微信小程序,31,服务业,西安,二人世界,否
C5964,女,普通,微信小程序,39,服务业,武汉,单身青年,否
C5965,男,银卡,外卖平台导流,45,学生,深圳,三口之家,否
C5966,男,银卡,微信小程序,22,服务业,北京,多口之家,否
C5967,男,普通,外卖平台导流,36,企业职员,西安,二人世界,否
C5968,男,普通,外卖平台导流,32,学生,苏州,单身青年,否
C5969,女,普通,微信小程序,37,学生,上海,多口之家,否
C5970,女,金卡,线下扫码,27,全职主妇,苏州,二人世界,是
C5971,女,普通,App自然注册,31,互联网从业,广州,三口之家,否
C5972,男,银卡,App自然注册,38,全职主妇,苏州,三口之家,否
C5973,女,银卡,线下扫码,40,其他,上海,三口之家,否
C5974,女,普通,线下扫码,37,全职主妇,南京,单身青年,否
C5975,男,普通,社群裂变,33,其他,西安,二人世界,否
C5976,女,普通,社群裂变,33,学生,长沙,三口之家,否
C5977,男,普通,外卖平台导流,43,企业职员,杭州,单身青年,否
C5978,女,普通,社群裂变,28,其他,武汉,银发族,否
C5979,女,普通,App自然注册,41,企业职员,深圳,银发族,否
C5980,男,普通,微信小程序,43,全职主妇,郑州,单身青年,否
C5981,男,普通,微信小程序,28,全职主妇,北京,单身青年,否
C5982,女,金卡,App自然注册,30,全职主妇,北京,三口之家,是
C5983,男,普通,微信小程序,46,其他,上海,三口之家,否
C5984,女,普通,微信小程序,40,其他,长沙,三口之家,否
C5985,女,普通,外卖平台导流,37,服务业,长沙,多口之家,否
C5986,男,普通,App自然注册,34,互联网从业,杭州,单身青年,否
C5987,女,黑金,外卖平台导流,22,企业职员,成都,多口之家,是
C5988,女,普通,App自然注册,44,自由职业,重庆,单身青年,否
C5989,男,普通,外卖平台导流,45,其他,北京,多口之家,否
C5990,男,普通,微信小程序,42,企业职员,青岛,三口之家,否
C5991,男,普通,社群裂变,33,互联网从业,深圳,多口之家,否
C5992,男,普通,微信小程序,38,企业职员,其他,银发族,否
C5993,男,普通,微信小程序,29,互联网从业,成都,二人世界,否
C5994,男,普通,外卖平台导流,30,企业职员,上海,三口之家,否
C5995,男,普通,外卖平台导流,32,其他,北京,银发族,否
C5996,女,普通,线下扫码,38,企业职员,成都,二人世界,否
C5997,男,银卡,微信小程序,32,企业职员,其他,三口之家,否
C5998,女,普通,微信小程序,29,其他,深圳,银发族,否
C5999,女,银卡,App自然注册,37,服务业,南京,三口之家,否
C6000,女,普通,App自然注册,45,服务业,苏州,三口之家,否
C6001,男,银卡,App自然注册,47,其他,重庆,三口之家,否
C6002,女,普通,App自然注册,44,企业职员,上海,三口之家,否
C6003,女,金卡,线下扫码,35,全职主妇,深圳,多口之家,是
C6004,男,金卡,微信小程序,39,互联网从业,苏州,三口之家,是
C6005,女,黑金,线下扫码,34,企业职员,武汉,单身青年,是
C6006,女,普通,微信小程序,22,互联网从业,武汉,单身青年,否
C6007,女,普通,微信小程序,43,公务员,广州,三口之家,否
C6008,女,银卡,App自然注册,44,学生,上海,银发族,否
C6009,男,普通,线下扫码,26,学生,重庆,三口之家,否
C6010,男,银卡,微信小程序,27,其他,青岛,单身青年,否
C6011,女,普通,线下扫码,36,服务业,深圳,多口之家,否
C6012,女,普通,线下扫码,22,企业职员,杭州,三口之家,否
C6013,女,普通,App自然注册,37,自由职业,西安,银发族,否
C6014,男,普通,线下扫码,47,企业职员,西安,单身青年,否
C6015,男,普通,微信小程序,38,学生,其他,三口之家,否
C6016,男,银卡,社群裂变,39,学生,青岛,三口之家,否
C6017,女,普通,App自然注册,42,全职主妇,苏州,多口之家,否
C6018,女,普通,线下扫码,40,全职主妇,武汉,三口之家,否
C6019,男,银卡,App自然注册,27,企业职员,西安,单身青年,否
C6020,女,普通,外卖平台导流,31,服务业,成都,三口之家,否
C6021,女,普通,微信小程序,44,互联网从业,杭州,三口之家,否
C6022,男,普通,微信小程序,40,其他,深圳,三口之家,否
C6023,女,普通,微信小程序,37,互联网从业,其他,三口之家,否
C6024,男,普通,微信小程序,30,互联网从业,天津,三口之家,否
C6025,男,普通,外卖平台导流,34,其他,苏州,银发族,否
C6026,男,普通,线下扫码,38,全职主妇,上海,单身青年,否
C6027,女,普通,微信小程序,39,互联网从业,上海,二人世界,否
C6028,男,金卡,App自然注册,30,互联网从业,郑州,三口之家,是
C6029,女,银卡,App自然注册,33,企业职员,北京,多口之家,否
C6030,男,普通,微信小程序,31,其他,上海,三口之家,否
C6031,男,金卡,外卖平台导流,22,互联网从业,其他,二人世界,是
C6032,男,普通,外卖平台导流,31,其他,西安,三口之家,否
C6033,男,普通,外卖平台导流,37,学生,南京,三口之家,否
C6034,女,普通,微信小程序,37,服务业,重庆,三口之家,否
C6035,男,普通,外卖平台导流,42,企业职员,苏州,银发族,否
C6036,男,普通,App自然注册,44,企业职员,西安,多口之家,否
C6037,女,普通,微信小程序,28,企业职员,深圳,多口之家,否
C6038,男,普通,线下扫码,41,企业职员,苏州,三口之家,否
C6039,女,普通,App自然注册,27,公务员,南京,三口之家,否
C6040,男,普通,微信小程序,36,企业职员,广州,三口之家,否
C6041,女,普通,App自然注册,33,企业职员,苏州,三口之家,否
C6042,男,普通,App自然注册,28,企业职员,深圳,单身青年,否
C6043,男,银卡,线下扫码,37,学生,苏州,三口之家,否
C6044,男,普通,社群裂变,36,企业职员,苏州,三口之家,否
C6045,男,银卡,微信小程序,44,全职主妇,其他,单身青年,否
C6046,男,普通,线下扫码,36,自由职业,广州,二人世界,否
C6047,女,普通,社群裂变,40,互联网从业,其他,三口之家,否
C6048,女,普通,App自然注册,44,其他,成都,三口之家,否
C6049,男,普通,微信小程序,28,企业职员,武汉,三口之家,否
C6050,男,普通,社群裂变,43,服务业,北京,银发族,否
C6051,女,普通,微信小程序,46,全职主妇,北京,三口之家,否
C6052,男,普通,微信小程序,29,企业职员,北京,二人世界,否
C6053,男,普通,微信小程序,30,企业职员,其他,三口之家,否
C6054,女,普通,微信小程序,43,互联网从业,北京,二人世界,否
C6055,女,普通,地推活动,32,企业职员,北京,多口之家,否
C6056,女,普通,微信小程序,33,全职主妇,成都,多口之家,否
C6057,男,普通,App自然注册,22,企业职员,北京,多口之家,否
C6058,男,普通,App自然注册,39,自由职业,广州,三口之家,否
C6059,女,银卡,线下扫码,37,互联网从业,深圳,多口之家,否
C6060,女,普通,微信小程序,26,服务业,长沙,单身青年,否
C6061,男,普通,App自然注册,35,其他,成都,多口之家,否
C6062,女,普通,微信小程序,31,企业职员,北京,三口之家,否
C6063,女,普通,地推活动,40,全职主妇,苏州,单身青年,否
C6064,男,银卡,微信小程序,29,学生,杭州,银发族,否
C6065,女,银卡,线下扫码,40,互联网从业,成都,三口之家,否
C6066,男,普通,线下扫码,39,公务员,重庆,三口之家,否
C6067,女,普通,社群裂变,37,其他,北京,二人世界,否
C6068,女,普通,线下扫码,41,学生,苏州,银发族,否
C6069,女,金卡,外卖平台导流,33,学生,上海,多口之家,否
C6070,女,银卡,线下扫码,27,公务员,北京,三口之家,否
C6071,男,普通,微信小程序,41,企业职员,深圳,三口之家,否
C6072,女,普通,微信小程序,41,其他,北京,单身青年,否
C6073,女,普通,外卖平台导流,24,企业职员,长沙,多口之家,否
C6074,女,普通,App自然注册,22,全职主妇,北京,三口之家,否
C6075,女,普通,App自然注册,36,企业职员,武汉,二人世界,否
C6076,女,普通,微信小程序,38,互联网从业,长沙,多口之家,否
C6077,女,普通,微信小程序,26,自由职业,南京,三口之家,否
C6078,男,金卡,地推活动,24,全职主妇,天津,多口之家,是
C6079,男,普通,外卖平台导流,39,企业职员,北京,三口之家,否
C6080,男,普通,微信小程序,38,互联网从业,其他,多口之家,否
C6081,女,金卡,外卖平台导流,37,企业职员,深圳,三口之家,否
C6082,女,金卡,线下扫码,32,学生,苏州,三口之家,是
C6083,男,普通,微信小程序,34,全职主妇,深圳,三口之家,否
C6084,女,银卡,线下扫码,26,自由职业,深圳,三口之家,否
C6085,男,普通,社群裂变,41,服务业,成都,多口之家,否
C6086,男,银卡,App自然注册,41,全职主妇,郑州,三口之家,否
C6087,男,普通,App自然注册,33,企业职员,上海,银发族,否
C6088,女,银卡,App自然注册,32,公务员,成都,二人世界,否
C6089,女,普通,社群裂变,35,服务业,上海,二人世界,否
C6090,男,金卡,App自然注册,32,全职主妇,杭州,银发族,否
C6091,男,普通,微信小程序,24,企业职员,杭州,三口之家,否
C6092,女,银卡,App自然注册,33,自由职业,西安,三口之家,否
C6093,女,普通,线下扫码,34,企业职员,成都,三口之家,否
C6094,女,普通,微信小程序,31,企业职员,杭州,三口之家,否
C6095,女,普通,线下扫码,37,企业职员,北京,二人世界,否
C6096,男,普通,社群裂变,24,自由职业,深圳,单身青年,否
C6097,男,普通,App自然注册,24,企业职员,天津,三口之家,否
C6098,男,普通,社群裂变,36,公务员,上海,单身青年,否
C6099,男,金卡,微信小程序,44,企业职员,深圳,二人世界,是
C6100,女,普通,微信小程序,41,服务业,武汉,单身青年,否
C6101,女,普通,App自然注册,24,自由职业,成都,二人世界,否
C6102,男,普通,微信小程序,36,自由职业,深圳,单身青年,否
C6103,男,普通,外卖平台导流,34,其他,成都,单身青年,否
C6104,女,金卡,外卖平台导流,27,互联网从业,南京,单身青年,否
C6105,男,金卡,线下扫码,37,学生,杭州,三口之家,是
C6106,男,普通,微信小程序,34,其他,西安,三口之家,否
C6107,男,银卡,App自然注册,25,学生,上海,二人世界,否
C6108,男,银卡,微信小程序,44,企业职员,北京,单身青年,否
C6109,女,金卡,线下扫码,46,自由职业,广州,单身青年,否
C6110,女,普通,App自然注册,27,企业职员,北京,银发族,否
C6111,女,普通,微信小程序,28,互联网从业,武汉,三口之家,否
C6112,男,普通,微信小程序,28,服务业,广州,三口之家,否
C6113,女,银卡,微信小程序,37,自由职业,南京,三口之家,否
C6114,男,金卡,微信小程序,40,企业职员,北京,二人世界,否
C6115,女,金卡,App自然注册,26,公务员,苏州,三口之家,是
C6116,女,普通,线下扫码,28,学生,成都,银发族,否
C6117,女,普通,线下扫码,44,互联网从业,郑州,三口之家,否
C6118,女,普通,微信小程序,31,互联网从业,北京,三口之家,否
C6119,女,金卡,微信小程序,34,企业职员,南京,二人世界,是
C6120,男,金卡,社群裂变,39,全职主妇,南京,单身青年,是
C6121,女,普通,线下扫码,32,自由职业,上海,单身青年,否
C6122,男,普通,App自然注册,34,其他,其他,多口之家,否
C6123,男,金卡,线下扫码,38,全职主妇,杭州,银发族,是
C6124,女,金卡,线下扫码,37,其他,武汉,单身青年,否
C6125,女,普通,社群裂变,30,其他,杭州,多口之家,否
C6126,男,普通,微信小程序,42,学生,上海,二人世界,否
C6127,男,普通,微信小程序,44,自由职业,上海,三口之家,否
C6128,男,普通,微信小程序,36,企业职员,杭州,多口之家,否
C6129,男,普通,线下扫码,38,自由职业,广州,三口之家,否
C6130,女,普通,App自然注册,48,企业职员,上海,多口之家,否
C6131,女,普通,线下扫码,30,企业职员,重庆,二人世界,否
C6132,女,普通,微信小程序,31,互联网从业,上海,单身青年,否
C6133,男,金卡,App自然注册,23,企业职员,其他,多口之家,否
C6134,男,普通,外卖平台导流,34,全职主妇,杭州,三口之家,否
C6135,男,银卡,线下扫码,30,全职主妇,杭州,三口之家,否
C6136,女,银卡,App自然注册,25,服务业,广州,二人世界,否
C6137,男,普通,微信小程序,38,其他,广州,二人世界,否
C6138,女,普通,外卖平台导流,35,互联网从业,广州,单身青年,否
C6139,女,银卡,外卖平台导流,28,企业职员,其他,银发族,否
C6140,男,银卡,App自然注册,34,服务业,重庆,二人世界,否
C6141,男,金卡,外卖平台导流,46,全职主妇,上海,三口之家,是
C6142,女,普通,App自然注册,29,互联网从业,武汉,多口之家,否
C6143,女,普通,微信小程序,22,企业职员,北京,三口之家,否
C6144,男,普通,外卖平台导流,32,企业职员,上海,三口之家,否
C6145,男,普通,微信小程序,35,企业职员,深圳,三口之家,否
C6146,男,普通,App自然注册,47,公务员,其他,单身青年,否
C6147,女,普通,微信小程序,41,企业职员,苏州,三口之家,否
C6148,男,银卡,微信小程序,36,企业职员,杭州,二人世界,否
C6149,男,银卡,地推活动,29,企业职员,成都,二人世界,否
C6150,女,银卡,App自然注册,24,自由职业,广州,三口之家,否
C6151,男,黑金,微信小程序,30,其他,深圳,三口之家,是
C6152,男,银卡,线下扫码,25,企业职员,其他,二人世界,否
C6153,女,普通,App自然注册,32,其他,广州,单身青年,否
C6154,女,银卡,外卖平台导流,41,服务业,深圳,二人世界,否
C6155,女,普通,地推活动,27,自由职业,成都,三口之家,否
C6156,女,普通,微信小程序,33,企业职员,郑州,三口之家,否
C6157,女,银卡,App自然注册,35,全职主妇,天津,银发族,否
C6158,男,普通,微信小程序,31,学生,青岛,三口之家,否
C6159,男,普通,线下扫码,32,全职主妇,深圳,二人世界,否
C6160,女,普通,App自然注册,35,全职主妇,广州,银发族,否
C6161,男,银卡,App自然注册,42,服务业,杭州,单身青年,否
C6162,女,普通,App自然注册,30,互联网从业,青岛,三口之家,否
C6163,女,普通,App自然注册,34,全职主妇,长沙,单身青年,否
C6164,男,银卡,App自然注册,46,自由职业,苏州,多口之家,否
C6165,男,普通,外卖平台导流,31,全职主妇,北京,三口之家,否
C6166,女,普通,地推活动,32,企业职员,郑州,二人世界,否
C6167,男,金卡,社群裂变,31,全职主妇,郑州,三口之家,否
C6168,女,银卡,线下扫码,31,全职主妇,武汉,三口之家,否
C6169,男,普通,外卖平台导流,43,互联网从业,郑州,三口之家,否
C6170,男,普通,微信小程序,30,企业职员,北京,单身青年,否
C6171,男,普通,微信小程序,31,企业职员,深圳,二人世界,否
C6172,男,普通,地推活动,32,全职主妇,郑州,三口之家,否
C6173,男,普通,微信小程序,33,互联网从业,武汉,三口之家,否
C6174,男,普通,微信小程序,35,互联网从业,青岛,单身青年,否
C6175,男,普通,线下扫码,34,企业职员,成都,三口之家,否
C6176,女,银卡,微信小程序,48,互联网从业,西安,三口之家,否
C6177,男,普通,地推活动,40,企业职员,广州,多口之家,否
C6178,女,普通,App自然注册,36,企业职员,深圳,二人世界,否
C6179,男,普通,微信小程序,29,全职主妇,上海,二人世界,否
C6180,男,银卡,微信小程序,38,自由职业,成都,多口之家,否
C6181,男,金卡,微信小程序,30,互联网从业,重庆,二人世界,否
C6182,女,普通,微信小程序,42,互联网从业,成都,银发族,否
C6183,男,银卡,线下扫码,35,其他,南京,三口之家,否
C6184,女,普通,微信小程序,40,企业职员,深圳,三口之家,否
C6185,女,普通,微信小程序,33,互联网从业,杭州,多口之家,否
C6186,女,普通,微信小程序,39,企业职员,成都,单身青年,否
C6187,男,普通,外卖平台导流,40,企业职员,其他,三口之家,否
C6188,女,普通,微信小程序,43,全职主妇,其他,二人世界,否
C6189,男,普通,App自然注册,28,全职主妇,郑州,多口之家,否
C6190,女,普通,App自然注册,35,其他,广州,二人世界,否
C6191,女,普通,微信小程序,44,企业职员,杭州,多口之家,否
C6192,男,普通,社群裂变,30,自由职业,武汉,二人世界,否
C6193,女,普通,外卖平台导流,22,互联网从业,杭州,二人世界,否
C6194,男,普通,App自然注册,37,企业职员,深圳,三口之家,否
C6195,女,银卡,社群裂变,43,全职主妇,北京,多口之家,否
C6196,女,银卡,微信小程序,44,企业职员,长沙,三口之家,否
C6197,女,普通,微信小程序,36,全职主妇,重庆,三口之家,否
C6198,女,普通,外卖平台导流,45,互联网从业,杭州,多口之家,否
C6199,男,普通,地推活动,43,全职主妇,北京,三口之家,否
C6200,女,普通,微信小程序,22,全职主妇,长沙,三口之家,否
C6201,男,普通,线下扫码,39,全职主妇,杭州,单身青年,否
C6202,男,普通,微信小程序,35,其他,西安,银发族,否
C6203,男,普通,线下扫码,42,其他,广州,单身青年,否
C6204,女,普通,社群裂变,34,全职主妇,北京,多口之家,否
C6205,女,普通,微信小程序,30,企业职员,青岛,三口之家,否
C6206,男,普通,微信小程序,42,学生,广州,多口之家,否
C6207,女,银卡,外卖平台导流,35,全职主妇,深圳,二人世界,否
C6208,男,金卡,线下扫码,33,自由职业,郑州,银发族,是
C6209,男,普通,微信小程序,48,全职主妇,郑州,三口之家,否
C6210,女,普通,外卖平台导流,40,企业职员,杭州,多口之家,否
C6211,女,黑金,社群裂变,41,其他,杭州,二人世界,是
C6212,女,普通,社群裂变,31,公务员,广州,银发族,否
C6213,女,金卡,线下扫码,32,企业职员,郑州,二人世界,是
C6214,女,普通,外卖平台导流,44,互联网从业,广州,单身青年,否
C6215,女,普通,外卖平台导流,38,学生,上海,多口之家,否
C6216,男,普通,微信小程序,30,企业职员,成都,二人世界,否
C6217,女,普通,外卖平台导流,33,全职主妇,深圳,二人世界,否
C6218,男,普通,App自然注册,30,企业职员,北京,单身青年,否
C6219,男,普通,线下扫码,31,企业职员,其他,银发族,否
C6220,男,普通,App自然注册,36,互联网从业,广州,多口之家,否
C6221,女,普通,App自然注册,29,自由职业,苏州,单身青年,否
C6222,女,银卡,社群裂变,22,全职主妇,深圳,三口之家,否
C6223,男,普通,微信小程序,27,全职主妇,苏州,银发族,否
C6224,女,金卡,外卖平台导流,22,企业职员,长沙,三口之家,是
C6225,女,银卡,微信小程序,34,其他,深圳,多口之家,否
C6226,男,金卡,社群裂变,36,学生,北京,三口之家,否
C6227,女,银卡,外卖平台导流,34,企业职员,北京,单身青年,否
C6228,女,普通,线下扫码,42,学生,天津,三口之家,否
C6229,男,普通,微信小程序,37,公务员,广州,三口之家,否
C6230,女,银卡,社群裂变,28,学生,北京,单身青年,否
C6231,女,银卡,App自然注册,39,企业职员,成都,二人世界,否
C6232,女,银卡,微信小程序,41,互联网从业,北京,三口之家,否
C6233,女,银卡,微信小程序,33,企业职员,重庆,二人世界,否
C6234,男,普通,微信小程序,48,企业职员,上海,单身青年,否
C6235,女,普通,App自然注册,44,全职主妇,上海,二人世界,否
C6236,女,银卡,App自然注册,23,互联网从业,重庆,三口之家,否
C6237,男,金卡,App自然注册,37,其他,郑州,单身青年,是
C6238,女,银卡,线下扫码,27,互联网从业,苏州,银发族,否
C6239,男,普通,微信小程序,39,自由职业,成都,三口之家,否
C6240,男,普通,外卖平台导流,29,服务业,其他,多口之家,否
C6241,男,银卡,地推活动,30,自由职业,成都,银发族,否
C6242,女,普通,社群裂变,31,互联网从业,成都,多口之家,否
C6243,男,金卡,社群裂变,34,其他,上海,二人世界,是
C6244,女,金卡,App自然注册,38,企业职员,长沙,三口之家,是
C6245,男,普通,App自然注册,32,服务业,杭州,二人世界,否
C6246,男,普通,社群裂变,28,企业职员,上海,三口之家,否
C6247,男,普通,线下扫码,36,全职主妇,郑州,多口之家,否
C6248,女,金卡,App自然注册,37,企业职员,其他,二人世界,是
C6249,女,普通,地推活动,48,全职主妇,北京,二人世界,否
C6250,男,普通,App自然注册,40,其他,其他,三口之家,否
C6251,女,普通,微信小程序,30,学生,青岛,单身青年,否
C6252,女,银卡,微信小程序,36,其他,北京,二人世界,否
C6253,女,普通,微信小程序,26,全职主妇,北京,二人世界,否
C6254,女,普通,地推活动,35,自由职业,北京,单身青年,否
C6255,女,银卡,微信小程序,44,互联网从业,深圳,银发族,否
C6256,男,普通,外卖平台导流,31,企业职员,西安,多口之家,否
C6257,男,普通,微信小程序,41,服务业,其他,三口之家,否
C6258,女,普通,App自然注册,36,自由职业,武汉,二人世界,否
C6259,女,普通,线下扫码,35,自由职业,天津,三口之家,否
C6260,女,普通,线下扫码,28,公务员,北京,单身青年,否
C6261,男,银卡,外卖平台导流,26,企业职员,成都,二人世界,否
C6262,女,普通,微信小程序,38,自由职业,其他,三口之家,否
C6263,男,金卡,社群裂变,46,服务业,长沙,单身青年,是
C6264,男,普通,外卖平台导流,40,服务业,北京,单身青年,否
C6265,男,黑金,App自然注册,26,企业职员,天津,多口之家,是
C6266,女,普通,外卖平台导流,38,企业职员,北京,三口之家,否
C6267,女,普通,社群裂变,32,自由职业,其他,三口之家,否
C6268,男,普通,App自然注册,38,企业职员,广州,二人世界,否
C6269,男,普通,App自然注册,32,全职主妇,天津,单身青年,否
C6270,女,普通,App自然注册,40,互联网从业,杭州,三口之家,否
C6271,男,普通,App自然注册,30,自由职业,重庆,多口之家,否
C6272,女,普通,App自然注册,22,互联网从业,南京,三口之家,否
C6273,男,普通,社群裂变,36,学生,重庆,三口之家,否
C6274,男,银卡,App自然注册,29,企业职员,青岛,三口之家,否
C6275,女,普通,App自然注册,39,互联网从业,天津,三口之家,否
C6276,女,金卡,微信小程序,42,其他,长沙,三口之家,否
C6277,女,普通,App自然注册,31,互联网从业,深圳,三口之家,否
C6278,男,普通,微信小程序,35,自由职业,广州,三口之家,否
C6279,女,普通,地推活动,30,全职主妇,成都,二人世界,否
C6280,女,普通,微信小程序,36,企业职员,广州,二人世界,否
C6281,女,普通,社群裂变,42,企业职员,成都,三口之家,否
C6282,男,普通,微信小程序,34,服务业,天津,三口之家,否
C6283,女,普通,线下扫码,25,学生,西安,单身青年,否
C6284,男,银卡,微信小程序,32,服务业,北京,单身青年,否
C6285,女,普通,线下扫码,40,服务业,郑州,二人世界,否
C6286,男,金卡,地推活动,25,互联网从业,广州,多口之家,是
C6287,女,银卡,地推活动,27,企业职员,西安,单身青年,否
C6288,女,银卡,微信小程序,34,互联网从业,杭州,三口之家,否
C6289,男,银卡,微信小程序,39,企业职员,武汉,银发族,否
C6290,女,普通,App自然注册,42,自由职业,北京,三口之家,否
C6291,女,普通,微信小程序,30,互联网从业,西安,单身青年,否
C6292,女,普通,线下扫码,44,企业职员,成都,二人世界,否
C6293,女,银卡,社群裂变,38,学生,郑州,三口之家,否
C6294,男,银卡,App自然注册,27,互联网从业,成都,单身青年,否
C6295,女,普通,外卖平台导流,30,服务业,成都,多口之家,否
C6296,男,普通,社群裂变,30,其他,北京,二人世界,否
C6297,男,普通,线下扫码,29,全职主妇,天津,银发族,否
C6298,男,普通,微信小程序,37,其他,成都,多口之家,否
C6299,男,普通,微信小程序,29,企业职员,天津,多口之家,否
C6300,女,普通,微信小程序,34,服务业,苏州,二人世界,否
C6301,男,普通,App自然注册,30,企业职员,成都,三口之家,否
C6302,男,银卡,外卖平台导流,38,服务业,杭州,三口之家,否
C6303,女,普通,App自然注册,39,全职主妇,上海,三口之家,否
C6304,女,普通,微信小程序,35,企业职员,长沙,二人世界,否
C6305,男,普通,社群裂变,31,其他,天津,二人世界,否
C6306,男,普通,外卖平台导流,33,企业职员,上海,单身青年,否
C6307,女,普通,App自然注册,33,其他,天津,单身青年,否
C6308,女,普通,社群裂变,29,全职主妇,北京,单身青年,否
C6309,女,普通,App自然注册,36,公务员,北京,二人世界,否
C6310,女,普通,App自然注册,33,全职主妇,其他,多口之家,否
C6311,女,普通,线下扫码,23,企业职员,广州,多口之家,否
C6312,女,普通,线下扫码,41,企业职员,上海,三口之家,否
C6313,女,普通,App自然注册,41,互联网从业,广州,银发族,否
C6314,男,普通,微信小程序,22,服务业,天津,二人世界,否
C6315,女,普通,App自然注册,39,全职主妇,深圳,三口之家,否
C6316,女,金卡,微信小程序,35,全职主妇,重庆,银发族,否
C6317,女,普通,地推活动,22,自由职业,西安,多口之家,否
C6318,男,普通,线下扫码,37,自由职业,重庆,多口之家,否
C6319,男,银卡,微信小程序,46,服务业,重庆,单身青年,否
C6320,女,普通,微信小程序,34,企业职员,上海,单身青年,否
C6321,女,普通,App自然注册,29,互联网从业,广州,二人世界,否
C6322,男,普通,社群裂变,30,其他,青岛,多口之家,否
C6323,女,普通,微信小程序,29,自由职业,青岛,三口之家,否
C6324,女,黑金,App自然注册,40,企业职员,深圳,单身青年,是
C6325,男,银卡,地推活动,38,全职主妇,上海,银发族,否
C6326,男,银卡,社群裂变,41,企业职员,其他,单身青年,否
C6327,男,银卡,地推活动,32,全职主妇,重庆,多口之家,否
C6328,女,银卡,社群裂变,36,企业职员,武汉,单身青年,否
C6329,男,金卡,外卖平台导流,30,互联网从业,西安,单身青年,否
C6330,女,普通,外卖平台导流,33,企业职员,西安,三口之家,否
C6331,男,银卡,外卖平台导流,34,服务业,深圳,多口之家,否
C6332,男,普通,社群裂变,37,服务业,成都,单身青年,否
C6333,女,普通,外卖平台导流,37,学生,长沙,三口之家,否
C6334,男,金卡,App自然注册,39,全职主妇,深圳,银发族,是
C6335,女,普通,App自然注册,29,公务员,北京,二人世界,否
C6336,男,普通,线下扫码,22,全职主妇,北京,多口之家,否
C6337,女,普通,地推活动,38,学生,杭州,银发族,否
C6338,男,普通,微信小程序,31,其他,武汉,银发族,否
C6339,男,银卡,App自然注册,35,企业职员,郑州,三口之家,否
C6340,女,银卡,微信小程序,30,自由职业,成都,三口之家,否
C6341,男,银卡,线下扫码,37,学生,苏州,单身青年,否
C6342,男,普通,线下扫码,33,互联网从业,苏州,三口之家,否
C6343,男,普通,微信小程序,48,互联网从业,南京,二人世界,否
C6344,女,普通,微信小程序,38,企业职员,南京,三口之家,否
C6345,女,银卡,微信小程序,25,服务业,深圳,三口之家,否
C6346,女,银卡,App自然注册,42,企业职员,广州,单身青年,否
C6347,男,银卡,App自然注册,28,学生,苏州,银发族,否
C6348,女,银卡,App自然注册,44,企业职员,北京,三口之家,否
C6349,女,黑金,微信小程序,23,企业职员,苏州,单身青年,是
C6350,男,银卡,线下扫码,27,其他,深圳,三口之家,否
C6351,女,银卡,App自然注册,34,企业职员,深圳,银发族,否
C6352,女,金卡,微信小程序,33,企业职员,重庆,二人世界,是
C6353,男,银卡,微信小程序,26,学生,北京,多口之家,否
C6354,女,普通,微信小程序,41,服务业,天津,单身青年,否
C6355,女,普通,地推活动,29,自由职业,北京,三口之家,否
C6356,男,普通,外卖平台导流,35,企业职员,北京,三口之家,否
C6357,男,普通,微信小程序,46,互联网从业,天津,多口之家,否
C6358,男,银卡,地推活动,29,企业职员,杭州,二人世界,否
C6359,男,银卡,外卖平台导流,37,全职主妇,苏州,银发族,否
C6360,女,普通,微信小程序,41,企业职员,深圳,单身青年,否
C6361,男,普通,App自然注册,34,企业职员,郑州,二人世界,否
C6362,男,银卡,线下扫码,48,学生,上海,单身青年,否
C6363,女,普通,微信小程序,27,企业职员,广州,多口之家,否
C6364,男,银卡,App自然注册,38,企业职员,上海,三口之家,否
C6365,女,普通,微信小程序,33,企业职员,上海,单身青年,否
C6366,女,普通,App自然注册,32,学生,成都,三口之家,否
C6367,女,普通,微信小程序,29,互联网从业,北京,三口之家,否
C6368,女,银卡,App自然注册,44,企业职员,杭州,三口之家,否
C6369,女,普通,社群裂变,36,企业职员,成都,多口之家,否
C6370,女,银卡,线下扫码,37,自由职业,北京,三口之家,否
C6371,男,普通,地推活动,37,企业职员,北京,单身青年,否
C6372,女,银卡,App自然注册,39,学生,深圳,单身青年,否
C6373,女,金卡,社群裂变,22,公务员,武汉,单身青年,是
C6374,男,银卡,线下扫码,42,全职主妇,北京,二人世界,否
C6375,女,金卡,App自然注册,31,全职主妇,成都,单身青年,否
C6376,男,普通,App自然注册,32,其他,北京,三口之家,否
C6377,男,普通,线下扫码,34,自由职业,西安,三口之家,否
C6378,女,普通,App自然注册,36,服务业,深圳,三口之家,否
C6379,男,银卡,微信小程序,40,企业职员,天津,三口之家,否
C6380,男,银卡,线下扫码,39,全职主妇,长沙,单身青年,否
C6381,男,普通,App自然注册,40,自由职业,苏州,单身青年,否
C6382,女,金卡,微信小程序,32,互联网从业,青岛,多口之家,否
C6383,女,普通,微信小程序,36,其他,广州,多口之家,否
C6384,女,金卡,微信小程序,28,企业职员,北京,三口之家,是
C6385,女,普通,App自然注册,28,其他,武汉,二人世界,否
C6386,女,普通,微信小程序,31,公务员,杭州,二人世界,否
C6387,女,普通,App自然注册,35,企业职员,青岛,单身青年,否
C6388,女,普通,社群裂变,35,全职主妇,长沙,三口之家,否
C6389,女,普通,微信小程序,38,学生,上海,多口之家,否
C6390,女,普通,外卖平台导流,38,其他,南京,多口之家,否
C6391,男,普通,外卖平台导流,41,自由职业,武汉,多口之家,否
C6392,男,普通,线下扫码,25,全职主妇,西安,银发族,否
C6393,女,普通,微信小程序,23,互联网从业,郑州,三口之家,否
C6394,男,银卡,线下扫码,37,企业职员,苏州,单身青年,否
C6395,女,普通,微信小程序,27,全职主妇,其他,二人世界,否
C6396,女,普通,线下扫码,33,全职主妇,广州,银发族,否
C6397,男,普通,外卖平台导流,28,全职主妇,杭州,二人世界,否
C6398,女,普通,微信小程序,30,学生,青岛,单身青年,否
C6399,男,普通,App自然注册,32,企业职员,上海,三口之家,否
C6400,女,银卡,线下扫码,43,自由职业,南京,单身青年,否
C6401,女,普通,微信小程序,40,互联网从业,北京,多口之家,否
C6402,男,普通,微信小程序,44,服务业,其他,三口之家,否
C6403,女,普通,地推活动,28,学生,上海,单身青年,否
C6404,男,银卡,App自然注册,25,企业职员,成都,三口之家,否
C6405,男,银卡,微信小程序,37,服务业,苏州,单身青年,否
C6406,男,普通,社群裂变,35,全职主妇,郑州,单身青年,否
C6407,男,普通,微信小程序,40,学生,北京,三口之家,否
C6408,男,普通,线下扫码,25,公务员,上海,三口之家,否
C6409,男,普通,地推活动,35,公务员,杭州,三口之家,否
C6410,女,普通,微信小程序,39,企业职员,成都,三口之家,否
C6411,男,普通,App自然注册,42,企业职员,上海,多口之家,否
C6412,女,普通,线下扫码,31,公务员,南京,三口之家,否
C6413,男,普通,线下扫码,37,其他,上海,单身青年,否
C6414,女,银卡,App自然注册,33,互联网从业,深圳,二人世界,否
C6415,男,金卡,地推活动,41,互联网从业,重庆,二人世界,是
C6416,女,普通,社群裂变,29,企业职员,成都,三口之家,否
C6417,女,银卡,微信小程序,38,企业职员,上海,三口之家,否
C6418,女,普通,App自然注册,37,其他,重庆,单身青年,否
C6419,女,普通,App自然注册,34,互联网从业,杭州,三口之家,否
C6420,男,普通,地推活动,31,企业职员,成都,单身青年,否
C6421,女,金卡,微信小程序,36,互联网从业,苏州,三口之家,否
C6422,女,普通,线下扫码,36,全职主妇,上海,银发族,否
C6423,男,银卡,App自然注册,28,企业职员,北京,三口之家,否
C6424,女,金卡,线下扫码,38,企业职员,广州,多口之家,是
C6425,男,普通,地推活动,34,企业职员,青岛,二人世界,否
C6426,男,普通,微信小程序,33,自由职业,天津,三口之家,否
C6427,男,普通,微信小程序,37,企业职员,广州,三口之家,否
C6428,女,普通,外卖平台导流,31,互联网从业,南京,二人世界,否
C6429,女,普通,App自然注册,25,公务员,武汉,二人世界,否
C6430,女,普通,外卖平台导流,30,自由职业,成都,单身青年,否
C6431,男,普通,社群裂变,30,全职主妇,上海,三口之家,否
C6432,女,普通,线下扫码,29,服务业,北京,三口之家,否
C6433,女,普通,微信小程序,46,互联网从业,杭州,二人世界,否
C6434,女,银卡,App自然注册,30,互联网从业,西安,多口之家,否
C6435,女,金卡,App自然注册,38,全职主妇,上海,二人世界,否
C6436,女,普通,微信小程序,26,自由职业,北京,单身青年,否
C6437,女,银卡,微信小程序,34,公务员,上海,三口之家,否
C6438,男,普通,App自然注册,33,服务业,其他,银发族,否
C6439,女,普通,微信小程序,33,企业职员,深圳,多口之家,否
C6440,女,普通,社群裂变,38,企业职员,武汉,多口之家,否
C6441,男,普通,线下扫码,26,企业职员,北京,三口之家,否
C6442,男,银卡,线下扫码,39,全职主妇,武汉,银发族,否
C6443,男,普通,App自然注册,22,互联网从业,其他,三口之家,否
C6444,女,普通,微信小程序,39,服务业,郑州,单身青年,否
C6445,男,普通,App自然注册,26,企业职员,武汉,二人世界,否
C6446,男,普通,地推活动,25,自由职业,其他,单身青年,否
C6447,女,银卡,微信小程序,48,企业职员,北京,单身青年,否
C6448,女,普通,App自然注册,32,服务业,重庆,多口之家,否
C6449,男,金卡,微信小程序,40,全职主妇,北京,三口之家,否
C6450,男,普通,地推活动,44,公务员,天津,单身青年,否
C6451,男,普通,线下扫码,27,互联网从业,苏州,多口之家,否
C6452,男,普通,微信小程序,35,互联网从业,上海,单身青年,否
C6453,男,普通,外卖平台导流,37,企业职员,杭州,二人世界,否
C6454,男,普通,地推活动,48,全职主妇,天津,单身青年,否
C6455,男,普通,外卖平台导流,35,互联网从业,广州,银发族,否
C6456,男,普通,线下扫码,32,互联网从业,成都,二人世界,否
C6457,女,银卡,微信小程序,22,服务业,广州,多口之家,否
C6458,女,普通,App自然注册,40,公务员,长沙,二人世界,否
C6459,女,银卡,线下扫码,42,学生,深圳,三口之家,否
C6460,女,金卡,微信小程序,29,公务员,北京,三口之家,否
C6461,男,普通,微信小程序,37,学生,北京,多口之家,否
C6462,女,普通,App自然注册,27,其他,其他,三口之家,否
C6463,女,普通,微信小程序,27,企业职员,上海,银发族,否
C6464,女,普通,微信小程序,35,自由职业,武汉,三口之家,否
C6465,女,普通,App自然注册,26,互联网从业,武汉,单身青年,否
C6466,女,普通,微信小程序,37,企业职员,杭州,单身青年,否
C6467,女,金卡,线下扫码,28,互联网从业,长沙,银发族,是
C6468,女,黑金,线下扫码,41,服务业,成都,单身青年,是
C6469,女,普通,地推活动,32,服务业,青岛,三口之家,否
C6470,女,普通,社群裂变,28,公务员,南京,单身青年,否
C6471,女,普通,外卖平台导流,34,服务业,杭州,二人世界,否
C6472,女,普通,App自然注册,23,互联网从业,上海,三口之家,否
C6473,女,普通,App自然注册,43,企业职员,广州,单身青年,否
C6474,女,普通,微信小程序,39,服务业,广州,三口之家,否
C6475,男,普通,App自然注册,26,企业职员,北京,三口之家,否
C6476,女,金卡,微信小程序,31,其他,南京,单身青年,是
C6477,男,普通,社群裂变,38,自由职业,其他,银发族,否
C6478,女,银卡,外卖平台导流,27,服务业,其他,三口之家,否
C6479,女,普通,社群裂变,34,自由职业,广州,多口之家,否
C6480,男,银卡,App自然注册,37,学生,深圳,银发族,否
C6481,女,普通,微信小程序,33,企业职员,南京,单身青年,否
C6482,女,银卡,地推活动,38,其他,天津,单身青年,否
C6483,男,银卡,外卖平台导流,25,其他,深圳,三口之家,否
C6484,女,普通,微信小程序,39,企业职员,苏州,三口之家,否
C6485,女,普通,线下扫码,30,服务业,广州,银发族,否
C6486,男,普通,线下扫码,27,互联网从业,其他,二人世界,否
C6487,女,银卡,App自然注册,32,公务员,其他,二人世界,否
C6488,男,金卡,线下扫码,35,自由职业,郑州,二人世界,是
C6489,男,普通,线下扫码,30,互联网从业,北京,单身青年,否
C6490,男,普通,微信小程序,24,其他,成都,二人世界,否
C6491,女,普通,社群裂变,42,全职主妇,上海,多口之家,否
C6492,男,普通,线下扫码,41,企业职员,重庆,三口之家,否
C6493,女,普通,线下扫码,29,学生,青岛,三口之家,否
C6494,男,银卡,社群裂变,43,企业职员,武汉,二人世界,否
C6495,男,银卡,App自然注册,22,互联网从业,天津,多口之家,否
C6496,男,银卡,线下扫码,30,企业职员,深圳,三口之家,否
C6497,男,银卡,App自然注册,35,互联网从业,苏州,银发族,否
C6498,男,银卡,地推活动,34,公务员,南京,二人世界,否
C6499,女,普通,App自然注册,26,自由职业,其他,多口之家,否
C6500,女,普通,App自然注册,36,互联网从业,杭州,三口之家,否
C6501,男,普通,社群裂变,36,企业职员,上海,三口之家,否
C6502,女,普通,App自然注册,32,自由职业,南京,银发族,否
C6503,女,银卡,微信小程序,28,企业职员,上海,三口之家,否
C6504,男,银卡,社群裂变,48,公务员,成都,三口之家,否
C6505,男,银卡,外卖平台导流,33,其他,武汉,多口之家,否
C6506,女,普通,App自然注册,29,全职主妇,苏州,单身青年,否
C6507,男,普通,微信小程序,36,其他,重庆,三口之家,否
C6508,女,普通,微信小程序,24,服务业,北京,银发族,否
C6509,男,银卡,微信小程序,30,服务业,上海,单身青年,否
C6510,女,金卡,微信小程序,34,企业职员,成都,三口之家,是
C6511,女,金卡,App自然注册,44,公务员,天津,单身青年,是
C6512,男,银卡,微信小程序,40,自由职业,西安,单身青年,否
C6513,女,普通,微信小程序,30,企业职员,深圳,单身青年,否
C6514,女,普通,App自然注册,34,企业职员,其他,银发族,否
C6515,女,普通,App自然注册,23,服务业,苏州,多口之家,否
C6516,女,普通,线下扫码,30,企业职员,深圳,银发族,否
C6517,男,普通,线下扫码,48,企业职员,郑州,三口之家,否
C6518,男,普通,微信小程序,35,自由职业,上海,多口之家,否
C6519,女,普通,App自然注册,37,企业职员,青岛,三口之家,否
C6520,男,普通,微信小程序,44,其他,重庆,单身青年,否
C6521,女,银卡,微信小程序,29,互联网从业,深圳,多口之家,否
C6522,女,普通,微信小程序,29,服务业,青岛,二人世界,否
C6523,女,普通,微信小程序,30,学生,长沙,银发族,否
C6524,女,普通,App自然注册,31,企业职员,广州,单身青年,否
C6525,男,普通,外卖平台导流,33,服务业,西安,单身青年,否
C6526,女,黑金,线下扫码,26,互联网从业,北京,二人世界,是
C6527,女,银卡,社群裂变,31,其他,重庆,银发族,否
C6528,女,普通,社群裂变,33,服务业,武汉,三口之家,否
C6529,女,银卡,App自然注册,33,公务员,深圳,三口之家,否
C6530,男,普通,线下扫码,48,公务员,南京,三口之家,否
C6531,男,普通,线下扫码,48,企业职员,西安,三口之家,否
C6532,女,银卡,社群裂变,34,学生,青岛,二人世界,否
C6533,女,普通,社群裂变,46,企业职员,上海,单身青年,否
C6534,男,普通,外卖平台导流,40,企业职员,郑州,多口之家,否
C6535,女,普通,线下扫码,46,服务业,北京,二人世界,否
C6536,女,金卡,App自然注册,25,互联网从业,北京,多口之家,是
C6537,男,普通,微信小程序,39,服务业,广州,三口之家,否
C6538,男,普通,微信小程序,35,企业职员,重庆,三口之家,否
C6539,男,普通,线下扫码,35,企业职员,上海,多口之家,否
C6540,男,普通,线下扫码,34,自由职业,南京,银发族,否
C6541,女,普通,地推活动,37,服务业,西安,多口之家,否
C6542,男,银卡,微信小程序,36,企业职员,其他,二人世界,否
C6543,女,普通,微信小程序,25,学生,杭州,银发族,否
C6544,男,普通,App自然注册,37,全职主妇,武汉,三口之家,否
C6545,男,普通,微信小程序,44,学生,其他,二人世界,否
C6546,女,银卡,App自然注册,31,服务业,上海,三口之家,否
C6547,男,普通,App自然注册,26,企业职员,杭州,二人世界,否
C6548,女,银卡,社群裂变,33,企业职员,其他,三口之家,否
C6549,男,普通,微信小程序,29,公务员,西安,二人世界,否
C6550,女,普通,社群裂变,37,其他,西安,二人世界,否
C6551,男,银卡,微信小程序,45,服务业,长沙,多口之家,否
C6552,男,金卡,App自然注册,37,学生,深圳,单身青年,是
C6553,女,普通,外卖平台导流,42,学生,其他,二人世界,否
C6554,女,金卡,App自然注册,38,企业职员,青岛,银发族,是
C6555,女,普通,外卖平台导流,33,学生,其他,单身青年,否
C6556,女,普通,微信小程序,33,服务业,南京,单身青年,否
C6557,女,普通,地推活动,33,互联网从业,北京,二人世界,否
C6558,男,银卡,线下扫码,23,公务员,成都,三口之家,否
C6559,女,银卡,App自然注册,30,企业职员,上海,单身青年,否
C6560,女,普通,线下扫码,26,服务业,其他,二人世界,否
C6561,男,普通,微信小程序,42,服务业,苏州,二人世界,否
C6562,男,银卡,App自然注册,34,全职主妇,北京,三口之家,否
C6563,男,金卡,微信小程序,31,全职主妇,苏州,多口之家,否
C6564,女,普通,App自然注册,33,全职主妇,上海,银发族,否
C6565,女,普通,地推活动,39,全职主妇,北京,三口之家,否
C6566,女,银卡,App自然注册,22,企业职员,深圳,三口之家,否
C6567,女,普通,外卖平台导流,34,其他,南京,三口之家,否
C6568,男,普通,线下扫码,34,自由职业,上海,二人世界,否
C6569,女,金卡,微信小程序,29,互联网从业,杭州,单身青年,是
C6570,男,普通,App自然注册,42,企业职员,北京,三口之家,否
C6571,女,普通,线下扫码,27,公务员,杭州,三口之家,否
C6572,女,普通,社群裂变,28,学生,深圳,银发族,否
C6573,女,银卡,微信小程序,40,其他,天津,单身青年,否
C6574,男,银卡,App自然注册,30,企业职员,广州,二人世界,否
C6575,男,银卡,微信小程序,31,全职主妇,上海,多口之家,否
C6576,女,银卡,外卖平台导流,42,企业职员,其他,三口之家,否
C6577,女,普通,App自然注册,48,企业职员,上海,二人世界,否
C6578,男,银卡,微信小程序,29,自由职业,广州,二人世界,否
C6579,女,普通,线下扫码,42,全职主妇,苏州,银发族,否
C6580,女,普通,线下扫码,41,互联网从业,西安,三口之家,否
C6581,女,普通,微信小程序,44,服务业,西安,多口之家,否
C6582,男,普通,微信小程序,27,企业职员,郑州,三口之家,否
C6583,女,普通,App自然注册,37,全职主妇,天津,多口之家,否
C6584,男,普通,微信小程序,43,其他,武汉,多口之家,否
C6585,女,银卡,地推活动,32,服务业,上海,单身青年,否
C6586,男,金卡,App自然注册,47,全职主妇,上海,多口之家,是
C6587,男,普通,线下扫码,31,全职主妇,武汉,银发族,否
C6588,女,普通,App自然注册,30,公务员,广州,银发族,否
C6589,男,普通,微信小程序,33,服务业,杭州,三口之家,否
C6590,女,普通,线下扫码,34,企业职员,其他,多口之家,否
C6591,女,普通,App自然注册,35,自由职业,郑州,二人世界,否
C6592,女,普通,微信小程序,22,服务业,成都,多口之家,否
C6593,女,普通,App自然注册,28,企业职员,北京,多口之家,否
C6594,女,普通,App自然注册,32,学生,其他,二人世界,否
C6595,女,黑金,微信小程序,29,自由职业,其他,二人世界,是
C6596,男,银卡,App自然注册,43,公务员,广州,三口之家,否
C6597,女,银卡,外卖平台导流,29,全职主妇,成都,三口之家,否
C6598,男,普通,外卖平台导流,38,学生,北京,单身青年,否
C6599,男,普通,线下扫码,40,服务业,成都,单身青年,否
C6600,男,普通,App自然注册,29,服务业,北京,多口之家,否
C6601,女,普通,微信小程序,41,公务员,深圳,三口之家,否
C6602,女,银卡,线下扫码,37,互联网从业,杭州,二人世界,否
C6603,男,银卡,微信小程序,31,自由职业,成都,三口之家,否
C6604,女,普通,App自然注册,25,其他,苏州,三口之家,否
C6605,女,普通,微信小程序,26,互联网从业,重庆,三口之家,否
C6606,男,普通,社群裂变,23,自由职业,青岛,多口之家,否
C6607,男,银卡,微信小程序,40,企业职员,武汉,三口之家,否
C6608,女,普通,App自然注册,48,全职主妇,广州,二人世界,否
C6609,女,金卡,外卖平台导流,32,企业职员,深圳,单身青年,是
C6610,男,普通,微信小程序,38,互联网从业,杭州,单身青年,否
C6611,男,普通,微信小程序,37,企业职员,北京,三口之家,否
C6612,男,普通,外卖平台导流,27,学生,北京,二人世界,否
C6613,男,普通,App自然注册,36,互联网从业,其他,银发族,否
C6614,男,普通,微信小程序,35,互联网从业,深圳,单身青年,否
C6615,女,金卡,App自然注册,33,互联网从业,广州,多口之家,否
C6616,男,银卡,线下扫码,43,全职主妇,武汉,单身青年,否
C6617,女,普通,线下扫码,41,企业职员,苏州,二人世界,否
C6618,男,金卡,微信小程序,27,自由职业,苏州,单身青年,是
C6619,女,普通,微信小程序,38,学生,上海,三口之家,否
C6620,女,普通,外卖平台导流,23,公务员,上海,三口之家,否
C6621,男,金卡,线下扫码,32,互联网从业,武汉,三口之家,是
C6622,女,银卡,App自然注册,22,学生,杭州,三口之家,否
C6623,女,普通,微信小程序,41,其他,上海,多口之家,否
C6624,女,普通,微信小程序,28,自由职业,北京,三口之家,否
C6625,男,普通,线下扫码,37,互联网从业,上海,二人世界,否
C6626,男,普通,App自然注册,41,企业职员,天津,多口之家,否
C6627,男,银卡,微信小程序,36,企业职员,长沙,二人世界,否
C6628,女,普通,App自然注册,35,互联网从业,北京,三口之家,否
C6629,女,普通,社群裂变,37,全职主妇,北京,三口之家,否
C6630,男,普通,地推活动,34,互联网从业,重庆,三口之家,否
C6631,女,普通,微信小程序,23,学生,深圳,三口之家,否
C6632,男,普通,外卖平台导流,25,自由职业,天津,三口之家,否
C6633,女,普通,外卖平台导流,34,互联网从业,成都,三口之家,否
C6634,男,普通,外卖平台导流,22,企业职员,苏州,单身青年,否
C6635,女,银卡,线下扫码,44,服务业,广州,二人世界,否
C6636,女,银卡,App自然注册,37,互联网从业,重庆,三口之家,否
C6637,女,银卡,微信小程序,43,企业职员,其他,三口之家,否
C6638,男,普通,线下扫码,30,全职主妇,郑州,银发族,否
C6639,男,普通,线下扫码,34,全职主妇,北京,二人世界,否
C6640,男,银卡,社群裂变,33,其他,杭州,二人世界,否
C6641,女,金卡,微信小程序,40,学生,成都,单身青年,是
C6642,女,普通,App自然注册,27,自由职业,其他,三口之家,否
C6643,男,普通,微信小程序,33,自由职业,重庆,三口之家,否
C6644,男,普通,App自然注册,28,学生,郑州,三口之家,否
C6645,男,普通,App自然注册,36,自由职业,杭州,二人世界,否
C6646,女,普通,微信小程序,44,企业职员,其他,三口之家,否
C6647,男,普通,微信小程序,28,自由职业,天津,多口之家,否
C6648,男,普通,外卖平台导流,32,互联网从业,其他,银发族,否
C6649,女,银卡,线下扫码,32,企业职员,广州,三口之家,否
C6650,男,银卡,App自然注册,43,全职主妇,重庆,单身青年,否
C6651,女,普通,微信小程序,37,互联网从业,西安,三口之家,否
C6652,男,普通,微信小程序,31,公务员,长沙,二人世界,否
C6653,男,银卡,App自然注册,47,自由职业,广州,二人世界,否
C6654,女,普通,地推活动,26,公务员,上海,二人世界,否
C6655,男,普通,线下扫码,27,互联网从业,上海,二人世界,否
C6656,女,银卡,线下扫码,38,其他,广州,单身青年,否
C6657,男,普通,微信小程序,22,企业职员,重庆,三口之家,否
C6658,男,普通,App自然注册,39,自由职业,广州,单身青年,否
C6659,女,普通,外卖平台导流,27,企业职员,北京,多口之家,否
C6660,女,普通,微信小程序,24,企业职员,上海,单身青年,否
C6661,女,普通,App自然注册,31,全职主妇,北京,二人世界,否
C6662,男,普通,外卖平台导流,24,企业职员,长沙,三口之家,否
C6663,男,银卡,外卖平台导流,43,企业职员,上海,单身青年,否
C6664,男,普通,微信小程序,46,企业职员,青岛,多口之家,否
C6665,女,普通,微信小程序,32,企业职员,上海,多口之家,否
C6666,女,普通,外卖平台导流,26,自由职业,长沙,单身青年,否
C6667,男,金卡,微信小程序,32,学生,西安,三口之家,否
C6668,女,银卡,微信小程序,31,企业职员,上海,银发族,否
C6669,女,银卡,微信小程序,29,企业职员,武汉,银发族,否
C6670,男,普通,线下扫码,36,互联网从业,北京,三口之家,否
C6671,男,普通,微信小程序,40,互联网从业,杭州,二人世界,否
C6672,男,普通,微信小程序,33,其他,深圳,银发族,否
C6673,女,普通,App自然注册,36,企业职员,郑州,银发族,否
C6674,女,普通,线下扫码,29,互联网从业,重庆,二人世界,否
C6675,男,普通,微信小程序,30,企业职员,长沙,二人世界,否
C6676,男,金卡,线下扫码,22,服务业,西安,三口之家,是
C6677,女,普通,App自然注册,29,全职主妇,郑州,银发族,否
C6678,男,银卡,线下扫码,27,互联网从业,上海,二人世界,否
C6679,女,普通,线下扫码,35,公务员,成都,单身青年,否
C6680,男,银卡,地推活动,30,自由职业,其他,单身青年,否
C6681,男,普通,App自然注册,29,企业职员,上海,三口之家,否
C6682,男,银卡,微信小程序,39,服务业,杭州,二人世界,否
C6683,男,银卡,App自然注册,38,互联网从业,西安,三口之家,否
C6684,女,普通,微信小程序,37,互联网从业,深圳,三口之家,否
C6685,男,普通,App自然注册,22,学生,广州,三口之家,否
C6686,女,银卡,微信小程序,33,自由职业,郑州,单身青年,否
C6687,男,银卡,线下扫码,37,学生,青岛,三口之家,否
C6688,男,普通,微信小程序,39,互联网从业,深圳,三口之家,否
C6689,女,普通,社群裂变,42,全职主妇,成都,多口之家,否
C6690,男,银卡,微信小程序,47,学生,广州,三口之家,否
C6691,女,黑金,App自然注册,29,全职主妇,北京,单身青年,是
C6692,男,普通,微信小程序,46,企业职员,北京,二人世界,否
C6693,男,普通,App自然注册,36,企业职员,武汉,二人世界,否
C6694,女,普通,线下扫码,43,自由职业,广州,三口之家,否
C6695,男,银卡,外卖平台导流,38,学生,武汉,二人世界,否
C6696,男,金卡,线下扫码,37,企业职员,深圳,单身青年,是
C6697,男,普通,微信小程序,25,企业职员,杭州,二人世界,否
C6698,女,普通,外卖平台导流,28,公务员,西安,二人世界,否
C6699,女,金卡,外卖平台导流,37,企业职员,北京,单身青年,是
C6700,男,银卡,地推活动,41,互联网从业,南京,银发族,否
C6701,男,普通,线下扫码,28,学生,武汉,单身青年,否
C6702,男,普通,社群裂变,30,学生,郑州,多口之家,否
C6703,女,普通,微信小程序,39,全职主妇,重庆,单身青年,否
C6704,男,普通,App自然注册,34,服务业,武汉,单身青年,否
C6705,男,普通,线下扫码,35,全职主妇,其他,二人世界,否
C6706,男,普通,线下扫码,43,全职主妇,上海,银发族,否
C6707,男,普通,社群裂变,48,全职主妇,杭州,单身青年,否
C6708,男,普通,线下扫码,39,企业职员,上海,单身青年,否
C6709,女,黑金,微信小程序,35,公务员,上海,银发族,是
C6710,女,普通,线下扫码,31,全职主妇,武汉,三口之家,否
C6711,女,普通,微信小程序,39,其他,成都,二人世界,否
C6712,女,银卡,微信小程序,27,服务业,其他,单身青年,否
C6713,男,普通,App自然注册,42,服务业,重庆,多口之家,否
C6714,女,银卡,微信小程序,26,学生,西安,二人世界,否
C6715,男,普通,社群裂变,38,互联网从业,北京,三口之家,否
C6716,女,普通,线下扫码,29,企业职员,南京,三口之家,否
C6717,女,普通,App自然注册,44,学生,深圳,多口之家,否
C6718,女,金卡,微信小程序,40,自由职业,上海,三口之家,是
C6719,女,普通,线下扫码,38,学生,广州,三口之家,否
C6720,男,银卡,线下扫码,36,学生,郑州,三口之家,否
C6721,女,银卡,App自然注册,44,学生,西安,单身青年,否
C6722,女,普通,线下扫码,39,企业职员,长沙,单身青年,否
C6723,男,普通,App自然注册,36,互联网从业,南京,多口之家,否
C6724,女,银卡,App自然注册,35,企业职员,天津,三口之家,否
C6725,女,普通,微信小程序,48,企业职员,广州,多口之家,否
C6726,男,普通,社群裂变,45,企业职员,成都,二人世界,否
C6727,男,普通,App自然注册,38,企业职员,北京,三口之家,否
C6728,女,普通,微信小程序,45,自由职业,杭州,单身青年,否
C6729,男,普通,App自然注册,32,企业职员,西安,银发族,否
C6730,男,普通,微信小程序,30,学生,杭州,多口之家,否
C6731,男,普通,微信小程序,34,互联网从业,上海,三口之家,否
C6732,男,银卡,微信小程序,32,企业职员,北京,二人世界,否
C6733,女,银卡,微信小程序,34,全职主妇,长沙,多口之家,否
C6734,男,普通,App自然注册,45,企业职员,广州,二人世界,否
C6735,男,银卡,App自然注册,38,服务业,天津,单身青年,否
C6736,女,金卡,外卖平台导流,37,全职主妇,重庆,三口之家,是
C6737,女,普通,App自然注册,28,企业职员,其他,三口之家,否
C6738,男,普通,App自然注册,26,互联网从业,深圳,单身青年,否
C6739,男,普通,外卖平台导流,30,学生,上海,三口之家,否
C6740,男,普通,线下扫码,27,全职主妇,深圳,单身青年,否
C6741,女,普通,App自然注册,48,互联网从业,深圳,二人世界,否
C6742,女,普通,App自然注册,26,企业职员,天津,二人世界,否
C6743,女,普通,微信小程序,40,学生,广州,银发族,否
C6744,男,普通,微信小程序,33,全职主妇,武汉,单身青年,否
C6745,女,普通,App自然注册,38,服务业,杭州,单身青年,否
C6746,男,普通,微信小程序,33,全职主妇,天津,二人世界,否
C6747,女,银卡,社群裂变,39,互联网从业,上海,二人世界,否
C6748,男,普通,微信小程序,37,全职主妇,北京,银发族,否
C6749,女,普通,社群裂变,25,企业职员,成都,二人世界,否
C6750,男,金卡,App自然注册,37,学生,广州,单身青年,否
C6751,女,普通,社群裂变,37,公务员,上海,多口之家,否
C6752,女,银卡,App自然注册,33,互联网从业,天津,银发族,否
C6753,男,金卡,外卖平台导流,43,互联网从业,重庆,单身青年,是
C6754,男,普通,外卖平台导流,28,公务员,其他,单身青年,否
C6755,女,普通,微信小程序,33,全职主妇,深圳,三口之家,否
C6756,男,普通,线下扫码,28,公务员,深圳,单身青年,否
C6757,女,银卡,微信小程序,31,其他,上海,银发族,否
C6758,男,普通,外卖平台导流,31,服务业,杭州,三口之家,否
C6759,男,普通,App自然注册,35,自由职业,深圳,单身青年,否
C6760,男,金卡,App自然注册,40,企业职员,成都,单身青年,否
C6761,男,普通,App自然注册,24,其他,广州,三口之家,否
C6762,男,普通,微信小程序,33,自由职业,广州,三口之家,否
C6763,女,银卡,微信小程序,31,互联网从业,天津,多口之家,否
C6764,女,普通,微信小程序,22,服务业,其他,多口之家,否
C6765,男,普通,微信小程序,32,公务员,上海,多口之家,否
C6766,男,普通,App自然注册,22,互联网从业,上海,银发族,否
C6767,男,普通,App自然注册,35,企业职员,武汉,单身青年,否
C6768,男,普通,外卖平台导流,32,自由职业,杭州,单身青年,否
C6769,男,普通,线下扫码,29,服务业,武汉,单身青年,否
C6770,女,普通,外卖平台导流,27,互联网从业,杭州,多口之家,否
C6771,女,普通,App自然注册,39,服务业,上海,单身青年,否
C6772,男,普通,App自然注册,39,企业职员,成都,三口之家,否
C6773,女,普通,App自然注册,39,学生,杭州,三口之家,否
C6774,男,普通,外卖平台导流,40,企业职员,上海,三口之家,否
C6775,男,金卡,线下扫码,39,学生,深圳,多口之家,否
C6776,女,普通,微信小程序,31,学生,其他,三口之家,否
C6777,男,普通,地推活动,32,互联网从业,成都,银发族,否
C6778,女,普通,微信小程序,42,企业职员,郑州,单身青年,否
C6779,女,普通,App自然注册,33,其他,深圳,单身青年,否
C6780,男,普通,微信小程序,38,学生,广州,单身青年,否
C6781,女,普通,微信小程序,35,自由职业,武汉,银发族,否
C6782,男,普通,微信小程序,28,自由职业,北京,三口之家,否
C6783,男,普通,外卖平台导流,38,服务业,上海,多口之家,否
C6784,男,普通,微信小程序,36,互联网从业,北京,三口之家,否
C6785,女,普通,App自然注册,28,全职主妇,广州,多口之家,否
C6786,女,普通,外卖平台导流,34,自由职业,广州,单身青年,否
C6787,女,普通,App自然注册,25,学生,武汉,单身青年,否
C6788,女,普通,微信小程序,34,企业职员,郑州,单身青年,否
C6789,男,普通,线下扫码,35,全职主妇,深圳,二人世界,否
C6790,女,黑金,微信小程序,38,服务业,成都,单身青年,是
C6791,女,银卡,App自然注册,33,企业职员,北京,三口之家,否
C6792,女,普通,社群裂变,30,全职主妇,杭州,二人世界,否
C6793,女,普通,App自然注册,27,企业职员,北京,多口之家,否
C6794,男,黑金,社群裂变,48,企业职员,北京,多口之家,是
C6795,女,金卡,外卖平台导流,40,企业职员,杭州,银发族,是
C6796,男,银卡,外卖平台导流,34,企业职员,上海,二人世界,否
C6797,女,普通,微信小程序,37,全职主妇,成都,二人世界,否
C6798,女,普通,微信小程序,40,公务员,深圳,二人世界,否
C6799,女,银卡,App自然注册,36,学生,广州,三口之家,否
C6800,男,银卡,线下扫码,30,学生,深圳,单身青年,否
C6801,女,普通,外卖平台导流,26,企业职员,深圳,单身青年,否
C6802,女,普通,社群裂变,34,企业职员,长沙,三口之家,否
C6803,女,银卡,外卖平台导流,41,公务员,其他,二人世界,否
C6804,女,银卡,社群裂变,31,全职主妇,其他,三口之家,否
C6805,女,普通,微信小程序,33,企业职员,天津,多口之家,否
C6806,男,银卡,App自然注册,43,企业职员,郑州,三口之家,否
C6807,男,普通,微信小程序,37,学生,上海,单身青年,否
C6808,女,普通,地推活动,48,服务业,天津,二人世界,否
C6809,女,普通,微信小程序,30,互联网从业,杭州,三口之家,否
C6810,男,普通,微信小程序,25,服务业,重庆,三口之家,否
C6811,男,银卡,App自然注册,36,全职主妇,广州,三口之家,否
C6812,女,银卡,微信小程序,30,学生,其他,三口之家,否
C6813,男,普通,线下扫码,30,企业职员,其他,三口之家,否
C6814,女,普通,微信小程序,39,自由职业,上海,二人世界,否
C6815,女,普通,社群裂变,22,企业职员,武汉,单身青年,否
C6816,女,普通,外卖平台导流,44,全职主妇,成都,三口之家,否
C6817,女,银卡,App自然注册,38,全职主妇,郑州,三口之家,否
C6818,女,普通,App自然注册,36,其他,北京,三口之家,否
C6819,男,普通,微信小程序,28,企业职员,成都,银发族,否
C6820,男,普通,社群裂变,33,企业职员,北京,单身青年,否
C6821,女,普通,线下扫码,47,其他,北京,单身青年,否
C6822,女,银卡,微信小程序,25,企业职员,天津,三口之家,否
C6823,女,普通,线下扫码,27,企业职员,北京,单身青年,否
C6824,女,金卡,App自然注册,31,企业职员,杭州,单身青年,是
C6825,女,普通,社群裂变,30,学生,郑州,多口之家,否
C6826,男,普通,线下扫码,28,公务员,其他,三口之家,否
C6827,男,银卡,App自然注册,36,服务业,北京,多口之家,否
C6828,男,普通,微信小程序,39,企业职员,广州,三口之家,否
C6829,男,银卡,线下扫码,26,全职主妇,广州,三口之家,否
C6830,男,普通,App自然注册,32,全职主妇,杭州,三口之家,否
C6831,男,金卡,微信小程序,29,服务业,北京,二人世界,是
C6832,女,银卡,社群裂变,47,公务员,深圳,银发族,否
C6833,女,银卡,微信小程序,38,企业职员,北京,二人世界,否
C6834,男,普通,微信小程序,33,服务业,杭州,银发族,否
C6835,男,普通,微信小程序,39,全职主妇,苏州,三口之家,否
C6836,男,普通,地推活动,36,全职主妇,重庆,多口之家,否
C6837,男,银卡,线下扫码,32,互联网从业,深圳,单身青年,否
C6838,男,银卡,社群裂变,43,学生,杭州,三口之家,否
C6839,男,普通,外卖平台导流,41,企业职员,上海,三口之家,否
C6840,男,银卡,App自然注册,39,企业职员,西安,三口之家,否
C6841,男,银卡,微信小程序,35,企业职员,北京,三口之家,否
C6842,男,金卡,App自然注册,40,互联网从业,深圳,单身青年,否
C6843,女,普通,微信小程序,43,全职主妇,其他,单身青年,否
C6844,女,普通,微信小程序,30,服务业,其他,单身青年,否
C6845,女,普通,外卖平台导流,33,其他,北京,三口之家,否
C6846,女,普通,外卖平台导流,43,企业职员,其他,二人世界,否
C6847,女,普通,外卖平台导流,31,互联网从业,北京,二人世界,否
C6848,女,普通,外卖平台导流,42,企业职员,北京,二人世界,否
C6849,女,普通,社群裂变,27,互联网从业,北京,单身青年,否
C6850,女,普通,微信小程序,38,服务业,北京,单身青年,否
C6851,男,普通,App自然注册,31,互联网从业,南京,二人世界,否
C6852,女,普通,微信小程序,38,全职主妇,广州,二人世界,否
C6853,女,普通,地推活动,32,企业职员,成都,银发族,否
C6854,女,普通,地推活动,31,全职主妇,武汉,三口之家,否
C6855,男,普通,社群裂变,39,互联网从业,上海,二人世界,否
C6856,男,普通,社群裂变,24,全职主妇,深圳,三口之家,否
C6857,男,银卡,App自然注册,24,企业职员,上海,二人世界,否
C6858,女,普通,App自然注册,35,企业职员,成都,银发族,否
C6859,女,普通,App自然注册,42,企业职员,北京,三口之家,否
C6860,女,普通,App自然注册,36,全职主妇,上海,三口之家,否
C6861,女,普通,微信小程序,32,企业职员,北京,二人世界,否
C6862,女,普通,App自然注册,38,互联网从业,上海,单身青年,否
C6863,男,普通,线下扫码,25,学生,杭州,二人世界,否
C6864,男,金卡,微信小程序,31,学生,上海,三口之家,是
C6865,男,普通,线下扫码,31,全职主妇,郑州,单身青年,否
C6866,男,普通,线下扫码,35,公务员,郑州,三口之家,否
C6867,男,普通,外卖平台导流,46,全职主妇,苏州,三口之家,否
C6868,女,普通,App自然注册,32,自由职业,苏州,二人世界,否
C6869,女,普通,微信小程序,41,企业职员,上海,单身青年,否
C6870,男,普通,App自然注册,26,全职主妇,上海,三口之家,否
C6871,男,金卡,App自然注册,34,企业职员,南京,三口之家,是
C6872,女,普通,微信小程序,47,其他,天津,三口之家,否
C6873,女,普通,微信小程序,23,企业职员,广州,三口之家,否
C6874,男,普通,微信小程序,41,企业职员,深圳,二人世界,否
C6875,女,银卡,App自然注册,34,自由职业,南京,三口之家,否
C6876,女,普通,外卖平台导流,22,全职主妇,广州,三口之家,否
C6877,女,普通,社群裂变,22,互联网从业,上海,三口之家,否
C6878,女,普通,微信小程序,30,互联网从业,武汉,单身青年,否
C6879,男,普通,社群裂变,42,服务业,武汉,多口之家,否
C6880,男,普通,外卖平台导流,46,其他,苏州,银发族,否
C6881,男,金卡,微信小程序,37,互联网从业,广州,二人世界,是
C6882,女,普通,线下扫码,22,学生,苏州,三口之家,否
C6883,女,普通,微信小程序,40,企业职员,成都,三口之家,否
C6884,男,普通,App自然注册,42,企业职员,上海,单身青年,否
C6885,男,普通,微信小程序,45,服务业,郑州,二人世界,否
C6886,女,黑金,外卖平台导流,32,学生,北京,三口之家,是
C6887,女,普通,外卖平台导流,30,学生,武汉,二人世界,否
C6888,男,普通,线下扫码,36,企业职员,杭州,二人世界,否
C6889,男,普通,地推活动,28,公务员,南京,二人世界,否
C6890,女,普通,微信小程序,37,企业职员,青岛,银发族,否
C6891,男,普通,地推活动,25,全职主妇,郑州,二人世界,否
C6892,男,银卡,线下扫码,25,全职主妇,杭州,二人世界,否
C6893,女,银卡,线下扫码,25,企业职员,天津,三口之家,否
C6894,女,普通,App自然注册,36,互联网从业,武汉,三口之家,否
C6895,女,普通,微信小程序,33,全职主妇,深圳,二人世界,否
C6896,女,普通,App自然注册,31,全职主妇,杭州,三口之家,否
C6897,女,普通,App自然注册,34,学生,郑州,三口之家,否
C6898,男,普通,线下扫码,45,学生,其他,银发族,否
C6899,女,普通,微信小程序,28,企业职员,南京,单身青年,否
C6900,男,金卡,微信小程序,39,企业职员,西安,单身青年,是
C6901,女,普通,外卖平台导流,41,服务业,青岛,多口之家,否
C6902,男,普通,微信小程序,47,学生,北京,二人世界,否
C6903,男,普通,微信小程序,40,企业职员,天津,单身青年,否
C6904,女,普通,微信小程序,34,公务员,北京,单身青年,否
C6905,女,普通,微信小程序,31,自由职业,深圳,银发族,否
C6906,男,普通,社群裂变,34,其他,上海,三口之家,否
C6907,女,普通,微信小程序,36,服务业,北京,三口之家,否
C6908,女,普通,微信小程序,33,全职主妇,南京,二人世界,否
C6909,女,金卡,微信小程序,44,自由职业,上海,多口之家,是
C6910,女,银卡,社群裂变,42,互联网从业,天津,三口之家,否
C6911,男,普通,微信小程序,48,学生,广州,三口之家,否
C6912,女,普通,微信小程序,37,企业职员,成都,三口之家,否
C6913,男,普通,线下扫码,36,企业职员,武汉,三口之家,否
C6914,女,普通,社群裂变,40,企业职员,北京,单身青年,否
C6915,女,普通,App自然注册,34,企业职员,北京,三口之家,否
C6916,男,普通,外卖平台导流,32,全职主妇,武汉,单身青年,否
C6917,男,普通,App自然注册,37,互联网从业,天津,三口之家,否
C6918,女,银卡,微信小程序,43,公务员,苏州,二人世界,否
C6919,男,普通,外卖平台导流,48,自由职业,南京,多口之家,否
C6920,女,普通,微信小程序,42,服务业,成都,银发族,否
C6921,男,普通,地推活动,35,全职主妇,其他,三口之家,否
C6922,男,银卡,App自然注册,27,其他,上海,三口之家,否
C6923,女,银卡,线下扫码,28,互联网从业,北京,二人世界,否
C6924,女,普通,线下扫码,41,公务员,南京,三口之家,否
C6925,男,普通,微信小程序,29,学生,苏州,三口之家,否
C6926,女,普通,社群裂变,43,全职主妇,深圳,多口之家,否
C6927,男,普通,App自然注册,35,自由职业,广州,单身青年,否
C6928,女,银卡,App自然注册,48,互联网从业,北京,单身青年,否
C6929,女,普通,外卖平台导流,38,全职主妇,成都,单身青年,否
C6930,男,普通,地推活动,33,企业职员,西安,银发族,否
C6931,女,银卡,外卖平台导流,25,全职主妇,上海,二人世界,否
C6932,女,金卡,线下扫码,48,企业职员,武汉,三口之家,是
C6933,女,普通,线下扫码,36,互联网从业,苏州,三口之家,否
C6934,男,普通,微信小程序,25,其他,其他,三口之家,否
C6935,女,普通,微信小程序,29,学生,杭州,二人世界,否
C6936,女,普通,微信小程序,25,服务业,西安,二人世界,否
C6937,女,银卡,微信小程序,41,全职主妇,成都,多口之家,否
C6938,男,普通,App自然注册,33,全职主妇,苏州,二人世界,否
C6939,男,普通,线下扫码,44,企业职员,苏州,三口之家,否
C6940,男,普通,App自然注册,37,企业职员,其他,三口之家,否
C6941,男,银卡,微信小程序,31,企业职员,北京,单身青年,否
C6942,女,普通,App自然注册,32,学生,上海,单身青年,否
C6943,男,普通,App自然注册,43,其他,成都,三口之家,否
C6944,女,普通,外卖平台导流,37,服务业,广州,银发族,否
C6945,女,普通,地推活动,43,互联网从业,上海,多口之家,否
C6946,男,普通,社群裂变,43,自由职业,成都,二人世界,否
C6947,女,金卡,微信小程序,26,互联网从业,北京,单身青年,是
C6948,女,银卡,地推活动,44,企业职员,武汉,银发族,否
C6949,女,普通,App自然注册,32,全职主妇,西安,多口之家,否
C6950,男,普通,外卖平台导流,42,自由职业,其他,二人世界,否
C6951,男,普通,微信小程序,22,企业职员,长沙,三口之家,否
C6952,男,普通,微信小程序,28,互联网从业,深圳,银发族,否
C6953,女,普通,App自然注册,30,服务业,深圳,二人世界,否
C6954,男,银卡,社群裂变,45,全职主妇,上海,银发族,否
C6955,女,金卡,线下扫码,41,公务员,杭州,银发族,否
C6956,女,普通,微信小程序,42,自由职业,其他,单身青年,否
C6957,女,普通,微信小程序,39,互联网从业,苏州,三口之家,否
C6958,女,金卡,外卖平台导流,25,其他,杭州,二人世界,是
C6959,女,金卡,线下扫码,39,全职主妇,长沙,三口之家,否
C6960,男,普通,App自然注册,22,企业职员,深圳,二人世界,否
C6961,女,银卡,App自然注册,40,自由职业,西安,二人世界,否
C6962,男,普通,微信小程序,37,公务员,广州,多口之家,否
C6963,男,普通,App自然注册,22,企业职员,重庆,单身青年,否
C6964,男,普通,微信小程序,36,自由职业,武汉,银发族,否
C6965,男,银卡,地推活动,42,企业职员,南京,二人世界,否
C6966,男,普通,App自然注册,38,企业职员,武汉,三口之家,否
C6967,女,普通,线下扫码,32,服务业,青岛,三口之家,否
C6968,女,银卡,外卖平台导流,24,自由职业,广州,三口之家,否
C6969,男,普通,微信小程序,28,学生,郑州,三口之家,否
C6970,男,普通,社群裂变,42,互联网从业,武汉,三口之家,否
C6971,男,银卡,App自然注册,33,互联网从业,广州,三口之家,否
C6972,男,普通,线下扫码,42,企业职员,深圳,多口之家,否
C6973,女,银卡,微信小程序,26,互联网从业,苏州,多口之家,否
C6974,男,普通,微信小程序,35,企业职员,成都,三口之家,否
C6975,男,普通,线下扫码,34,企业职员,杭州,多口之家,否
C6976,女,普通,App自然注册,31,服务业,长沙,单身青年,否
C6977,男,金卡,线下扫码,36,其他,深圳,多口之家,是
C6978,男,银卡,外卖平台导流,37,互联网从业,其他,三口之家,否
C6979,女,普通,微信小程序,40,企业职员,广州,二人世界,否
C6980,女,普通,App自然注册,25,公务员,武汉,二人世界,否
C6981,女,普通,微信小程序,32,服务业,广州,单身青年,否
C6982,女,普通,App自然注册,28,企业职员,深圳,单身青年,否
C6983,男,普通,微信小程序,33,全职主妇,南京,多口之家,否
C6984,女,金卡,外卖平台导流,38,企业职员,天津,单身青年,是
C6985,男,普通,微信小程序,35,全职主妇,其他,单身青年,否
C6986,女,银卡,社群裂变,36,企业职员,广州,银发族,否
C6987,女,金卡,外卖平台导流,41,互联网从业,上海,二人世界,是
C6988,男,普通,微信小程序,28,其他,天津,二人世界,否
C6989,男,金卡,App自然注册,32,服务业,西安,多口之家,是
C6990,女,金卡,App自然注册,36,企业职员,杭州,银发族,是
C6991,女,普通,微信小程序,38,互联网从业,西安,单身青年,否
C6992,女,普通,App自然注册,39,互联网从业,深圳,多口之家,否
C6993,男,普通,线下扫码,22,互联网从业,西安,三口之家,否
C6994,男,普通,微信小程序,27,全职主妇,西安,单身青年,否
C6995,男,普通,社群裂变,40,企业职员,其他,二人世界,否
C6996,女,银卡,线下扫码,27,全职主妇,郑州,三口之家,否
C6997,男,普通,社群裂变,37,企业职员,深圳,三口之家,否
C6998,女,银卡,App自然注册,37,互联网从业,成都,单身青年,否
C6999,男,普通,App自然注册,33,学生,天津,单身青年,否
C7000,女,普通,App自然注册,33,全职主妇,郑州,单身青年,否
C7001,男,银卡,微信小程序,38,全职主妇,武汉,三口之家,否
C7002,男,普通,App自然注册,26,企业职员,天津,单身青年,否
C7003,女,银卡,微信小程序,33,企业职员,上海,三口之家,否
C7004,女,普通,线下扫码,22,全职主妇,北京,单身青年,否
C7005,男,普通,App自然注册,32,其他,上海,三口之家,否
C7006,女,普通,线下扫码,31,全职主妇,苏州,多口之家,否
C7007,女,金卡,社群裂变,33,自由职业,深圳,三口之家,否
C7008,男,普通,线下扫码,39,企业职员,重庆,二人世界,否
C7009,男,普通,社群裂变,42,互联网从业,上海,三口之家,否
C7010,女,普通,App自然注册,37,全职主妇,成都,三口之家,否
C7011,女,普通,微信小程序,43,服务业,其他,银发族,否
C7012,女,普通,地推活动,37,全职主妇,重庆,三口之家,否
C7013,女,普通,外卖平台导流,39,其他,北京,三口之家,否
C7014,男,普通,社群裂变,42,全职主妇,广州,三口之家,否
C7015,女,普通,App自然注册,27,全职主妇,西安,银发族,否
C7016,女,普通,社群裂变,35,互联网从业,杭州,三口之家,否
C7017,男,普通,App自然注册,44,全职主妇,西安,单身青年,否
C7018,女,普通,App自然注册,31,全职主妇,武汉,二人世界,否
C7019,男,金卡,外卖平台导流,32,互联网从业,其他,二人世界,否
C7020,女,银卡,App自然注册,35,服务业,上海,单身青年,否
C7021,男,普通,微信小程序,33,全职主妇,郑州,三口之家,否
C7022,男,普通,微信小程序,41,全职主妇,杭州,二人世界,否
C7023,男,普通,App自然注册,41,互联网从业,杭州,多口之家,否
C7024,男,银卡,外卖平台导流,37,服务业,杭州,二人世界,否
C7025,男,普通,地推活动,34,其他,成都,三口之家,否
C7026,女,普通,社群裂变,35,企业职员,苏州,三口之家,否
C7027,女,普通,社群裂变,22,企业职员,郑州,多口之家,否
C7028,男,普通,线下扫码,45,企业职员,南京,银发族,否
C7029,男,普通,App自然注册,22,企业职员,天津,三口之家,否
C7030,男,普通,社群裂变,38,互联网从业,郑州,银发族,否
C7031,女,银卡,线下扫码,31,企业职员,广州,单身青年,否
C7032,女,银卡,线下扫码,34,其他,深圳,二人世界,否
C7033,男,银卡,社群裂变,25,企业职员,上海,二人世界,否
C7034,女,银卡,社群裂变,27,企业职员,成都,三口之家,否
C7035,男,普通,微信小程序,29,学生,北京,多口之家,否
C7036,女,银卡,App自然注册,22,互联网从业,南京,三口之家,否
C7037,男,银卡,线下扫码,37,企业职员,成都,银发族,否
C7038,女,普通,线下扫码,27,企业职员,成都,单身青年,否
C7039,女,普通,外卖平台导流,26,互联网从业,南京,单身青年,否
C7040,女,黑金,微信小程序,30,企业职员,北京,二人世界,是
C7041,男,银卡,微信小程序,42,互联网从业,郑州,多口之家,否
C7042,女,普通,线下扫码,44,其他,重庆,三口之家,否
C7043,男,银卡,线下扫码,36,全职主妇,成都,银发族,否
C7044,男,黑金,线下扫码,38,其他,苏州,单身青年,是
C7045,女,普通,App自然注册,41,企业职员,杭州,银发族,否
C7046,女,普通,外卖平台导流,47,学生,北京,三口之家,否
C7047,女,普通,微信小程序,29,其他,青岛,二人世界,否
C7048,男,普通,外卖平台导流,33,企业职员,上海,三口之家,否
C7049,女,普通,社群裂变,41,服务业,长沙,多口之家,否
C7050,男,银卡,微信小程序,40,学生,广州,单身青年,否
C7051,男,普通,外卖平台导流,27,自由职业,上海,三口之家,否
C7052,女,金卡,线下扫码,34,企业职员,深圳,二人世界,是
C7053,女,普通,微信小程序,22,互联网从业,上海,多口之家,否
C7054,女,普通,地推活动,22,全职主妇,天津,多口之家,否
C7055,女,普通,外卖平台导流,22,互联网从业,上海,单身青年,否
C7056,男,普通,App自然注册,35,服务业,武汉,多口之家,否
C7057,女,普通,微信小程序,39,互联网从业,天津,多口之家,否
C7058,男,普通,社群裂变,48,自由职业,杭州,单身青年,否
C7059,男,银卡,地推活动,28,自由职业,武汉,二人世界,否
C7060,男,银卡,外卖平台导流,42,公务员,南京,银发族,否
C7061,男,银卡,微信小程序,30,互联网从业,武汉,多口之家,否
C7062,女,普通,外卖平台导流,22,公务员,南京,三口之家,否
C7063,女,银卡,微信小程序,38,学生,北京,二人世界,否
C7064,女,银卡,微信小程序,29,企业职员,北京,二人世界,否
C7065,男,普通,线下扫码,25,全职主妇,其他,多口之家,否
C7066,男,普通,App自然注册,35,企业职员,其他,银发族,否
C7067,女,银卡,地推活动,29,其他,武汉,三口之家,否
C7068,男,普通,微信小程序,27,自由职业,杭州,三口之家,否
C7069,女,普通,微信小程序,44,互联网从业,长沙,三口之家,否
C7070,女,普通,微信小程序,33,服务业,深圳,二人世界,否
C7071,女,普通,社群裂变,46,公务员,苏州,单身青年,否
C7072,男,普通,社群裂变,36,企业职员,成都,二人世界,否
C7073,女,金卡,微信小程序,48,企业职员,郑州,二人世界,否
C7074,女,普通,微信小程序,41,自由职业,杭州,三口之家,否
C7075,男,普通,线下扫码,41,企业职员,北京,单身青年,否
C7076,男,普通,社群裂变,34,互联网从业,广州,二人世界,否
C7077,男,普通,社群裂变,31,企业职员,北京,单身青年,否
C7078,女,普通,App自然注册,39,服务业,上海,三口之家,否
C7079,女,银卡,外卖平台导流,22,自由职业,深圳,三口之家,否
C7080,男,金卡,微信小程序,45,互联网从业,其他,三口之家,否
C7081,女,金卡,社群裂变,44,公务员,苏州,三口之家,是
C7082,男,银卡,地推活动,31,企业职员,广州,二人世界,否
C7083,男,普通,微信小程序,26,企业职员,杭州,银发族,否
C7084,女,银卡,外卖平台导流,39,公务员,武汉,三口之家,否
C7085,男,银卡,App自然注册,35,互联网从业,上海,多口之家,否
C7086,男,普通,App自然注册,46,服务业,苏州,三口之家,否
C7087,女,银卡,微信小程序,29,企业职员,南京,二人世界,否
C7088,男,普通,App自然注册,33,企业职员,其他,三口之家,否
C7089,女,银卡,线下扫码,22,服务业,深圳,单身青年,否
C7090,女,普通,App自然注册,30,学生,天津,多口之家,否
C7091,男,普通,线下扫码,26,其他,苏州,单身青年,否
C7092,男,普通,外卖平台导流,27,互联网从业,成都,单身青年,否
C7093,女,普通,外卖平台导流,39,互联网从业,成都,单身青年,否
C7094,女,普通,外卖平台导流,26,企业职员,长沙,二人世界,否
C7095,女,普通,App自然注册,33,公务员,成都,二人世界,否
C7096,女,普通,社群裂变,33,公务员,南京,二人世界,否
C7097,男,普通,微信小程序,36,互联网从业,南京,多口之家,否
C7098,男,银卡,App自然注册,31,其他,西安,多口之家,否
C7099,男,银卡,App自然注册,32,其他,北京,三口之家,否
C7100,女,普通,App自然注册,30,互联网从业,成都,银发族,否
C7101,女,普通,外卖平台导流,26,学生,南京,三口之家,否
C7102,女,普通,微信小程序,33,服务业,西安,三口之家,否
C7103,男,普通,App自然注册,34,企业职员,其他,二人世界,否
C7104,女,普通,微信小程序,34,互联网从业,上海,多口之家,否
C7105,女,银卡,外卖平台导流,39,互联网从业,青岛,多口之家,否
C7106,女,银卡,App自然注册,37,互联网从业,上海,三口之家,否
C7107,男,普通,社群裂变,34,企业职员,武汉,二人世界,否
C7108,男,银卡,微信小程序,37,企业职员,武汉,单身青年,否
C7109,男,普通,App自然注册,28,学生,其他,三口之家,否
C7110,男,普通,App自然注册,24,服务业,上海,二人世界,否
C7111,女,普通,外卖平台导流,32,其他,武汉,三口之家,否
C7112,男,银卡,App自然注册,41,自由职业,成都,多口之家,否
C7113,女,普通,线下扫码,35,企业职员,西安,多口之家,否
C7114,女,银卡,社群裂变,32,服务业,深圳,单身青年,否
C7115,女,银卡,App自然注册,37,企业职员,北京,三口之家,否
C7116,女,银卡,线下扫码,30,其他,武汉,单身青年,否
C7117,女,银卡,地推活动,40,自由职业,深圳,银发族,否
C7118,男,金卡,微信小程序,40,互联网从业,北京,多口之家,是
C7119,女,银卡,外卖平台导流,37,互联网从业,长沙,多口之家,否
C7120,女,普通,微信小程序,41,其他,其他,多口之家,否
C7121,男,普通,微信小程序,33,全职主妇,上海,单身青年,否
C7122,女,普通,App自然注册,31,学生,长沙,二人世界,否
C7123,女,普通,线下扫码,35,全职主妇,上海,三口之家,否
C7124,男,普通,线下扫码,45,服务业,武汉,银发族,否
C7125,女,金卡,线下扫码,33,服务业,成都,三口之家,否
C7126,女,银卡,地推活动,34,互联网从业,北京,三口之家,否
C7127,女,银卡,微信小程序,27,服务业,其他,三口之家,否
C7128,男,普通,微信小程序,39,企业职员,武汉,二人世界,否
C7129,女,普通,外卖平台导流,38,公务员,青岛,单身青年,否
C7130,女,普通,微信小程序,38,其他,杭州,单身青年,否
C7131,男,普通,线下扫码,37,互联网从业,上海,单身青年,否
C7132,男,普通,App自然注册,31,企业职员,广州,多口之家,否
C7133,女,普通,线下扫码,35,自由职业,天津,二人世界,否
C7134,女,普通,社群裂变,29,企业职员,重庆,单身青年,否
C7135,女,普通,App自然注册,26,学生,长沙,单身青年,否
C7136,女,普通,App自然注册,33,学生,上海,多口之家,否
C7137,女,普通,微信小程序,34,学生,郑州,单身青年,否
C7138,男,普通,App自然注册,40,自由职业,北京,多口之家,否
C7139,男,黑金,微信小程序,39,自由职业,青岛,二人世界,是
C7140,女,银卡,微信小程序,29,学生,北京,三口之家,否
C7141,男,黑金,App自然注册,36,服务业,杭州,三口之家,是
C7142,男,普通,App自然注册,29,企业职员,深圳,多口之家,否
C7143,女,银卡,App自然注册,36,自由职业,广州,二人世界,否
C7144,女,银卡,社群裂变,48,服务业,广州,三口之家,否
C7145,男,普通,社群裂变,30,自由职业,长沙,三口之家,否
C7146,男,普通,微信小程序,40,服务业,广州,单身青年,否
C7147,女,银卡,线下扫码,32,学生,南京,单身青年,否
C7148,男,普通,社群裂变,25,学生,武汉,二人世界,否
C7149,男,普通,微信小程序,29,全职主妇,北京,二人世界,否
C7150,男,普通,微信小程序,40,公务员,深圳,单身青年,否
C7151,女,普通,App自然注册,28,其他,北京,多口之家,否
C7152,女,银卡,社群裂变,37,服务业,其他,三口之家,否
C7153,男,普通,App自然注册,48,企业职员,南京,二人世界,否
C7154,女,普通,线下扫码,40,公务员,北京,银发族,否
C7155,女,银卡,外卖平台导流,41,企业职员,苏州,二人世界,否
C7156,女,普通,微信小程序,24,服务业,成都,三口之家,否
C7157,男,银卡,App自然注册,33,其他,北京,单身青年,否
C7158,男,金卡,线下扫码,37,互联网从业,成都,三口之家,是
C7159,男,银卡,外卖平台导流,32,企业职员,郑州,三口之家,否
C7160,女,普通,App自然注册,42,自由职业,其他,二人世界,否
C7161,男,普通,微信小程序,36,服务业,广州,多口之家,否
C7162,男,普通,微信小程序,36,全职主妇,上海,银发族,否
C7163,女,普通,线下扫码,26,企业职员,北京,三口之家,否
C7164,男,普通,微信小程序,42,互联网从业,北京,三口之家,否
C7165,女,普通,外卖平台导流,34,学生,武汉,银发族,否
C7166,男,普通,线下扫码,36,服务业,北京,二人世界,否
C7167,男,普通,微信小程序,34,学生,北京,单身青年,否
C7168,女,银卡,线下扫码,37,互联网从业,北京,二人世界,否
C7169,女,银卡,微信小程序,42,互联网从业,深圳,二人世界,否
C7170,男,普通,地推活动,43,企业职员,深圳,三口之家,否
C7171,女,普通,App自然注册,48,服务业,西安,三口之家,否
C7172,女,银卡,微信小程序,38,自由职业,上海,单身青年,否
C7173,男,普通,微信小程序,34,自由职业,广州,三口之家,否
C7174,男,普通,微信小程序,39,其他,广州,三口之家,否
C7175,男,银卡,App自然注册,35,企业职员,成都,单身青年,否
C7176,男,普通,外卖平台导流,32,全职主妇,苏州,三口之家,否
C7177,男,普通,地推活动,41,互联网从业,北京,二人世界,否
C7178,女,普通,线下扫码,37,互联网从业,西安,银发族,否
C7179,男,普通,外卖平台导流,43,自由职业,武汉,多口之家,否
C7180,女,普通,微信小程序,33,全职主妇,南京,多口之家,否
C7181,男,普通,微信小程序,44,其他,深圳,三口之家,否
C7182,女,普通,App自然注册,28,服务业,郑州,单身青年,否
C7183,女,普通,微信小程序,35,企业职员,上海,多口之家,否
C7184,男,普通,App自然注册,27,学生,南京,三口之家,否
C7185,女,普通,微信小程序,41,学生,苏州,银发族,否
C7186,男,普通,线下扫码,35,学生,北京,单身青年,否
C7187,男,普通,线下扫码,33,服务业,南京,二人世界,否
C7188,男,普通,微信小程序,48,学生,杭州,三口之家,否
C7189,男,金卡,社群裂变,28,公务员,郑州,三口之家,是
C7190,女,普通,社群裂变,36,其他,其他,单身青年,否
C7191,男,普通,App自然注册,37,自由职业,北京,单身青年,否
C7192,女,普通,社群裂变,36,服务业,深圳,三口之家,否
C7193,女,银卡,社群裂变,36,互联网从业,苏州,单身青年,否
C7194,男,普通,线下扫码,38,自由职业,重庆,多口之家,否
C7195,女,普通,微信小程序,37,学生,天津,银发族,否
C7196,女,普通,线下扫码,29,自由职业,西安,单身青年,否
C7197,男,普通,App自然注册,36,全职主妇,深圳,三口之家,否
C7198,女,黑金,微信小程序,23,学生,上海,二人世界,是
C7199,女,金卡,App自然注册,38,全职主妇,深圳,银发族,是
C7200,女,银卡,外卖平台导流,32,其他,其他,银发族,否
C7201,男,银卡,App自然注册,48,企业职员,郑州,银发族,否
C7202,男,普通,微信小程序,22,全职主妇,杭州,二人世界,否
C7203,女,普通,外卖平台导流,29,服务业,重庆,二人世界,否
C7204,女,普通,App自然注册,35,互联网从业,杭州,三口之家,否
C7205,男,普通,线下扫码,27,企业职员,重庆,单身青年,否
C7206,男,普通,微信小程序,27,企业职员,上海,三口之家,否
C7207,男,银卡,社群裂变,40,公务员,重庆,多口之家,否
C7208,女,普通,线下扫码,33,互联网从业,成都,三口之家,否
C7209,女,金卡,社群裂变,43,全职主妇,上海,多口之家,是
C7210,女,普通,App自然注册,39,互联网从业,北京,单身青年,否
C7211,男,普通,微信小程序,28,企业职员,其他,多口之家,否
C7212,女,银卡,社群裂变,47,全职主妇,其他,多口之家,否
C7213,男,银卡,地推活动,30,其他,杭州,多口之家,否
C7214,男,普通,外卖平台导流,39,企业职员,成都,三口之家,否
C7215,女,普通,微信小程序,48,服务业,上海,银发族,否
C7216,男,银卡,线下扫码,48,学生,北京,单身青年,否
C7217,女,普通,App自然注册,34,公务员,长沙,二人世界,否
C7218,男,普通,App自然注册,29,企业职员,杭州,三口之家,否
C7219,女,普通,微信小程序,22,自由职业,北京,二人世界,否
C7220,女,银卡,社群裂变,42,全职主妇,重庆,多口之家,否
C7221,男,黑金,App自然注册,37,全职主妇,西安,二人世界,是
C7222,男,普通,微信小程序,47,服务业,南京,三口之家,否
C7223,女,普通,微信小程序,47,自由职业,青岛,多口之家,否
C7224,男,普通,App自然注册,34,企业职员,上海,单身青年,否
C7225,女,普通,App自然注册,33,互联网从业,武汉,银发族,否
C7226,男,银卡,微信小程序,22,全职主妇,长沙,银发族,否
C7227,女,普通,微信小程序,31,企业职员,天津,多口之家,否
C7228,男,普通,App自然注册,33,互联网从业,杭州,三口之家,否
C7229,男,普通,社群裂变,42,全职主妇,北京,二人世界,否
C7230,男,普通,微信小程序,40,公务员,天津,三口之家,否
C7231,女,普通,微信小程序,37,服务业,南京,三口之家,否
C7232,女,普通,外卖平台导流,36,全职主妇,北京,三口之家,否
C7233,男,普通,微信小程序,39,自由职业,长沙,三口之家,否
C7234,女,普通,微信小程序,40,互联网从业,其他,单身青年,否
C7235,男,普通,微信小程序,38,企业职员,广州,单身青年,否
C7236,女,普通,App自然注册,30,全职主妇,苏州,多口之家,否
C7237,女,普通,社群裂变,30,企业职员,郑州,单身青年,否
C7238,女,普通,微信小程序,27,全职主妇,其他,三口之家,否
C7239,女,普通,微信小程序,22,企业职员,北京,多口之家,否
C7240,女,普通,微信小程序,43,自由职业,杭州,三口之家,否
C7241,女,普通,微信小程序,33,企业职员,武汉,三口之家,否
C7242,男,普通,App自然注册,26,企业职员,郑州,三口之家,否
C7243,男,普通,App自然注册,41,学生,杭州,银发族,否
C7244,女,普通,微信小程序,37,企业职员,南京,三口之家,否
C7245,女,黑金,微信小程序,32,公务员,其他,三口之家,是
C7246,女,金卡,微信小程序,27,学生,长沙,二人世界,是
C7247,女,普通,社群裂变,29,互联网从业,上海,单身青年,否
C7248,男,普通,App自然注册,42,自由职业,杭州,单身青年,否
C7249,男,银卡,App自然注册,31,企业职员,成都,三口之家,否
C7250,女,普通,App自然注册,30,企业职员,其他,三口之家,否
C7251,女,银卡,微信小程序,34,全职主妇,苏州,二人世界,否
C7252,男,普通,社群裂变,22,全职主妇,西安,单身青年,否
C7253,女,普通,线下扫码,39,全职主妇,其他,多口之家,否
C7254,男,普通,微信小程序,35,企业职员,上海,三口之家,否
C7255,男,黑金,App自然注册,29,互联网从业,深圳,三口之家,是
C7256,男,普通,外卖平台导流,40,全职主妇,深圳,银发族,否
C7257,男,普通,线下扫码,37,公务员,上海,单身青年,否
C7258,女,银卡,社群裂变,35,公务员,其他,单身青年,否
C7259,女,金卡,社群裂变,39,其他,其他,单身青年,否
C7260,男,银卡,App自然注册,39,互联网从业,北京,单身青年,否
C7261,女,普通,微信小程序,38,自由职业,上海,单身青年,否
C7262,女,普通,微信小程序,35,全职主妇,上海,二人世界,否
C7263,女,银卡,社群裂变,41,全职主妇,南京,单身青年,否
C7264,女,银卡,微信小程序,35,全职主妇,杭州,银发族,否
C7265,女,普通,线下扫码,33,公务员,杭州,多口之家,否
C7266,女,普通,社群裂变,28,自由职业,长沙,三口之家,否
C7267,女,普通,微信小程序,35,自由职业,上海,三口之家,否
C7268,男,普通,线下扫码,34,服务业,重庆,三口之家,否
C7269,男,普通,App自然注册,43,互联网从业,西安,银发族,否
C7270,女,普通,App自然注册,33,服务业,重庆,三口之家,否
C7271,男,普通,社群裂变,41,互联网从业,其他,二人世界,否
C7272,女,普通,微信小程序,42,其他,上海,多口之家,否
C7273,女,普通,微信小程序,33,全职主妇,南京,多口之家,否
C7274,男,银卡,线下扫码,30,服务业,其他,单身青年,否
C7275,女,普通,线下扫码,36,自由职业,上海,二人世界,否
C7276,女,普通,线下扫码,42,企业职员,深圳,二人世界,否
C7277,男,银卡,App自然注册,32,互联网从业,其他,三口之家,否
C7278,男,金卡,微信小程序,26,公务员,长沙,多口之家,是
C7279,女,普通,线下扫码,36,全职主妇,南京,二人世界,否
C7280,男,普通,线下扫码,39,全职主妇,广州,银发族,否
C7281,女,金卡,外卖平台导流,36,企业职员,深圳,多口之家,是
C7282,女,普通,社群裂变,28,互联网从业,长沙,三口之家,否
C7283,女,普通,外卖平台导流,22,全职主妇,西安,单身青年,否
C7284,女,普通,微信小程序,35,自由职业,其他,二人世界,否
C7285,女,普通,微信小程序,45,自由职业,广州,单身青年,否
C7286,男,普通,App自然注册,42,自由职业,深圳,单身青年,否
C7287,女,银卡,外卖平台导流,37,公务员,上海,三口之家,否
C7288,男,普通,线下扫码,35,互联网从业,北京,三口之家,否
C7289,女,普通,App自然注册,36,互联网从业,苏州,二人世界,否
C7290,女,银卡,线下扫码,22,企业职员,北京,单身青年,否
C7291,男,普通,App自然注册,26,企业职员,天津,二人世界,否
C7292,男,普通,社群裂变,38,服务业,重庆,银发族,否
C7293,女,普通,线下扫码,38,企业职员,广州,二人世界,否
C7294,男,普通,地推活动,36,企业职员,苏州,单身青年,否
C7295,女,普通,App自然注册,33,企业职员,苏州,单身青年,否
C7296,女,银卡,微信小程序,38,服务业,上海,三口之家,否
C7297,女,普通,App自然注册,35,服务业,重庆,三口之家,否
C7298,女,普通,微信小程序,36,企业职员,广州,单身青年,否
C7299,男,普通,App自然注册,30,服务业,天津,单身青年,否
C7300,女,普通,线下扫码,27,公务员,广州,二人世界,否
C7301,女,普通,App自然注册,40,企业职员,北京,三口之家,否
C7302,男,普通,App自然注册,25,服务业,其他,多口之家,否
C7303,男,普通,社群裂变,31,互联网从业,成都,三口之家,否
C7304,女,普通,线下扫码,31,服务业,重庆,三口之家,否
C7305,女,普通,地推活动,38,自由职业,武汉,单身青年,否
C7306,女,银卡,线下扫码,31,企业职员,其他,单身青年,否
C7307,男,银卡,微信小程序,38,企业职员,青岛,三口之家,否
C7308,男,普通,微信小程序,31,其他,深圳,三口之家,否
C7309,女,金卡,外卖平台导流,48,互联网从业,其他,单身青年,是
C7310,男,银卡,地推活动,32,服务业,苏州,单身青年,否
C7311,女,普通,线下扫码,33,互联网从业,深圳,银发族,否
C7312,男,普通,社群裂变,37,互联网从业,天津,单身青年,否
C7313,男,银卡,社群裂变,42,企业职员,其他,多口之家,否
C7314,男,普通,微信小程序,34,互联网从业,深圳,多口之家,否
C7315,男,普通,社群裂变,45,互联网从业,广州,多口之家,否
C7316,男,普通,外卖平台导流,39,其他,杭州,三口之家,否
C7317,女,金卡,外卖平台导流,28,服务业,深圳,单身青年,是
C7318,女,普通,App自然注册,38,全职主妇,杭州,三口之家,否
C7319,女,普通,线下扫码,36,互联网从业,武汉,三口之家,否
C7320,女,普通,地推活动,31,企业职员,郑州,二人世界,否
C7321,男,普通,社群裂变,29,企业职员,郑州,多口之家,否
C7322,男,银卡,App自然注册,30,全职主妇,其他,单身青年,否
C7323,女,普通,App自然注册,39,互联网从业,长沙,三口之家,否
C7324,男,金卡,线下扫码,40,自由职业,杭州,三口之家,是
C7325,女,普通,App自然注册,31,企业职员,苏州,单身青年,否
C7326,男,普通,App自然注册,34,服务业,北京,多口之家,否
C7327,男,银卡,地推活动,37,其他,其他,银发族,否
C7328,男,银卡,社群裂变,41,互联网从业,重庆,单身青年,否
C7329,男,金卡,地推活动,29,互联网从业,西安,银发族,是
C7330,男,普通,微信小程序,22,其他,深圳,单身青年,否
C7331,女,黑金,社群裂变,40,其他,上海,银发族,是
C7332,男,普通,微信小程序,36,企业职员,杭州,单身青年,否
C7333,女,金卡,外卖平台导流,33,全职主妇,南京,单身青年,是
C7334,男,普通,微信小程序,36,全职主妇,长沙,二人世界,否
C7335,女,普通,外卖平台导流,35,服务业,其他,二人世界,否
C7336,女,金卡,微信小程序,34,全职主妇,其他,三口之家,是
C7337,男,普通,线下扫码,31,全职主妇,重庆,三口之家,否
C7338,男,普通,App自然注册,29,互联网从业,成都,三口之家,否
C7339,男,普通,外卖平台导流,35,其他,深圳,多口之家,否
C7340,男,普通,微信小程序,32,自由职业,成都,单身青年,否
C7341,男,银卡,App自然注册,43,其他,重庆,三口之家,否
C7342,女,银卡,社群裂变,39,互联网从业,杭州,二人世界,否
C7343,男,普通,社群裂变,36,公务员,北京,多口之家,否
C7344,男,普通,微信小程序,32,企业职员,青岛,二人世界,否
C7345,男,黑金,线下扫码,41,其他,上海,多口之家,是
C7346,女,普通,App自然注册,34,互联网从业,长沙,多口之家,否
C7347,男,金卡,App自然注册,44,学生,上海,三口之家,是
C7348,女,普通,社群裂变,25,服务业,郑州,三口之家,否
C7349,女,银卡,微信小程序,46,自由职业,北京,三口之家,否
C7350,女,银卡,微信小程序,22,全职主妇,北京,银发族,否
C7351,女,普通,线下扫码,31,其他,重庆,二人世界,否
C7352,女,普通,微信小程序,36,企业职员,北京,三口之家,否
C7353,女,普通,微信小程序,32,企业职员,上海,二人世界,否
C7354,男,普通,微信小程序,29,服务业,广州,三口之家,否
C7355,男,银卡,外卖平台导流,38,企业职员,广州,三口之家,否
C7356,女,普通,线下扫码,37,全职主妇,武汉,三口之家,否
C7357,女,普通,外卖平台导流,22,企业职员,北京,三口之家,否
C7358,女,普通,线下扫码,44,服务业,杭州,银发族,否
C7359,男,普通,线下扫码,38,企业职员,北京,单身青年,否
C7360,女,普通,App自然注册,31,学生,北京,三口之家,否
C7361,女,普通,线下扫码,38,全职主妇,重庆,三口之家,否
C7362,女,银卡,微信小程序,48,互联网从业,北京,多口之家,否
C7363,男,普通,微信小程序,37,全职主妇,长沙,二人世界,否
C7364,女,银卡,外卖平台导流,29,互联网从业,西安,单身青年,否
C7365,男,金卡,线下扫码,35,服务业,其他,单身青年,是
C7366,男,普通,线下扫码,33,企业职员,青岛,单身青年,否
C7367,男,普通,App自然注册,37,公务员,天津,二人世界,否
C7368,男,普通,微信小程序,34,其他,成都,三口之家,否
C7369,女,银卡,微信小程序,41,学生,上海,单身青年,否
C7370,男,金卡,App自然注册,31,其他,杭州,多口之家,是
C7371,男,普通,社群裂变,25,企业职员,武汉,二人世界,否
C7372,女,金卡,微信小程序,25,其他,北京,单身青年,是
C7373,女,普通,App自然注册,36,企业职员,北京,银发族,否
C7374,男,银卡,App自然注册,39,服务业,广州,多口之家,否
C7375,女,普通,微信小程序,40,公务员,其他,三口之家,否
C7376,男,银卡,微信小程序,31,学生,上海,单身青年,否
C7377,男,普通,App自然注册,30,服务业,北京,单身青年,否
C7378,男,银卡,App自然注册,22,企业职员,武汉,银发族,否
C7379,女,金卡,外卖平台导流,29,企业职员,武汉,二人世界,是
C7380,男,普通,外卖平台导流,29,企业职员,上海,二人世界,否
C7381,男,普通,微信小程序,32,企业职员,广州,三口之家,否
C7382,男,银卡,线下扫码,40,互联网从业,上海,三口之家,否
C7383,女,银卡,App自然注册,34,互联网从业,天津,二人世界,否
C7384,男,银卡,微信小程序,29,互联网从业,重庆,银发族,否
C7385,男,普通,App自然注册,27,服务业,上海,银发族,否
C7386,女,黑金,外卖平台导流,28,互联网从业,深圳,二人世界,是
C7387,男,普通,社群裂变,27,其他,广州,多口之家,否
C7388,男,普通,App自然注册,22,企业职员,其他,三口之家,否
C7389,男,黑金,地推活动,26,全职主妇,天津,银发族,是
C7390,女,黑金,社群裂变,32,自由职业,北京,多口之家,是
C7391,女,银卡,社群裂变,31,自由职业,西安,单身青年,否
C7392,男,银卡,App自然注册,38,全职主妇,苏州,二人世界,否
C7393,男,普通,App自然注册,29,学生,天津,单身青年,否
C7394,男,普通,微信小程序,41,自由职业,西安,三口之家,否
C7395,女,普通,线下扫码,41,学生,北京,多口之家,否
C7396,女,金卡,地推活动,38,互联网从业,郑州,银发族,否
C7397,男,银卡,微信小程序,34,全职主妇,郑州,单身青年,否
C7398,女,金卡,线下扫码,43,全职主妇,深圳,单身青年,是
C7399,男,普通,社群裂变,40,互联网从业,其他,单身青年,否
C7400,女,银卡,线下扫码,38,企业职员,长沙,三口之家,否
C7401,男,黑金,线下扫码,39,服务业,广州,二人世界,是
C7402,女,普通,App自然注册,22,全职主妇,成都,单身青年,否
C7403,男,普通,社群裂变,24,全职主妇,成都,二人世界,否
C7404,女,普通,微信小程序,45,其他,西安,三口之家,否
C7405,女,普通,微信小程序,22,企业职员,杭州,三口之家,否
C7406,男,普通,App自然注册,47,学生,北京,二人世界,否
C7407,男,普通,微信小程序,31,公务员,成都,三口之家,否
C7408,男,银卡,App自然注册,43,企业职员,长沙,三口之家,否
C7409,男,黑金,App自然注册,44,学生,上海,三口之家,是
C7410,女,银卡,线下扫码,36,自由职业,武汉,二人世界,否
C7411,男,普通,微信小程序,32,全职主妇,其他,三口之家,否
C7412,男,银卡,App自然注册,29,其他,武汉,银发族,否
C7413,女,普通,App自然注册,39,企业职员,成都,多口之家,否
C7414,女,普通,微信小程序,36,服务业,广州,单身青年,否
C7415,女,银卡,App自然注册,37,公务员,成都,多口之家,否
C7416,男,银卡,外卖平台导流,45,自由职业,郑州,三口之家,否
C7417,男,普通,外卖平台导流,31,其他,武汉,单身青年,否
C7418,男,普通,微信小程序,39,自由职业,武汉,二人世界,否
C7419,女,普通,社群裂变,33,学生,广州,三口之家,否
C7420,男,银卡,微信小程序,37,自由职业,青岛,三口之家,否
C7421,女,普通,微信小程序,41,服务业,成都,多口之家,否
C7422,女,普通,线下扫码,37,全职主妇,苏州,二人世界,否
C7423,女,银卡,App自然注册,44,服务业,其他,三口之家,否
C7424,男,金卡,App自然注册,39,学生,南京,二人世界,是
C7425,女,银卡,App自然注册,36,学生,北京,多口之家,否
C7426,女,普通,App自然注册,40,企业职员,北京,三口之家,否
C7427,男,普通,社群裂变,39,学生,广州,二人世界,否
C7428,男,普通,线下扫码,37,自由职业,南京,二人世界,否
C7429,女,普通,外卖平台导流,35,服务业,其他,单身青年,否
C7430,女,普通,线下扫码,39,服务业,成都,二人世界,否
C7431,男,普通,微信小程序,43,互联网从业,深圳,三口之家,否
C7432,男,普通,App自然注册,47,服务业,南京,三口之家,否
C7433,女,普通,外卖平台导流,46,全职主妇,苏州,银发族,否
C7434,女,普通,社群裂变,27,公务员,苏州,三口之家,否
C7435,男,普通,App自然注册,26,全职主妇,南京,银发族,否
C7436,女,普通,线下扫码,22,公务员,其他,单身青年,否
C7437,女,普通,微信小程序,32,其他,上海,二人世界,否
C7438,女,普通,App自然注册,35,企业职员,北京,银发族,否
C7439,男,金卡,微信小程序,32,互联网从业,天津,多口之家,是
C7440,男,金卡,线下扫码,27,企业职员,深圳,三口之家,是
C7441,女,普通,App自然注册,22,全职主妇,南京,三口之家,否
C7442,女,普通,线下扫码,42,学生,上海,多口之家,否
C7443,女,普通,App自然注册,34,企业职员,北京,多口之家,否
C7444,男,普通,微信小程序,45,学生,天津,多口之家,否
C7445,女,普通,微信小程序,32,企业职员,其他,多口之家,否
C7446,女,普通,地推活动,46,全职主妇,长沙,单身青年,否
C7447,女,普通,微信小程序,33,服务业,广州,单身青年,否
C7448,女,金卡,社群裂变,45,互联网从业,成都,单身青年,是
C7449,男,普通,线下扫码,31,自由职业,杭州,三口之家,否
C7450,男,银卡,线下扫码,38,自由职业,武汉,二人世界,否
C7451,女,普通,微信小程序,39,互联网从业,北京,三口之家,否
C7452,男,金卡,App自然注册,36,服务业,广州,三口之家,是
C7453,女,普通,App自然注册,33,企业职员,上海,多口之家,否
C7454,女,银卡,App自然注册,27,全职主妇,上海,三口之家,否
C7455,男,银卡,微信小程序,29,学生,重庆,多口之家,否
C7456,男,金卡,App自然注册,32,全职主妇,上海,二人世界,是
C7457,男,普通,微信小程序,44,服务业,南京,三口之家,否
C7458,女,普通,外卖平台导流,23,公务员,广州,多口之家,否
C7459,女,普通,外卖平台导流,35,互联网从业,上海,银发族,否
C7460,女,普通,App自然注册,46,服务业,深圳,三口之家,否
C7461,女,普通,线下扫码,39,互联网从业,南京,多口之家,否
C7462,男,普通,App自然注册,33,自由职业,深圳,多口之家,否
C7463,男,金卡,App自然注册,37,企业职员,成都,多口之家,是
C7464,男,普通,外卖平台导流,22,学生,重庆,多口之家,否
C7465,女,普通,App自然注册,39,学生,深圳,单身青年,否
C7466,女,普通,App自然注册,22,其他,长沙,三口之家,否
C7467,男,金卡,线下扫码,30,全职主妇,苏州,多口之家,否
C7468,男,普通,微信小程序,40,服务业,其他,三口之家,否
C7469,女,普通,社群裂变,39,企业职员,青岛,三口之家,否
C7470,女,银卡,社群裂变,29,其他,成都,单身青年,否
C7471,男,金卡,App自然注册,41,互联网从业,南京,三口之家,是
C7472,女,普通,微信小程序,41,互联网从业,郑州,三口之家,否
C7473,女,普通,微信小程序,45,公务员,南京,银发族,否
C7474,男,黑金,App自然注册,25,企业职员,上海,多口之家,是
C7475,男,普通,微信小程序,35,全职主妇,北京,多口之家,否
C7476,女,普通,微信小程序,31,企业职员,其他,二人世界,否
C7477,女,普通,线下扫码,22,互联网从业,杭州,多口之家,否
C7478,女,普通,地推活动,36,企业职员,杭州,三口之家,否
C7479,女,普通,微信小程序,40,互联网从业,郑州,多口之家,否
C7480,男,普通,线下扫码,31,全职主妇,杭州,三口之家,否
C7481,女,金卡,App自然注册,30,全职主妇,苏州,多口之家,是
C7482,男,普通,社群裂变,42,企业职员,重庆,多口之家,否
C7483,男,普通,App自然注册,22,互联网从业,广州,三口之家,否
C7484,男,普通,外卖平台导流,38,全职主妇,北京,三口之家,否
C7485,男,银卡,微信小程序,30,企业职员,上海,三口之家,否
C7486,男,普通,App自然注册,28,企业职员,南京,银发族,否
C7487,女,金卡,外卖平台导流,42,互联网从业,其他,三口之家,否
C7488,女,普通,App自然注册,32,企业职员,广州,单身青年,否
C7489,男,普通,App自然注册,22,全职主妇,深圳,银发族,否
C7490,女,普通,社群裂变,33,全职主妇,杭州,单身青年,否
C7491,女,普通,地推活动,46,企业职员,其他,二人世界,否
C7492,男,普通,微信小程序,41,学生,深圳,二人世界,否
C7493,男,银卡,App自然注册,26,企业职员,南京,三口之家,否
C7494,男,普通,微信小程序,31,学生,西安,多口之家,否
C7495,男,普通,线下扫码,34,全职主妇,深圳,三口之家,否
C7496,男,银卡,地推活动,26,公务员,上海,多口之家,否
C7497,男,普通,地推活动,33,企业职员,长沙,多口之家,否
C7498,女,银卡,社群裂变,40,其他,北京,三口之家,否
C7499,女,普通,App自然注册,25,全职主妇,天津,单身青年,否
C7500,女,普通,社群裂变,42,企业职员,北京,单身青年,否
C7501,女,金卡,线下扫码,38,服务业,上海,三口之家,是
C7502,女,银卡,App自然注册,36,服务业,上海,三口之家,否
C7503,男,银卡,微信小程序,31,企业职员,西安,三口之家,否
C7504,女,银卡,微信小程序,27,全职主妇,北京,三口之家,否
C7505,女,黑金,外卖平台导流,35,企业职员,北京,单身青年,是
C7506,女,银卡,微信小程序,29,企业职员,南京,二人世界,否
C7507,女,银卡,外卖平台导流,37,全职主妇,西安,三口之家,否
C7508,女,银卡,App自然注册,41,企业职员,上海,二人世界,否
C7509,男,金卡,微信小程序,26,学生,其他,银发族,是
C7510,女,普通,微信小程序,38,企业职员,苏州,单身青年,否
C7511,女,银卡,App自然注册,32,其他,其他,单身青年,否
C7512,男,银卡,App自然注册,30,全职主妇,重庆,单身青年,否
C7513,女,普通,外卖平台导流,30,企业职员,南京,三口之家,否
C7514,女,普通,社群裂变,22,自由职业,成都,二人世界,否
C7515,男,银卡,微信小程序,40,其他,深圳,单身青年,否
C7516,男,普通,微信小程序,29,学生,其他,多口之家,否
C7517,女,普通,微信小程序,27,企业职员,武汉,单身青年,否
C7518,女,金卡,App自然注册,33,自由职业,重庆,三口之家,否
C7519,男,普通,微信小程序,22,公务员,重庆,多口之家,否
C7520,女,银卡,外卖平台导流,35,学生,北京,二人世界,否
C7521,女,银卡,App自然注册,22,其他,广州,二人世界,否
C7522,男,普通,外卖平台导流,31,自由职业,广州,三口之家,否
C7523,女,普通,微信小程序,34,其他,深圳,三口之家,否
C7524,女,普通,线下扫码,30,全职主妇,青岛,二人世界,否
C7525,男,普通,微信小程序,34,互联网从业,上海,单身青年,否
C7526,女,银卡,外卖平台导流,35,其他,其他,三口之家,否
C7527,女,银卡,微信小程序,36,互联网从业,武汉,三口之家,否
C7528,女,普通,App自然注册,41,学生,深圳,单身青年,否
C7529,女,普通,线下扫码,26,企业职员,苏州,单身青年,否
C7530,男,银卡,微信小程序,41,其他,北京,三口之家,否
C7531,女,普通,App自然注册,33,自由职业,天津,单身青年,否
C7532,男,普通,社群裂变,32,服务业,杭州,三口之家,否
C7533,女,银卡,微信小程序,31,互联网从业,其他,银发族,否
C7534,女,普通,App自然注册,38,互联网从业,杭州,二人世界,否
C7535,男,普通,微信小程序,26,其他,上海,三口之家,否
C7536,女,普通,外卖平台导流,36,其他,杭州,银发族,否
C7537,男,普通,外卖平台导流,38,企业职员,成都,银发族,否
C7538,男,普通,App自然注册,22,服务业,其他,多口之家,否
C7539,女,普通,社群裂变,42,互联网从业,广州,单身青年,否
C7540,女,普通,地推活动,39,企业职员,其他,三口之家,否
C7541,男,普通,外卖平台导流,27,企业职员,上海,三口之家,否
C7542,女,普通,社群裂变,34,自由职业,广州,三口之家,否
C7543,男,普通,社群裂变,29,企业职员,北京,三口之家,否
C7544,女,金卡,外卖平台导流,23,互联网从业,青岛,单身青年,是
C7545,女,普通,App自然注册,35,服务业,长沙,三口之家,否
C7546,男,银卡,外卖平台导流,39,服务业,成都,单身青年,否
C7547,男,普通,微信小程序,40,学生,其他,单身青年,否
C7548,男,普通,App自然注册,35,企业职员,其他,单身青年,否
C7549,男,普通,外卖平台导流,28,全职主妇,重庆,单身青年,否
C7550,男,普通,微信小程序,35,学生,苏州,单身青年,否
C7551,女,银卡,地推活动,28,企业职员,上海,三口之家,否
C7552,女,普通,社群裂变,36,服务业,深圳,多口之家,否
C7553,女,银卡,社群裂变,40,互联网从业,成都,多口之家,否
C7554,男,普通,微信小程序,25,全职主妇,北京,二人世界,否
C7555,女,普通,线下扫码,24,其他,西安,三口之家,否
C7556,男,普通,社群裂变,23,其他,北京,三口之家,否
C7557,女,普通,线下扫码,39,互联网从业,成都,银发族,否
C7558,女,普通,外卖平台导流,36,全职主妇,武汉,银发族,否
C7559,女,普通,社群裂变,27,自由职业,西安,单身青年,否
C7560,男,普通,App自然注册,35,全职主妇,武汉,二人世界,否
C7561,男,普通,外卖平台导流,41,其他,青岛,二人世界,否
C7562,男,普通,微信小程序,27,公务员,郑州,二人世界,否
C7563,女,普通,App自然注册,22,全职主妇,重庆,三口之家,否
C7564,男,普通,微信小程序,33,全职主妇,青岛,多口之家,否
C7565,女,普通,微信小程序,34,学生,其他,单身青年,否
C7566,男,银卡,微信小程序,37,学生,西安,三口之家,否
C7567,男,普通,App自然注册,26,公务员,其他,单身青年,否
C7568,男,普通,微信小程序,32,学生,杭州,三口之家,否
C7569,女,普通,App自然注册,36,自由职业,武汉,二人世界,否
C7570,男,普通,微信小程序,29,全职主妇,苏州,三口之家,否
C7571,男,普通,社群裂变,29,全职主妇,其他,多口之家,否
C7572,女,普通,微信小程序,36,自由职业,深圳,三口之家,否
C7573,男,普通,App自然注册,34,企业职员,杭州,多口之家,否
C7574,女,银卡,微信小程序,38,全职主妇,南京,二人世界,否
C7575,女,普通,微信小程序,43,企业职员,广州,银发族,否
C7576,男,普通,外卖平台导流,46,自由职业,南京,二人世界,否
C7577,女,普通,外卖平台导流,22,企业职员,广州,单身青年,否
C7578,女,普通,微信小程序,34,公务员,南京,二人世界,否
C7579,男,普通,微信小程序,39,服务业,郑州,银发族,否
C7580,男,普通,App自然注册,44,企业职员,武汉,二人世界,否
C7581,男,普通,线下扫码,43,全职主妇,武汉,三口之家,否
C7582,男,普通,微信小程序,29,公务员,苏州,三口之家,否
C7583,男,银卡,微信小程序,28,企业职员,南京,银发族,否
C7584,女,金卡,App自然注册,24,自由职业,成都,银发族,是
C7585,女,普通,社群裂变,39,全职主妇,南京,二人世界,否
C7586,女,普通,社群裂变,43,全职主妇,上海,单身青年,否
C7587,女,金卡,线下扫码,31,互联网从业,深圳,单身青年,是
C7588,男,银卡,App自然注册,40,企业职员,郑州,二人世界,否
C7589,女,普通,App自然注册,38,全职主妇,青岛,三口之家,否
C7590,女,普通,微信小程序,35,企业职员,长沙,三口之家,否
C7591,女,银卡,微信小程序,33,企业职员,上海,三口之家,否
C7592,男,普通,App自然注册,41,自由职业,武汉,三口之家,否
C7593,女,普通,微信小程序,36,学生,上海,多口之家,否
C7594,男,银卡,社群裂变,32,服务业,杭州,单身青年,否
C7595,女,金卡,微信小程序,35,企业职员,上海,多口之家,否
C7596,女,普通,线下扫码,29,自由职业,成都,多口之家,否
C7597,男,普通,外卖平台导流,28,企业职员,成都,银发族,否
C7598,女,普通,社群裂变,33,其他,苏州,三口之家,否
C7599,男,普通,App自然注册,39,互联网从业,武汉,银发族,否
C7600,男,银卡,外卖平台导流,29,服务业,成都,多口之家,否
C7601,男,普通,App自然注册,29,公务员,成都,单身青年,否
C7602,女,金卡,线下扫码,39,服务业,广州,银发族,否
C7603,女,普通,微信小程序,34,服务业,重庆,三口之家,否
C7604,女,普通,社群裂变,38,互联网从业,长沙,单身青年,否
C7605,男,银卡,App自然注册,31,企业职员,北京,三口之家,否
C7606,女,普通,微信小程序,36,服务业,南京,二人世界,否
C7607,男,银卡,App自然注册,32,全职主妇,成都,银发族,否
C7608,男,银卡,社群裂变,34,全职主妇,其他,单身青年,否
C7609,女,普通,App自然注册,40,全职主妇,杭州,三口之家,否
C7610,女,金卡,线下扫码,42,企业职员,广州,单身青年,是
C7611,女,银卡,App自然注册,39,学生,武汉,多口之家,否
C7612,男,普通,App自然注册,40,服务业,其他,三口之家,否
C7613,男,黑金,社群裂变,31,企业职员,其他,多口之家,是
C7614,女,普通,微信小程序,26,企业职员,上海,单身青年,否
C7615,女,金卡,App自然注册,35,互联网从业,西安,二人世界,否
C7616,男,普通,微信小程序,30,互联网从业,成都,三口之家,否
C7617,男,普通,微信小程序,24,公务员,重庆,三口之家,否
C7618,女,普通,App自然注册,34,服务业,其他,单身青年,否
C7619,女,普通,线下扫码,25,自由职业,苏州,三口之家,否
C7620,男,普通,线下扫码,28,企业职员,深圳,多口之家,否
C7621,女,银卡,App自然注册,34,企业职员,天津,三口之家,否
C7622,女,银卡,线下扫码,43,企业职员,长沙,三口之家,否
C7623,女,普通,线下扫码,31,互联网从业,天津,银发族,否
C7624,男,普通,微信小程序,36,企业职员,深圳,单身青年,否
C7625,女,银卡,微信小程序,40,企业职员,其他,二人世界,否
C7626,女,银卡,线下扫码,26,学生,其他,银发族,否
C7627,男,普通,App自然注册,22,学生,重庆,三口之家,否
C7628,女,普通,App自然注册,28,企业职员,上海,单身青年,否
C7629,女,普通,App自然注册,35,企业职员,北京,银发族,否
C7630,女,普通,微信小程序,43,企业职员,成都,三口之家,否
C7631,男,金卡,外卖平台导流,48,自由职业,广州,三口之家,是
C7632,女,银卡,微信小程序,36,学生,武汉,二人世界,否
C7633,男,普通,微信小程序,41,公务员,其他,三口之家,否
C7634,男,普通,社群裂变,30,企业职员,武汉,二人世界,否
C7635,男,普通,App自然注册,36,互联网从业,广州,二人世界,否
C7636,女,普通,App自然注册,32,服务业,上海,三口之家,否
C7637,女,普通,微信小程序,27,其他,深圳,三口之家,否
C7638,女,银卡,社群裂变,42,企业职员,其他,银发族,否
C7639,女,银卡,App自然注册,31,互联网从业,天津,二人世界,否
C7640,女,普通,线下扫码,44,企业职员,广州,三口之家,否
C7641,女,普通,微信小程序,33,互联网从业,武汉,单身青年,否
C7642,男,普通,线下扫码,44,全职主妇,北京,银发族,否
C7643,男,普通,社群裂变,34,互联网从业,郑州,多口之家,否
C7644,男,银卡,微信小程序,34,学生,杭州,三口之家,否
C7645,女,普通,App自然注册,39,企业职员,青岛,单身青年,否
C7646,男,普通,线下扫码,34,学生,成都,多口之家,否
C7647,男,银卡,外卖平台导流,22,自由职业,深圳,二人世界,否
C7648,女,普通,App自然注册,35,企业职员,其他,二人世界,否
C7649,男,黑金,微信小程序,32,企业职员,上海,单身青年,是
C7650,女,普通,外卖平台导流,32,全职主妇,成都,多口之家,否
C7651,女,普通,地推活动,45,服务业,西安,多口之家,否
C7652,女,金卡,地推活动,22,企业职员,天津,二人世界,否
C7653,女,普通,线下扫码,27,企业职员,广州,二人世界,否
C7654,女,普通,外卖平台导流,29,全职主妇,上海,三口之家,否
C7655,男,银卡,外卖平台导流,23,学生,杭州,二人世界,否
C7656,男,普通,线下扫码,35,互联网从业,苏州,三口之家,否
C7657,男,金卡,线下扫码,42,互联网从业,上海,多口之家,否
C7658,女,银卡,外卖平台导流,36,学生,上海,单身青年,否
C7659,女,普通,App自然注册,37,其他,上海,银发族,否
C7660,男,银卡,微信小程序,32,企业职员,长沙,二人世界,否
C7661,女,普通,社群裂变,34,企业职员,其他,三口之家,否
C7662,男,普通,社群裂变,28,学生,长沙,二人世界,否
C7663,女,普通,微信小程序,41,服务业,其他,二人世界,否
C7664,男,普通,线下扫码,47,企业职员,深圳,二人世界,否
C7665,男,普通,社群裂变,40,企业职员,深圳,三口之家,否
C7666,男,普通,App自然注册,34,互联网从业,南京,单身青年,否
C7667,男,普通,线下扫码,32,企业职员,上海,多口之家,否
C7668,女,银卡,App自然注册,42,企业职员,北京,单身青年,否
C7669,女,银卡,App自然注册,39,公务员,重庆,多口之家,否
C7670,女,普通,地推活动,33,企业职员,杭州,多口之家,否
C7671,女,普通,社群裂变,34,企业职员,北京,单身青年,否
C7672,女,银卡,微信小程序,22,全职主妇,上海,三口之家,否
C7673,女,黑金,线下扫码,33,企业职员,北京,三口之家,是
C7674,女,普通,外卖平台导流,31,全职主妇,南京,多口之家,否
C7675,女,金卡,App自然注册,37,企业职员,西安,二人世界,是
C7676,女,普通,App自然注册,29,其他,其他,二人世界,否
C7677,男,普通,地推活动,48,全职主妇,北京,多口之家,否
C7678,女,金卡,线下扫码,27,全职主妇,上海,二人世界,是
C7679,女,普通,微信小程序,33,自由职业,其他,三口之家,否
C7680,女,普通,微信小程序,30,学生,武汉,单身青年,否
C7681,男,普通,微信小程序,39,全职主妇,天津,三口之家,否
C7682,女,普通,线下扫码,40,其他,杭州,二人世界,否
C7683,女,普通,线下扫码,38,企业职员,上海,多口之家,否
C7684,女,普通,社群裂变,26,学生,杭州,二人世界,否
C7685,女,普通,微信小程序,33,互联网从业,上海,单身青年,否
C7686,女,普通,App自然注册,44,服务业,其他,单身青年,否
C7687,男,普通,微信小程序,42,互联网从业,杭州,三口之家,否
C7688,男,普通,微信小程序,23,公务员,苏州,二人世界,否
C7689,女,普通,微信小程序,31,服务业,广州,单身青年,否
C7690,女,普通,App自然注册,30,全职主妇,成都,单身青年,否
C7691,男,普通,微信小程序,40,服务业,天津,多口之家,否
C7692,男,普通,地推活动,33,服务业,杭州,银发族,否
C7693,女,普通,App自然注册,32,学生,北京,三口之家,否
C7694,男,普通,外卖平台导流,29,企业职员,青岛,银发族,否
C7695,男,普通,微信小程序,36,互联网从业,上海,三口之家,否
C7696,女,银卡,社群裂变,48,自由职业,西安,三口之家,否
C7697,男,银卡,线下扫码,32,互联网从业,北京,单身青年,否
C7698,女,普通,App自然注册,30,全职主妇,其他,多口之家,否
C7699,女,银卡,App自然注册,31,全职主妇,长沙,单身青年,否
C7700,女,金卡,微信小程序,27,自由职业,成都,银发族,是
C7701,女,普通,App自然注册,37,其他,成都,多口之家,否
C7702,男,金卡,外卖平台导流,29,自由职业,长沙,单身青年,是
C7703,女,金卡,线下扫码,27,企业职员,上海,多口之家,是
C7704,男,普通,App自然注册,24,企业职员,成都,多口之家,否
C7705,女,普通,微信小程序,38,其他,深圳,多口之家,否
C7706,女,普通,线下扫码,48,其他,长沙,二人世界,否
C7707,女,普通,微信小程序,48,公务员,深圳,三口之家,否
C7708,男,普通,线下扫码,27,服务业,上海,三口之家,否
C7709,女,普通,外卖平台导流,33,互联网从业,杭州,银发族,否
C7710,男,普通,微信小程序,22,学生,其他,单身青年,否
C7711,女,黑金,线下扫码,34,全职主妇,天津,银发族,是
C7712,女,普通,线下扫码,30,互联网从业,杭州,二人世界,否
C7713,女,银卡,外卖平台导流,43,学生,杭州,三口之家,否
C7714,男,普通,线下扫码,38,学生,杭州,三口之家,否
C7715,男,普通,外卖平台导流,22,企业职员,苏州,二人世界,否
C7716,女,普通,App自然注册,22,互联网从业,深圳,单身青年,否
C7717,男,普通,App自然注册,36,其他,天津,单身青年,否
C7718,女,银卡,微信小程序,26,自由职业,上海,单身青年,否
C7719,女,普通,微信小程序,34,企业职员,其他,二人世界,否
C7720,女,普通,线下扫码,26,学生,成都,三口之家,否
C7721,女,普通,微信小程序,30,企业职员,深圳,三口之家,否
C7722,女,银卡,App自然注册,39,公务员,天津,多口之家,否
C7723,女,普通,微信小程序,24,自由职业,广州,银发族,否
C7724,女,普通,线下扫码,36,企业职员,其他,三口之家,否
C7725,男,银卡,App自然注册,35,自由职业,成都,三口之家,否
C7726,男,普通,App自然注册,40,全职主妇,广州,三口之家,否
C7727,女,普通,微信小程序,28,全职主妇,西安,三口之家,否
C7728,男,普通,微信小程序,34,其他,郑州,多口之家,否
C7729,女,普通,外卖平台导流,43,企业职员,郑州,单身青年,否
C7730,男,普通,社群裂变,36,公务员,郑州,三口之家,否
C7731,女,普通,App自然注册,38,自由职业,广州,银发族,否
C7732,男,普通,App自然注册,41,公务员,青岛,三口之家,否
C7733,男,普通,微信小程序,43,服务业,杭州,三口之家,否
C7734,男,普通,微信小程序,28,全职主妇,杭州,三口之家,否
C7735,女,普通,线下扫码,34,自由职业,深圳,二人世界,否
C7736,男,普通,线下扫码,28,企业职员,青岛,单身青年,否
C7737,男,普通,社群裂变,31,企业职员,北京,单身青年,否
C7738,女,普通,社群裂变,22,企业职员,上海,三口之家,否
C7739,女,银卡,社群裂变,26,企业职员,长沙,二人世界,否
C7740,男,银卡,社群裂变,40,互联网从业,其他,三口之家,否
C7741,女,普通,社群裂变,36,其他,上海,单身青年,否
C7742,女,普通,微信小程序,22,企业职员,上海,二人世界,否
C7743,男,银卡,线下扫码,45,企业职员,北京,多口之家,否
C7744,女,银卡,App自然注册,30,服务业,天津,三口之家,否
C7745,女,银卡,App自然注册,40,企业职员,成都,单身青年,否
C7746,女,普通,微信小程序,40,自由职业,深圳,二人世界,否
C7747,女,普通,外卖平台导流,33,全职主妇,杭州,银发族,否
C7748,男,普通,微信小程序,44,企业职员,北京,三口之家,否
C7749,男,普通,微信小程序,32,互联网从业,杭州,单身青年,否
C7750,男,普通,App自然注册,27,互联网从业,杭州,银发族,否
C7751,男,普通,地推活动,45,全职主妇,广州,单身青年,否
C7752,女,普通,外卖平台导流,34,企业职员,天津,三口之家,否
C7753,男,银卡,App自然注册,32,互联网从业,北京,三口之家,否
C7754,女,金卡,外卖平台导流,24,企业职员,其他,单身青年,是
C7755,女,银卡,外卖平台导流,37,企业职员,上海,三口之家,否
C7756,女,普通,地推活动,36,自由职业,杭州,单身青年,否
C7757,男,金卡,App自然注册,42,企业职员,上海,多口之家,是
C7758,男,普通,线下扫码,31,全职主妇,广州,单身青年,否
C7759,男,普通,微信小程序,34,全职主妇,上海,二人世界,否
C7760,女,普通,线下扫码,48,互联网从业,天津,二人世界,否
C7761,男,普通,App自然注册,26,全职主妇,广州,单身青年,否
C7762,男,银卡,微信小程序,37,互联网从业,成都,单身青年,否
C7763,男,普通,外卖平台导流,40,互联网从业,上海,单身青年,否
C7764,男,普通,App自然注册,36,企业职员,长沙,银发族,否
C7765,女,银卡,App自然注册,48,公务员,杭州,单身青年,否
C7766,女,普通,App自然注册,35,全职主妇,南京,三口之家,否
C7767,男,普通,App自然注册,35,互联网从业,西安,三口之家,否
C7768,女,普通,线下扫码,42,其他,北京,多口之家,否
C7769,女,普通,线下扫码,48,自由职业,深圳,单身青年,否
C7770,女,普通,微信小程序,22,企业职员,长沙,二人世界,否
C7771,女,普通,社群裂变,46,学生,西安,多口之家,否
C7772,女,普通,外卖平台导流,32,企业职员,杭州,三口之家,否
C7773,男,普通,外卖平台导流,24,公务员,武汉,银发族,否
C7774,女,银卡,微信小程序,29,企业职员,广州,三口之家,否
C7775,男,普通,App自然注册,31,企业职员,深圳,三口之家,否
C7776,男,普通,App自然注册,31,全职主妇,其他,银发族,否
C7777,男,普通,App自然注册,35,学生,北京,银发族,否
C7778,男,普通,外卖平台导流,24,全职主妇,成都,三口之家,否
C7779,女,普通,App自然注册,33,企业职员,杭州,多口之家,否
C7780,女,银卡,社群裂变,45,学生,重庆,二人世界,否
C7781,女,普通,微信小程序,32,企业职员,西安,二人世界,否
C7782,男,普通,社群裂变,46,企业职员,北京,多口之家,否
C7783,女,金卡,社群裂变,26,互联网从业,西安,单身青年,是
C7784,女,普通,App自然注册,41,全职主妇,南京,银发族,否
C7785,男,普通,地推活动,36,全职主妇,长沙,三口之家,否
C7786,女,普通,微信小程序,37,学生,其他,单身青年,否
C7787,男,普通,App自然注册,33,服务业,苏州,三口之家,否
C7788,女,普通,社群裂变,25,公务员,西安,三口之家,否
C7789,男,普通,微信小程序,41,互联网从业,上海,二人世界,否
C7790,男,普通,App自然注册,45,企业职员,西安,单身青年,否
C7791,男,普通,线下扫码,29,企业职员,苏州,银发族,否
C7792,男,黑金,App自然注册,28,互联网从业,南京,单身青年,是
C7793,男,普通,地推活动,36,学生,南京,单身青年,否
C7794,男,普通,微信小程序,40,企业职员,北京,三口之家,否
C7795,女,普通,微信小程序,43,学生,杭州,多口之家,否
C7796,女,普通,App自然注册,31,公务员,广州,二人世界,否
C7797,男,普通,微信小程序,22,自由职业,北京,二人世界,否
C7798,女,金卡,外卖平台导流,36,全职主妇,北京,二人世界,否
C7799,男,普通,线下扫码,22,企业职员,武汉,单身青年,否
C7800,男,普通,社群裂变,36,企业职员,成都,三口之家,否
C7801,女,普通,线下扫码,40,企业职员,长沙,三口之家,否
C7802,女,普通,微信小程序,28,企业职员,北京,三口之家,否
C7803,女,银卡,微信小程序,42,学生,广州,三口之家,否
C7804,女,普通,线下扫码,42,其他,上海,银发族,否
C7805,女,普通,App自然注册,44,企业职员,南京,单身青年,否
C7806,女,银卡,微信小程序,45,企业职员,西安,三口之家,否
C7807,女,普通,线下扫码,43,企业职员,北京,单身青年,否
C7808,女,银卡,线下扫码,41,全职主妇,深圳,三口之家,否
C7809,男,银卡,微信小程序,29,公务员,其他,三口之家,否
C7810,女,金卡,App自然注册,30,学生,郑州,三口之家,否
C7811,女,普通,微信小程序,34,服务业,郑州,银发族,否
C7812,男,银卡,微信小程序,34,服务业,天津,二人世界,否
C7813,女,金卡,外卖平台导流,39,企业职员,北京,单身青年,是
C7814,男,普通,微信小程序,41,服务业,其他,单身青年,否
C7815,女,普通,外卖平台导流,22,全职主妇,西安,多口之家,否
C7816,男,普通,App自然注册,48,其他,郑州,多口之家,否
C7817,男,普通,外卖平台导流,25,互联网从业,北京,单身青年,否
C7818,女,银卡,外卖平台导流,36,企业职员,北京,多口之家,否
C7819,女,黑金,App自然注册,47,其他,成都,三口之家,是
C7820,女,银卡,微信小程序,27,学生,上海,单身青年,否
C7821,女,普通,地推活动,40,企业职员,北京,二人世界,否
C7822,男,普通,社群裂变,48,学生,其他,三口之家,否
C7823,女,普通,线下扫码,22,其他,北京,多口之家,否
C7824,女,普通,App自然注册,31,全职主妇,北京,单身青年,否
C7825,女,普通,线下扫码,40,自由职业,深圳,多口之家,否
C7826,女,普通,线下扫码,38,全职主妇,广州,三口之家,否
C7827,男,普通,地推活动,40,学生,其他,银发族,否
C7828,男,普通,微信小程序,32,企业职员,武汉,银发族,否
C7829,女,金卡,App自然注册,32,企业职员,其他,银发族,否
C7830,女,银卡,社群裂变,38,全职主妇,深圳,二人世界,否
C7831,女,普通,社群裂变,38,企业职员,郑州,多口之家,否
C7832,男,普通,微信小程序,32,互联网从业,上海,二人世界,否
C7833,男,普通,微信小程序,29,互联网从业,长沙,二人世界,否
C7834,男,普通,微信小程序,26,企业职员,杭州,三口之家,否
C7835,女,普通,微信小程序,38,企业职员,南京,二人世界,否
C7836,女,普通,外卖平台导流,31,服务业,成都,三口之家,否
C7837,女,普通,线下扫码,44,自由职业,深圳,三口之家,否
C7838,男,普通,地推活动,40,企业职员,其他,银发族,否
C7839,男,普通,微信小程序,26,服务业,深圳,单身青年,否
C7840,男,普通,线下扫码,32,企业职员,深圳,三口之家,否
C7841,男,普通,线下扫码,35,公务员,青岛,多口之家,否
C7842,男,金卡,线下扫码,22,自由职业,成都,三口之家,否
C7843,女,银卡,微信小程序,35,企业职员,苏州,多口之家,否
C7844,女,普通,微信小程序,25,全职主妇,重庆,银发族,否
C7845,女,银卡,社群裂变,37,互联网从业,其他,三口之家,否
C7846,女,银卡,微信小程序,28,服务业,苏州,三口之家,否
C7847,男,银卡,App自然注册,25,企业职员,上海,单身青年,否
C7848,男,普通,社群裂变,36,服务业,郑州,三口之家,否
C7849,男,普通,社群裂变,35,企业职员,其他,单身青年,否
C7850,男,银卡,App自然注册,29,企业职员,北京,银发族,否
C7851,男,银卡,社群裂变,46,企业职员,其他,三口之家,否
C7852,男,银卡,地推活动,44,企业职员,重庆,三口之家,否
C7853,男,普通,微信小程序,33,全职主妇,长沙,三口之家,否
C7854,女,普通,微信小程序,39,公务员,杭州,三口之家,否
C7855,女,银卡,App自然注册,24,服务业,南京,三口之家,否
C7856,男,普通,微信小程序,44,其他,上海,银发族,否
C7857,男,普通,地推活动,26,互联网从业,北京,三口之家,否
C7858,女,普通,微信小程序,34,企业职员,其他,多口之家,否
C7859,男,银卡,App自然注册,29,互联网从业,成都,三口之家,否
C7860,女,银卡,社群裂变,43,全职主妇,武汉,三口之家,否
C7861,男,普通,App自然注册,28,公务员,杭州,三口之家,否
C7862,男,普通,App自然注册,37,企业职员,成都,三口之家,否
C7863,男,银卡,微信小程序,39,企业职员,南京,三口之家,否
C7864,女,普通,App自然注册,38,公务员,天津,三口之家,否
C7865,女,银卡,微信小程序,45,服务业,其他,三口之家,否
C7866,男,普通,App自然注册,34,企业职员,重庆,银发族,否
C7867,女,普通,App自然注册,31,企业职员,广州,单身青年,否
C7868,女,普通,微信小程序,38,全职主妇,郑州,单身青年,否
C7869,女,普通,社群裂变,28,企业职员,杭州,单身青年,否
C7870,男,普通,地推活动,29,服务业,深圳,银发族,否
C7871,男,银卡,社群裂变,33,企业职员,南京,单身青年,否
C7872,男,普通,外卖平台导流,26,学生,广州,多口之家,否
C7873,男,普通,社群裂变,33,企业职员,北京,三口之家,否
C7874,男,银卡,App自然注册,26,企业职员,重庆,二人世界,否
C7875,男,普通,App自然注册,34,互联网从业,广州,三口之家,否
C7876,男,银卡,App自然注册,48,服务业,广州,多口之家,否
C7877,男,普通,社群裂变,47,企业职员,北京,三口之家,否
C7878,女,普通,App自然注册,24,学生,上海,多口之家,否
C7879,女,普通,地推活动,34,服务业,天津,二人世界,否
C7880,女,普通,App自然注册,35,企业职员,杭州,多口之家,否
C7881,男,银卡,App自然注册,36,服务业,其他,三口之家,否
C7882,女,普通,地推活动,40,自由职业,上海,单身青年,否
C7883,男,普通,线下扫码,34,企业职员,北京,二人世界,否
C7884,男,普通,社群裂变,38,公务员,南京,单身青年,否
C7885,男,普通,微信小程序,34,全职主妇,上海,三口之家,否
C7886,男,普通,微信小程序,39,企业职员,武汉,单身青年,否
C7887,男,银卡,微信小程序,28,互联网从业,南京,三口之家,否
C7888,女,黑金,微信小程序,30,互联网从业,青岛,多口之家,是
C7889,男,普通,线下扫码,33,自由职业,青岛,二人世界,否
C7890,女,普通,微信小程序,36,全职主妇,成都,三口之家,否
C7891,女,普通,App自然注册,45,自由职业,其他,三口之家,否
C7892,女,黑金,地推活动,42,全职主妇,西安,单身青年,是
C7893,女,普通,线下扫码,43,全职主妇,杭州,三口之家,否
C7894,女,金卡,App自然注册,32,服务业,成都,三口之家,否
C7895,女,普通,外卖平台导流,28,企业职员,深圳,三口之家,否
C7896,男,银卡,App自然注册,36,企业职员,深圳,银发族,否
C7897,男,普通,微信小程序,46,互联网从业,上海,二人世界,否
C7898,女,普通,外卖平台导流,34,学生,北京,二人世界,否
C7899,女,普通,微信小程序,28,企业职员,天津,单身青年,否
C7900,女,银卡,地推活动,41,企业职员,上海,多口之家,否
C7901,女,普通,App自然注册,38,自由职业,武汉,二人世界,否
C7902,男,普通,社群裂变,48,企业职员,其他,多口之家,否
C7903,女,普通,社群裂变,41,服务业,其他,单身青年,否
C7904,女,普通,微信小程序,33,其他,广州,银发族,否
C7905,男,普通,线下扫码,24,企业职员,西安,三口之家,否
C7906,女,普通,App自然注册,42,自由职业,西安,二人世界,否
C7907,女,普通,微信小程序,37,互联网从业,北京,单身青年,否
C7908,男,普通,微信小程序,35,服务业,杭州,二人世界,否
C7909,女,普通,社群裂变,38,学生,杭州,三口之家,否
C7910,女,普通,外卖平台导流,47,自由职业,上海,二人世界,否
C7911,男,银卡,线下扫码,33,自由职业,长沙,三口之家,否
C7912,女,普通,微信小程序,36,互联网从业,上海,三口之家,否
C7913,女,普通,App自然注册,26,企业职员,深圳,单身青年,否
C7914,女,普通,微信小程序,31,服务业,重庆,二人世界,否
C7915,男,普通,地推活动,35,企业职员,杭州,二人世界,否
C7916,男,普通,地推活动,33,自由职业,杭州,三口之家,否
C7917,女,金卡,微信小程序,30,全职主妇,其他,单身青年,是
C7918,男,银卡,外卖平台导流,34,学生,上海,三口之家,否
C7919,女,银卡,地推活动,37,自由职业,上海,银发族,否
C7920,女,金卡,社群裂变,33,全职主妇,西安,三口之家,是
C7921,女,普通,线下扫码,35,学生,南京,多口之家,否
C7922,女,普通,微信小程序,39,全职主妇,杭州,三口之家,否
C7923,女,金卡,微信小程序,48,公务员,广州,单身青年,否
C7924,女,普通,社群裂变,45,其他,武汉,三口之家,否
C7925,男,金卡,外卖平台导流,32,学生,重庆,三口之家,否
C7926,女,普通,微信小程序,46,互联网从业,武汉,三口之家,否
C7927,女,银卡,微信小程序,33,全职主妇,苏州,三口之家,否
C7928,男,普通,App自然注册,45,企业职员,天津,三口之家,否
C7929,男,普通,社群裂变,26,学生,青岛,单身青年,否
C7930,女,金卡,App自然注册,40,企业职员,长沙,二人世界,是
C7931,女,普通,微信小程序,27,学生,上海,三口之家,否
C7932,女,银卡,线下扫码,24,互联网从业,苏州,二人世界,否
C7933,男,银卡,外卖平台导流,32,企业职员,北京,多口之家,否
C7934,女,普通,App自然注册,40,互联网从业,其他,银发族,否
C7935,男,银卡,App自然注册,29,企业职员,北京,二人世界,否
C7936,男,普通,外卖平台导流,23,其他,武汉,多口之家,否
C7937,女,普通,App自然注册,32,其他,广州,银发族,否
C7938,男,普通,微信小程序,27,学生,苏州,单身青年,否
C7939,女,普通,线下扫码,28,服务业,广州,多口之家,否
C7940,男,金卡,社群裂变,46,企业职员,长沙,三口之家,是
C7941,男,金卡,外卖平台导流,46,学生,广州,银发族,是
C7942,男,普通,微信小程序,40,全职主妇,苏州,三口之家,否
C7943,男,普通,微信小程序,37,互联网从业,上海,单身青年,否
C7944,女,普通,社群裂变,25,自由职业,其他,二人世界,否
C7945,女,银卡,微信小程序,41,企业职员,广州,多口之家,否
C7946,女,银卡,外卖平台导流,40,互联网从业,上海,多口之家,否
C7947,女,普通,线下扫码,40,全职主妇,重庆,二人世界,否
C7948,女,普通,线下扫码,25,企业职员,其他,单身青年,否
C7949,男,普通,社群裂变,27,企业职员,西安,二人世界,否
C7950,男,普通,微信小程序,34,学生,重庆,三口之家,否
C7951,女,普通,App自然注册,33,互联网从业,成都,二人世界,否
C7952,女,银卡,微信小程序,34,互联网从业,上海,单身青年,否
C7953,女,普通,线下扫码,28,全职主妇,深圳,多口之家,否
C7954,男,银卡,线下扫码,48,企业职员,其他,三口之家,否
C7955,女,普通,线下扫码,42,学生,郑州,单身青年,否
C7956,女,普通,微信小程序,25,互联网从业,上海,三口之家,否
C7957,女,银卡,外卖平台导流,29,互联网从业,郑州,单身青年,否
C7958,男,银卡,线下扫码,37,学生,天津,银发族,否
C7959,女,普通,线下扫码,32,企业职员,成都,单身青年,否
C7960,女,普通,外卖平台导流,32,服务业,其他,单身青年,否
C7961,女,金卡,App自然注册,44,企业职员,成都,三口之家,是
C7962,男,银卡,外卖平台导流,40,其他,西安,二人世界,否
C7963,女,银卡,线下扫码,30,自由职业,南京,单身青年,否
C7964,女,普通,App自然注册,41,全职主妇,成都,三口之家,否
C7965,女,银卡,微信小程序,40,公务员,杭州,二人世界,否
C7966,男,普通,App自然注册,33,互联网从业,成都,多口之家,否
C7967,女,普通,社群裂变,33,自由职业,成都,二人世界,否
C7968,男,普通,社群裂变,27,服务业,成都,银发族,否
C7969,男,银卡,微信小程序,34,其他,重庆,二人世界,否
C7970,女,银卡,App自然注册,37,企业职员,天津,多口之家,否
C7971,男,金卡,社群裂变,29,企业职员,重庆,银发族,是
C7972,女,普通,微信小程序,36,企业职员,青岛,三口之家,否
C7973,女,普通,微信小程序,40,企业职员,其他,多口之家,否
C7974,女,银卡,外卖平台导流,37,学生,其他,银发族,否
C7975,男,普通,社群裂变,25,其他,成都,单身青年,否
C7976,女,普通,外卖平台导流,39,公务员,青岛,三口之家,否
C7977,男,银卡,App自然注册,33,自由职业,其他,三口之家,否
C7978,女,普通,外卖平台导流,31,其他,上海,三口之家,否
C7979,女,普通,微信小程序,39,全职主妇,北京,多口之家,否
C7980,男,普通,地推活动,34,互联网从业,其他,三口之家,否
C7981,女,银卡,线下扫码,33,企业职员,其他,三口之家,否
C7982,女,普通,外卖平台导流,34,其他,重庆,二人世界,否
C7983,女,普通,线下扫码,40,企业职员,杭州,单身青年,否
C7984,女,普通,微信小程序,25,企业职员,武汉,二人世界,否
C7985,男,普通,社群裂变,32,企业职员,西安,三口之家,否
C7986,男,普通,社群裂变,39,企业职员,上海,单身青年,否
C7987,男,普通,地推活动,31,自由职业,苏州,单身青年,否
C7988,男,黑金,App自然注册,34,互联网从业,郑州,多口之家,是
C7989,女,普通,社群裂变,32,服务业,北京,三口之家,否
C7990,男,金卡,微信小程序,29,服务业,北京,三口之家,是
C7991,女,普通,外卖平台导流,25,学生,郑州,三口之家,否
C7992,男,银卡,线下扫码,24,其他,武汉,单身青年,否
C7993,男,银卡,地推活动,25,自由职业,上海,三口之家,否
C7994,女,普通,App自然注册,42,全职主妇,成都,三口之家,否
C7995,女,普通,线下扫码,31,全职主妇,武汉,二人世界,否
C7996,女,普通,线下扫码,43,企业职员,西安,三口之家,否
C7997,女,普通,App自然注册,32,互联网从业,上海,二人世界,否
C7998,男,普通,App自然注册,30,企业职员,武汉,多口之家,否
C7999,男,普通,微信小程序,41,企业职员,杭州,多口之家,否
C8000,女,普通,微信小程序,33,企业职员,武汉,单身青年,否
C8001,女,普通,微信小程序,31,企业职员,深圳,银发族,否
C8002,男,银卡,微信小程序,31,企业职员,北京,三口之家,否
C8003,女,普通,App自然注册,37,企业职员,其他,多口之家,否
C8004,女,普通,微信小程序,31,全职主妇,武汉,三口之家,否
C8005,女,普通,线下扫码,28,服务业,北京,三口之家,否
C8006,女,普通,线下扫码,23,企业职员,成都,三口之家,否
C8007,男,普通,App自然注册,48,自由职业,广州,二人世界,否
C8008,女,普通,微信小程序,36,全职主妇,武汉,三口之家,否
C8009,男,普通,线下扫码,23,互联网从业,重庆,单身青年,否
C8010,男,银卡,线下扫码,45,企业职员,成都,单身青年,否
C8011,女,普通,App自然注册,37,企业职员,北京,三口之家,否
C8012,女,普通,微信小程序,38,自由职业,重庆,三口之家,否
C8013,女,普通,外卖平台导流,29,全职主妇,上海,三口之家,否
C8014,女,普通,微信小程序,42,互联网从业,成都,三口之家,否
C8015,男,黑金,微信小程序,36,公务员,重庆,单身青年,是
C8016,女,银卡,App自然注册,23,企业职员,长沙,三口之家,否
C8017,女,普通,微信小程序,36,互联网从业,南京,单身青年,否
C8018,男,银卡,线下扫码,35,服务业,深圳,单身青年,否
C8019,男,普通,外卖平台导流,44,企业职员,其他,二人世界,否
C8020,男,普通,线下扫码,34,企业职员,深圳,单身青年,否
C8021,女,普通,微信小程序,28,企业职员,北京,单身青年,否
C8022,女,普通,App自然注册,22,学生,成都,三口之家,否
C8023,女,普通,App自然注册,22,服务业,北京,三口之家,否
C8024,女,金卡,线下扫码,31,其他,广州,银发族,是
C8025,女,普通,线下扫码,40,其他,南京,三口之家,否
C8026,男,普通,微信小程序,32,互联网从业,天津,二人世界,否
C8027,女,普通,微信小程序,22,自由职业,成都,三口之家,否
C8028,男,银卡,线下扫码,40,企业职员,上海,三口之家,否
C8029,男,普通,线下扫码,40,互联网从业,杭州,银发族,否
C8030,男,普通,外卖平台导流,42,公务员,武汉,多口之家,否
C8031,男,普通,外卖平台导流,22,全职主妇,广州,二人世界,否
C8032,男,普通,外卖平台导流,25,公务员,天津,三口之家,否
C8033,男,银卡,微信小程序,34,企业职员,南京,三口之家,否
C8034,女,普通,微信小程序,22,自由职业,上海,多口之家,否
C8035,女,普通,App自然注册,32,企业职员,上海,多口之家,否
C8036,女,普通,线下扫码,29,企业职员,重庆,二人世界,否
C8037,男,普通,线下扫码,22,企业职员,长沙,银发族,否
C8038,男,普通,App自然注册,43,服务业,北京,三口之家,否
C8039,男,普通,外卖平台导流,24,学生,深圳,三口之家,否
C8040,女,普通,外卖平台导流,41,企业职员,北京,多口之家,否
C8041,男,普通,App自然注册,31,全职主妇,深圳,二人世界,否
C8042,男,普通,App自然注册,23,其他,杭州,单身青年,否
C8043,男,普通,外卖平台导流,35,自由职业,广州,单身青年,否
C8044,女,普通,线下扫码,26,互联网从业,深圳,多口之家,否
C8045,女,金卡,外卖平台导流,27,学生,北京,二人世界,是
C8046,男,普通,微信小程序,42,互联网从业,上海,单身青年,否
C8047,女,普通,App自然注册,30,企业职员,深圳,多口之家,否
C8048,男,普通,微信小程序,22,企业职员,广州,三口之家,否
C8049,男,银卡,微信小程序,35,服务业,深圳,多口之家,否
C8050,女,普通,外卖平台导流,26,企业职员,广州,三口之家,否
C8051,男,银卡,线下扫码,22,其他,天津,银发族,否
C8052,男,普通,微信小程序,33,学生,武汉,三口之家,否
C8053,女,普通,地推活动,34,学生,郑州,三口之家,否
C8054,女,普通,线下扫码,40,企业职员,西安,单身青年,否
C8055,男,金卡,微信小程序,22,全职主妇,深圳,三口之家,否
C8056,女,普通,微信小程序,31,服务业,成都,银发族,否
C8057,女,普通,App自然注册,36,互联网从业,南京,多口之家,否
C8058,男,普通,App自然注册,34,全职主妇,成都,单身青年,否
C8059,男,金卡,社群裂变,22,全职主妇,深圳,单身青年,是
C8060,女,普通,微信小程序,30,企业职员,武汉,单身青年,否
C8061,女,普通,社群裂变,24,企业职员,南京,多口之家,否
C8062,女,普通,App自然注册,34,其他,青岛,二人世界,否
C8063,男,银卡,App自然注册,37,服务业,杭州,单身青年,否
C8064,男,金卡,微信小程序,38,其他,长沙,三口之家,是
C8065,女,普通,App自然注册,42,全职主妇,北京,二人世界,否
C8066,男,普通,微信小程序,31,服务业,长沙,多口之家,否
C8067,女,普通,微信小程序,44,互联网从业,广州,多口之家,否
C8068,女,普通,App自然注册,48,自由职业,北京,银发族,否
C8069,男,银卡,App自然注册,27,全职主妇,成都,二人世界,否
C8070,女,普通,社群裂变,32,互联网从业,深圳,二人世界,否
C8071,男,普通,App自然注册,40,企业职员,重庆,二人世界,否
C8072,女,普通,外卖平台导流,36,互联网从业,苏州,二人世界,否
C8073,女,普通,社群裂变,34,其他,上海,银发族,否
C8074,男,普通,线下扫码,23,自由职业,成都,多口之家,否
C8075,女,银卡,App自然注册,37,企业职员,北京,单身青年,否
C8076,男,金卡,微信小程序,35,自由职业,天津,多口之家,是
C8077,男,普通,外卖平台导流,30,服务业,武汉,三口之家,否
C8078,女,普通,社群裂变,26,全职主妇,广州,三口之家,否
C8079,女,普通,App自然注册,48,服务业,其他,银发族,否
C8080,男,银卡,App自然注册,29,企业职员,其他,三口之家,否
C8081,男,金卡,App自然注册,35,全职主妇,广州,三口之家,是
C8082,女,普通,社群裂变,32,企业职员,北京,多口之家,否
C8083,女,普通,App自然注册,41,企业职员,长沙,多口之家,否
C8084,女,银卡,外卖平台导流,35,企业职员,杭州,三口之家,否
C8085,女,普通,微信小程序,48,自由职业,西安,三口之家,否
C8086,男,普通,微信小程序,44,自由职业,北京,多口之家,否
C8087,女,普通,App自然注册,33,企业职员,北京,二人世界,否
C8088,女,银卡,App自然注册,29,学生,天津,多口之家,否
C8089,男,普通,App自然注册,30,其他,苏州,三口之家,否
C8090,女,普通,社群裂变,48,企业职员,郑州,三口之家,否
C8091,女,普通,App自然注册,27,互联网从业,广州,二人世界,否
C8092,男,银卡,地推活动,32,企业职员,其他,三口之家,否
C8093,女,普通,线下扫码,35,全职主妇,其他,多口之家,否
C8094,女,银卡,App自然注册,32,互联网从业,重庆,三口之家,否
C8095,女,普通,App自然注册,38,企业职员,上海,二人世界,否
C8096,男,普通,外卖平台导流,33,企业职员,天津,二人世界,否
C8097,女,普通,外卖平台导流,42,全职主妇,北京,三口之家,否
C8098,男,银卡,微信小程序,47,互联网从业,广州,三口之家,否
C8099,女,普通,App自然注册,33,服务业,青岛,二人世界,否
C8100,男,银卡,外卖平台导流,48,学生,天津,银发族,否
C8101,女,银卡,微信小程序,36,自由职业,上海,三口之家,否
C8102,男,普通,App自然注册,37,互联网从业,上海,三口之家,否
C8103,男,银卡,App自然注册,42,企业职员,其他,二人世界,否
C8104,女,金卡,App自然注册,40,其他,西安,单身青年,是
C8105,女,黑金,App自然注册,27,互联网从业,其他,单身青年,是
C8106,男,普通,App自然注册,31,自由职业,北京,单身青年,否
C8107,男,银卡,App自然注册,26,其他,天津,单身青年,否
C8108,女,普通,App自然注册,29,其他,重庆,多口之家,否
C8109,男,普通,线下扫码,30,互联网从业,西安,单身青年,否
C8110,男,银卡,微信小程序,43,服务业,杭州,二人世界,否
C8111,女,普通,微信小程序,41,其他,苏州,银发族,否
C8112,男,普通,社群裂变,25,企业职员,成都,多口之家,否
C8113,女,银卡,社群裂变,33,自由职业,北京,单身青年,否
C8114,女,普通,地推活动,22,全职主妇,武汉,三口之家,否
C8115,女,普通,App自然注册,37,其他,郑州,三口之家,否
C8116,男,银卡,微信小程序,33,企业职员,青岛,二人世界,否
C8117,女,普通,外卖平台导流,36,服务业,广州,单身青年,否
C8118,男,普通,社群裂变,36,自由职业,武汉,三口之家,否
C8119,男,金卡,线下扫码,26,全职主妇,广州,三口之家,否
C8120,女,普通,App自然注册,31,互联网从业,重庆,二人世界,否
C8121,男,普通,线下扫码,48,公务员,广州,单身青年,否
C8122,女,普通,App自然注册,36,企业职员,北京,二人世界,否
C8123,男,银卡,线下扫码,35,全职主妇,上海,多口之家,否
C8124,男,普通,App自然注册,48,公务员,南京,三口之家,否
C8125,女,普通,社群裂变,40,自由职业,青岛,单身青年,否
C8126,女,普通,App自然注册,27,互联网从业,广州,二人世界,否
C8127,女,银卡,社群裂变,22,服务业,西安,二人世界,否
C8128,男,普通,App自然注册,33,互联网从业,深圳,单身青年,否
C8129,女,银卡,线下扫码,37,企业职员,青岛,三口之家,否
C8130,女,普通,App自然注册,41,企业职员,深圳,三口之家,否
C8131,男,普通,App自然注册,33,学生,上海,二人世界,否
C8132,男,普通,外卖平台导流,37,互联网从业,北京,单身青年,否
C8133,女,普通,微信小程序,36,互联网从业,上海,二人世界,否
C8134,女,普通,微信小程序,47,互联网从业,广州,单身青年,否
C8135,男,普通,微信小程序,32,学生,上海,三口之家,否
C8136,男,普通,App自然注册,34,公务员,深圳,三口之家,否
C8137,男,普通,微信小程序,39,企业职员,南京,多口之家,否
C8138,男,普通,线下扫码,31,互联网从业,成都,银发族,否
C8139,女,银卡,社群裂变,37,服务业,深圳,二人世界,否
C8140,女,普通,微信小程序,43,服务业,北京,三口之家,否
C8141,女,银卡,社群裂变,45,自由职业,深圳,二人世界,否
C8142,男,普通,外卖平台导流,31,自由职业,成都,二人世界,否
C8143,女,普通,线下扫码,33,服务业,北京,三口之家,否
C8144,女,银卡,线下扫码,38,其他,成都,单身青年,否
C8145,男,普通,线下扫码,33,互联网从业,天津,三口之家,否
C8146,男,银卡,App自然注册,32,其他,深圳,三口之家,否
C8147,男,普通,外卖平台导流,34,互联网从业,北京,单身青年,否
C8148,男,普通,微信小程序,31,公务员,北京,多口之家,否
C8149,女,普通,线下扫码,29,企业职员,北京,银发族,否
C8150,男,普通,线下扫码,37,企业职员,上海,单身青年,否
C8151,男,普通,微信小程序,44,自由职业,郑州,单身青年,否
C8152,女,普通,App自然注册,35,学生,成都,多口之家,否
C8153,女,普通,线下扫码,41,公务员,青岛,多口之家,否
C8154,男,银卡,微信小程序,35,学生,其他,单身青年,否
C8155,女,普通,社群裂变,42,互联网从业,杭州,二人世界,否
C8156,女,普通,微信小程序,42,自由职业,上海,二人世界,否
C8157,女,普通,线下扫码,40,企业职员,广州,三口之家,否
C8158,女,普通,App自然注册,41,其他,深圳,三口之家,否
C8159,女,普通,App自然注册,40,服务业,苏州,三口之家,否
C8160,男,普通,线下扫码,23,自由职业,重庆,三口之家,否
C8161,男,银卡,App自然注册,35,企业职员,重庆,单身青年,否
C8162,男,普通,微信小程序,37,企业职员,长沙,单身青年,否
C8163,男,金卡,线下扫码,37,互联网从业,其他,单身青年,是
C8164,男,普通,线下扫码,30,企业职员,郑州,三口之家,否
C8165,女,金卡,线下扫码,35,其他,北京,多口之家,否
C8166,女,普通,微信小程序,32,自由职业,苏州,三口之家,否
C8167,男,普通,App自然注册,40,学生,北京,三口之家,否
C8168,男,普通,微信小程序,31,学生,郑州,多口之家,否
C8169,男,普通,微信小程序,34,企业职员,成都,三口之家,否
C8170,女,银卡,App自然注册,34,全职主妇,深圳,多口之家,否
C8171,男,银卡,线下扫码,40,全职主妇,其他,三口之家,否
C8172,女,银卡,社群裂变,40,企业职员,武汉,单身青年,否
C8173,女,普通,App自然注册,32,自由职业,上海,二人世界,否
C8174,女,银卡,微信小程序,28,互联网从业,上海,多口之家,否
C8175,女,银卡,地推活动,40,服务业,上海,多口之家,否
C8176,女,普通,外卖平台导流,27,互联网从业,其他,二人世界,否
C8177,女,银卡,App自然注册,24,服务业,青岛,多口之家,否
C8178,女,金卡,App自然注册,29,企业职员,西安,单身青年,是
C8179,男,普通,App自然注册,32,全职主妇,其他,单身青年,否
C8180,女,银卡,App自然注册,37,企业职员,深圳,银发族,否
C8181,男,普通,社群裂变,37,自由职业,南京,多口之家,否
C8182,女,普通,微信小程序,43,企业职员,重庆,多口之家,否
C8183,女,普通,线下扫码,34,全职主妇,北京,单身青年,否
C8184,女,黑金,社群裂变,32,学生,上海,三口之家,是
C8185,女,普通,外卖平台导流,35,互联网从业,成都,三口之家,否
C8186,男,普通,App自然注册,35,其他,西安,单身青年,否
C8187,男,银卡,线下扫码,43,公务员,北京,三口之家,否
C8188,女,普通,App自然注册,38,互联网从业,杭州,单身青年,否
C8189,女,普通,微信小程序,39,学生,重庆,单身青年,否
C8190,男,普通,微信小程序,34,公务员,重庆,三口之家,否
C8191,女,金卡,社群裂变,37,全职主妇,苏州,多口之家,是
C8192,男,银卡,线下扫码,31,自由职业,苏州,银发族,否
C8193,女,普通,App自然注册,44,企业职员,上海,三口之家,否
C8194,男,普通,微信小程序,39,企业职员,南京,多口之家,否
C8195,女,普通,地推活动,34,企业职员,长沙,三口之家,否
C8196,女,普通,App自然注册,35,其他,北京,三口之家,否
C8197,女,普通,线下扫码,39,服务业,武汉,单身青年,否
C8198,女,普通,线下扫码,30,服务业,深圳,三口之家,否
C8199,男,金卡,线下扫码,46,互联网从业,西安,银发族,是
C8200,女,普通,微信小程序,37,互联网从业,广州,银发族,否
C8201,男,普通,社群裂变,28,全职主妇,深圳,单身青年,否
C8202,女,金卡,App自然注册,36,企业职员,杭州,单身青年,是
C8203,男,金卡,App自然注册,38,企业职员,重庆,二人世界,是
C8204,男,金卡,微信小程序,38,服务业,其他,多口之家,是
C8205,男,银卡,微信小程序,25,其他,上海,单身青年,否
C8206,女,普通,App自然注册,30,服务业,苏州,多口之家,否
C8207,女,金卡,微信小程序,35,企业职员,青岛,二人世界,否
C8208,女,黑金,微信小程序,29,企业职员,成都,三口之家,是
C8209,男,银卡,App自然注册,35,企业职员,郑州,二人世界,否
C8210,男,普通,微信小程序,42,服务业,重庆,三口之家,否
C8211,女,普通,微信小程序,28,互联网从业,北京,三口之家,否
C8212,男,普通,社群裂变,35,学生,北京,二人世界,否
C8213,女,普通,App自然注册,22,其他,上海,三口之家,否
C8214,男,银卡,App自然注册,28,企业职员,天津,三口之家,否
C8215,男,普通,App自然注册,31,企业职员,上海,三口之家,否
C8216,男,普通,线下扫码,28,全职主妇,上海,银发族,否
C8217,女,普通,App自然注册,34,企业职员,重庆,多口之家,否
C8218,男,普通,微信小程序,34,服务业,深圳,多口之家,否
C8219,女,普通,外卖平台导流,35,其他,广州,多口之家,否
C8220,男,普通,社群裂变,38,企业职员,北京,二人世界,否
C8221,女,普通,外卖平台导流,37,公务员,西安,单身青年,否
C8222,男,普通,线下扫码,44,服务业,青岛,多口之家,否
C8223,男,银卡,微信小程序,38,自由职业,上海,三口之家,否
C8224,男,普通,微信小程序,29,服务业,苏州,三口之家,否
C8225,女,普通,线下扫码,35,全职主妇,杭州,单身青年,否
C8226,女,银卡,App自然注册,36,企业职员,重庆,银发族,否
C8227,女,普通,外卖平台导流,44,互联网从业,北京,银发族,否
C8228,男,普通,线下扫码,35,全职主妇,广州,三口之家,否
C8229,男,普通,微信小程序,29,全职主妇,上海,多口之家,否
C8230,男,普通,地推活动,27,企业职员,广州,多口之家,否
C8231,男,银卡,微信小程序,33,企业职员,北京,单身青年,否
C8232,男,普通,线下扫码,28,其他,杭州,多口之家,否
C8233,女,普通,微信小程序,30,全职主妇,上海,三口之家,否
C8234,女,普通,线下扫码,31,学生,上海,单身青年,否
C8235,女,普通,线下扫码,40,互联网从业,上海,多口之家,否
C8236,女,普通,外卖平台导流,28,自由职业,深圳,多口之家,否
C8237,女,普通,微信小程序,39,全职主妇,郑州,三口之家,否
C8238,女,银卡,外卖平台导流,27,学生,深圳,二人世界,否
C8239,男,金卡,地推活动,22,全职主妇,杭州,单身青年,否
C8240,男,银卡,外卖平台导流,42,自由职业,重庆,多口之家,否
C8241,女,普通,App自然注册,44,服务业,长沙,多口之家,否
C8242,男,普通,社群裂变,38,学生,深圳,三口之家,否
C8243,女,普通,社群裂变,29,互联网从业,其他,单身青年,否
C8244,男,金卡,外卖平台导流,40,企业职员,广州,三口之家,是
C8245,男,金卡,App自然注册,48,企业职员,南京,单身青年,是
C8246,男,普通,App自然注册,31,学生,北京,多口之家,否
C8247,女,银卡,地推活动,47,互联网从业,天津,三口之家,否
C8248,女,银卡,App自然注册,26,服务业,长沙,单身青年,否
C8249,男,普通,社群裂变,34,企业职员,南京,三口之家,否
C8250,男,银卡,App自然注册,30,企业职员,深圳,二人世界,否
C8251,女,金卡,社群裂变,28,自由职业,北京,二人世界,否
C8252,男,普通,线下扫码,25,自由职业,重庆,三口之家,否
C8253,女,金卡,社群裂变,30,服务业,成都,三口之家,否
C8254,女,普通,App自然注册,35,自由职业,成都,三口之家,否
C8255,男,普通,App自然注册,37,公务员,广州,二人世界,否
C8256,男,普通,微信小程序,22,全职主妇,深圳,单身青年,否
C8257,男,银卡,微信小程序,43,自由职业,长沙,三口之家,否
C8258,女,普通,微信小程序,35,服务业,杭州,二人世界,否
C8259,男,普通,App自然注册,35,企业职员,西安,二人世界,否
C8260,女,普通,微信小程序,35,其他,杭州,三口之家,否
C8261,男,普通,外卖平台导流,22,全职主妇,北京,二人世界,否
C8262,女,普通,线下扫码,28,公务员,郑州,二人世界,否
C8263,女,普通,外卖平台导流,30,互联网从业,重庆,多口之家,否
C8264,男,普通,App自然注册,25,服务业,上海,多口之家,否
C8265,女,银卡,外卖平台导流,22,学生,苏州,二人世界,否
C8266,女,银卡,地推活动,36,全职主妇,杭州,三口之家,否
C8267,男,普通,App自然注册,33,互联网从业,青岛,三口之家,否
C8268,男,普通,线下扫码,34,企业职员,北京,二人世界,否
C8269,男,普通,微信小程序,25,公务员,北京,单身青年,否
C8270,女,银卡,App自然注册,33,企业职员,上海,单身青年,否
C8271,男,银卡,微信小程序,31,学生,苏州,单身青年,否
C8272,女,普通,微信小程序,30,学生,天津,银发族,否
C8273,女,普通,外卖平台导流,29,互联网从业,西安,二人世界,否
C8274,女,普通,外卖平台导流,33,公务员,上海,银发族,否
C8275,男,金卡,App自然注册,22,企业职员,重庆,二人世界,否
C8276,男,普通,微信小程序,32,全职主妇,苏州,三口之家,否
C8277,女,银卡,线下扫码,43,互联网从业,苏州,多口之家,否
C8278,男,普通,线下扫码,42,服务业,成都,二人世界,否
C8279,男,金卡,地推活动,29,全职主妇,其他,多口之家,是
C8280,女,普通,App自然注册,29,企业职员,南京,多口之家,否
C8281,男,银卡,App自然注册,35,全职主妇,北京,单身青年,否
C8282,男,银卡,App自然注册,22,企业职员,其他,多口之家,否
C8283,女,普通,线下扫码,40,互联网从业,广州,多口之家,否
C8284,女,普通,地推活动,27,互联网从业,北京,多口之家,否
C8285,女,普通,App自然注册,27,企业职员,西安,三口之家,否
C8286,男,普通,线下扫码,36,服务业,北京,单身青年,否
C8287,女,普通,线下扫码,37,全职主妇,深圳,多口之家,否
C8288,女,普通,App自然注册,48,企业职员,上海,三口之家,否
C8289,女,普通,App自然注册,40,企业职员,郑州,三口之家,否
C8290,女,普通,微信小程序,32,企业职员,成都,二人世界,否
C8291,女,普通,地推活动,30,互联网从业,上海,单身青年,否
C8292,女,银卡,社群裂变,32,服务业,青岛,单身青年,否
C8293,男,普通,线下扫码,48,其他,广州,三口之家,否
C8294,女,普通,线下扫码,33,互联网从业,杭州,三口之家,否
C8295,女,普通,微信小程序,33,学生,北京,银发族,否
C8296,女,普通,线下扫码,29,互联网从业,武汉,三口之家,否
C8297,女,普通,微信小程序,43,企业职员,北京,单身青年,否
C8298,女,普通,App自然注册,31,企业职员,重庆,三口之家,否
C8299,男,金卡,社群裂变,28,互联网从业,青岛,多口之家,是
C8300,女,银卡,外卖平台导流,36,其他,上海,三口之家,否
C8301,女,银卡,App自然注册,37,学生,郑州,二人世界,否
C8302,男,普通,App自然注册,32,全职主妇,上海,二人世界,否
C8303,女,金卡,App自然注册,39,企业职员,其他,单身青年,否
C8304,女,银卡,App自然注册,35,自由职业,苏州,单身青年,否
C8305,男,普通,线下扫码,37,互联网从业,武汉,二人世界,否
C8306,女,普通,微信小程序,35,自由职业,重庆,三口之家,否
C8307,女,银卡,地推活动,32,公务员,深圳,三口之家,否
C8308,女,普通,App自然注册,37,全职主妇,杭州,多口之家,否
C8309,女,银卡,线下扫码,31,互联网从业,长沙,三口之家,否
C8310,女,黑金,App自然注册,39,企业职员,成都,银发族,是
C8311,女,普通,微信小程序,26,其他,杭州,单身青年,否
C8312,男,普通,外卖平台导流,22,互联网从业,杭州,三口之家,否
C8313,女,普通,微信小程序,26,企业职员,杭州,三口之家,否
C8314,男,普通,App自然注册,41,全职主妇,南京,银发族,否
C8315,男,普通,微信小程序,35,自由职业,重庆,三口之家,否
C8316,男,普通,微信小程序,22,公务员,广州,三口之家,否
C8317,女,金卡,线下扫码,40,企业职员,广州,三口之家,是
C8318,女,普通,微信小程序,37,企业职员,杭州,三口之家,否
C8319,男,普通,微信小程序,36,自由职业,西安,二人世界,否
C8320,女,银卡,微信小程序,33,全职主妇,郑州,三口之家,否
C8321,女,普通,微信小程序,33,全职主妇,广州,三口之家,否
C8322,男,普通,App自然注册,37,服务业,上海,银发族,否
C8323,女,银卡,地推活动,30,企业职员,广州,二人世界,否
C8324,女,银卡,App自然注册,22,学生,长沙,三口之家,否
C8325,女,普通,App自然注册,38,企业职员,广州,二人世界,否
C8326,男,普通,线下扫码,46,企业职员,广州,二人世界,否
C8327,男,普通,App自然注册,45,学生,北京,单身青年,否
C8328,女,普通,外卖平台导流,22,服务业,上海,多口之家,否
C8329,女,金卡,微信小程序,48,互联网从业,成都,多口之家,否
C8330,女,银卡,外卖平台导流,33,全职主妇,其他,三口之家,否
C8331,女,普通,微信小程序,46,全职主妇,武汉,多口之家,否
C8332,男,银卡,外卖平台导流,41,服务业,西安,二人世界,否
C8333,男,银卡,App自然注册,29,服务业,郑州,二人世界,否
C8334,女,普通,线下扫码,42,服务业,广州,三口之家,否
C8335,男,银卡,线下扫码,38,自由职业,上海,多口之家,否
C8336,女,普通,App自然注册,31,自由职业,北京,多口之家,否
C8337,女,普通,社群裂变,33,其他,北京,三口之家,否
C8338,男,银卡,微信小程序,33,企业职员,重庆,三口之家,否
C8339,女,普通,微信小程序,26,自由职业,重庆,单身青年,否
C8340,男,普通,App自然注册,31,自由职业,杭州,银发族,否
C8341,男,普通,App自然注册,31,企业职员,深圳,多口之家,否
C8342,女,普通,社群裂变,26,自由职业,北京,三口之家,否
C8343,女,银卡,App自然注册,38,企业职员,其他,二人世界,否
C8344,女,普通,微信小程序,41,企业职员,武汉,三口之家,否
C8345,男,普通,地推活动,30,其他,其他,银发族,否
C8346,女,银卡,微信小程序,41,服务业,西安,三口之家,否
C8347,女,普通,微信小程序,41,自由职业,重庆,三口之家,否
C8348,女,银卡,线下扫码,48,互联网从业,上海,单身青年,否
C8349,男,普通,微信小程序,38,全职主妇,深圳,多口之家,否
C8350,男,普通,线下扫码,48,自由职业,郑州,银发族,否
C8351,女,普通,App自然注册,33,学生,武汉,三口之家,否
C8352,男,普通,App自然注册,31,其他,北京,单身青年,否
C8353,女,普通,线下扫码,26,服务业,西安,二人世界,否
C8354,女,银卡,外卖平台导流,31,学生,上海,三口之家,否
C8355,女,普通,线下扫码,25,学生,苏州,单身青年,否
C8356,男,普通,微信小程序,30,其他,上海,多口之家,否
C8357,男,普通,微信小程序,27,自由职业,上海,三口之家,否
C8358,男,银卡,微信小程序,48,自由职业,西安,三口之家,否
C8359,女,普通,线下扫码,31,服务业,南京,二人世界,否
C8360,女,普通,微信小程序,31,企业职员,广州,单身青年,否
C8361,女,普通,线下扫码,33,全职主妇,南京,多口之家,否
C8362,男,普通,App自然注册,26,互联网从业,上海,银发族,否
C8363,女,普通,微信小程序,27,互联网从业,上海,二人世界,否
C8364,女,普通,App自然注册,41,全职主妇,南京,单身青年,否
C8365,女,普通,外卖平台导流,24,全职主妇,深圳,银发族,否
C8366,女,普通,微信小程序,29,全职主妇,广州,三口之家,否
C8367,女,银卡,微信小程序,44,互联网从业,深圳,单身青年,否
C8368,男,普通,线下扫码,41,自由职业,南京,单身青年,否
C8369,女,普通,微信小程序,37,企业职员,北京,多口之家,否
C8370,男,普通,线下扫码,22,公务员,广州,三口之家,否
C8371,女,普通,微信小程序,42,企业职员,南京,三口之家,否
C8372,女,普通,微信小程序,34,全职主妇,武汉,银发族,否
C8373,女,普通,微信小程序,46,自由职业,北京,三口之家,否
C8374,男,普通,微信小程序,29,企业职员,北京,单身青年,否
C8375,女,普通,App自然注册,33,互联网从业,广州,多口之家,否
C8376,女,普通,微信小程序,39,其他,广州,单身青年,否
C8377,女,金卡,外卖平台导流,27,全职主妇,成都,多口之家,是
C8378,男,银卡,社群裂变,38,其他,西安,三口之家,否
C8379,女,金卡,线下扫码,37,其他,成都,二人世界,否
C8380,男,普通,微信小程序,34,企业职员,上海,二人世界,否
C8381,男,普通,App自然注册,42,服务业,郑州,单身青年,否
C8382,女,普通,微信小程序,22,学生,天津,多口之家,否
C8383,女,银卡,社群裂变,36,互联网从业,广州,多口之家,否
C8384,男,普通,App自然注册,42,自由职业,成都,三口之家,否
C8385,女,普通,App自然注册,25,全职主妇,杭州,二人世界,否
C8386,男,普通,线下扫码,31,学生,上海,多口之家,否
C8387,男,银卡,微信小程序,46,自由职业,苏州,三口之家,否
C8388,男,银卡,线下扫码,26,互联网从业,苏州,三口之家,否
C8389,女,普通,社群裂变,32,互联网从业,其他,单身青年,否
C8390,女,银卡,微信小程序,26,公务员,上海,单身青年,否
C8391,男,普通,微信小程序,34,自由职业,郑州,二人世界,否
C8392,女,普通,App自然注册,41,全职主妇,杭州,银发族,否
C8393,女,普通,线下扫码,26,企业职员,重庆,银发族,否
C8394,女,普通,App自然注册,43,服务业,上海,多口之家,否
C8395,男,金卡,App自然注册,22,全职主妇,上海,银发族,是
C8396,男,普通,微信小程序,38,企业职员,重庆,三口之家,否
C8397,男,普通,线下扫码,32,其他,上海,银发族,否
C8398,女,普通,微信小程序,42,学生,上海,三口之家,否
C8399,女,金卡,社群裂变,28,服务业,深圳,单身青年,否
C8400,女,银卡,微信小程序,23,自由职业,武汉,单身青年,否
C8401,男,金卡,微信小程序,37,服务业,广州,单身青年,否
C8402,男,银卡,微信小程序,33,全职主妇,深圳,单身青年,否
C8403,男,普通,App自然注册,37,公务员,苏州,二人世界,否
C8404,女,银卡,微信小程序,42,学生,青岛,二人世界,否
C8405,男,银卡,App自然注册,26,企业职员,深圳,三口之家,否
C8406,女,金卡,微信小程序,30,企业职员,广州,二人世界,否
C8407,女,普通,App自然注册,42,互联网从业,上海,三口之家,否
C8408,女,普通,App自然注册,26,互联网从业,上海,三口之家,否
C8409,男,金卡,地推活动,29,企业职员,天津,三口之家,是
C8410,男,普通,外卖平台导流,24,互联网从业,上海,单身青年,否
C8411,男,金卡,线下扫码,32,公务员,郑州,单身青年,是
C8412,女,金卡,线下扫码,40,企业职员,上海,多口之家,是
C8413,男,普通,微信小程序,33,其他,郑州,三口之家,否
C8414,男,银卡,线下扫码,36,企业职员,武汉,单身青年,否
C8415,男,普通,线下扫码,29,全职主妇,北京,三口之家,否
C8416,男,普通,线下扫码,40,全职主妇,武汉,二人世界,否
C8417,男,银卡,微信小程序,33,全职主妇,武汉,三口之家,否
C8418,女,银卡,App自然注册,42,企业职员,上海,银发族,否
C8419,男,银卡,外卖平台导流,43,企业职员,北京,单身青年,否
C8420,男,普通,地推活动,40,企业职员,北京,三口之家,否
C8421,女,普通,外卖平台导流,37,全职主妇,杭州,三口之家,否
C8422,女,普通,外卖平台导流,39,企业职员,长沙,三口之家,否
C8423,男,普通,App自然注册,29,互联网从业,其他,银发族,否
C8424,男,银卡,App自然注册,40,互联网从业,上海,银发族,否
C8425,女,银卡,社群裂变,43,学生,杭州,三口之家,否
C8426,女,普通,地推活动,38,全职主妇,郑州,银发族,否
C8427,男,银卡,外卖平台导流,36,企业职员,成都,二人世界,否
C8428,男,普通,外卖平台导流,46,其他,南京,单身青年,否
C8429,女,金卡,App自然注册,37,学生,广州,多口之家,是
C8430,女,银卡,微信小程序,33,服务业,其他,二人世界,否
C8431,女,普通,微信小程序,36,互联网从业,北京,三口之家,否
C8432,女,普通,微信小程序,37,全职主妇,青岛,三口之家,否
C8433,女,金卡,App自然注册,37,服务业,上海,单身青年,是
C8434,男,普通,社群裂变,28,自由职业,青岛,单身青年,否
C8435,女,普通,App自然注册,29,公务员,杭州,三口之家,否
C8436,女,银卡,微信小程序,30,公务员,武汉,三口之家,否
C8437,男,普通,App自然注册,29,其他,北京,三口之家,否
C8438,男,银卡,社群裂变,28,服务业,西安,三口之家,否
C8439,男,普通,App自然注册,48,其他,青岛,单身青年,否
C8440,男,普通,App自然注册,24,学生,青岛,三口之家,否
C8441,女,普通,社群裂变,30,自由职业,上海,三口之家,否
C8442,男,黑金,App自然注册,36,公务员,青岛,多口之家,是
C8443,女,普通,App自然注册,30,互联网从业,青岛,单身青年,否
C8444,男,普通,微信小程序,42,其他,天津,多口之家,否
C8445,女,普通,App自然注册,31,全职主妇,重庆,单身青年,否
C8446,男,普通,外卖平台导流,38,公务员,上海,三口之家,否
C8447,女,普通,社群裂变,25,其他,成都,单身青年,否
C8448,男,普通,外卖平台导流,32,互联网从业,北京,单身青年,否
C8449,女,银卡,地推活动,36,全职主妇,成都,三口之家,否
C8450,男,普通,微信小程序,34,其他,苏州,三口之家,否
C8451,女,普通,App自然注册,24,公务员,成都,银发族,否
C8452,男,普通,外卖平台导流,24,互联网从业,深圳,单身青年,否
C8453,女,普通,App自然注册,27,企业职员,深圳,三口之家,否
C8454,男,普通,地推活动,33,全职主妇,上海,多口之家,否
C8455,女,普通,外卖平台导流,31,企业职员,其他,单身青年,否
C8456,女,普通,线下扫码,44,服务业,北京,三口之家,否
C8457,女,普通,微信小程序,23,互联网从业,长沙,单身青年,否
C8458,女,银卡,地推活动,41,企业职员,南京,单身青年,否
C8459,女,银卡,App自然注册,31,互联网从业,西安,二人世界,否
C8460,女,银卡,线下扫码,35,企业职员,南京,单身青年,否
C8461,男,普通,微信小程序,33,其他,北京,二人世界,否
C8462,女,银卡,线下扫码,35,自由职业,北京,多口之家,否
C8463,女,普通,外卖平台导流,26,企业职员,广州,三口之家,否
C8464,男,普通,社群裂变,24,服务业,广州,三口之家,否
C8465,男,普通,线下扫码,41,全职主妇,杭州,三口之家,否
C8466,女,普通,微信小程序,34,公务员,北京,三口之家,否
C8467,女,银卡,微信小程序,46,企业职员,广州,三口之家,否
C8468,男,普通,线下扫码,32,服务业,广州,银发族,否
C8469,男,普通,社群裂变,34,全职主妇,天津,三口之家,否
C8470,女,普通,App自然注册,24,企业职员,青岛,银发族,否
C8471,男,普通,线下扫码,28,其他,南京,三口之家,否
C8472,女,普通,微信小程序,36,全职主妇,上海,三口之家,否
C8473,男,银卡,线下扫码,39,自由职业,郑州,二人世界,否
C8474,女,银卡,微信小程序,37,企业职员,重庆,单身青年,否
C8475,男,银卡,App自然注册,28,企业职员,深圳,三口之家,否
C8476,女,普通,App自然注册,38,全职主妇,南京,三口之家,否
C8477,男,普通,App自然注册,32,其他,杭州,二人世界,否
C8478,女,普通,App自然注册,41,其他,上海,单身青年,否
C8479,男,金卡,外卖平台导流,25,互联网从业,深圳,单身青年,是
C8480,男,银卡,线下扫码,48,企业职员,上海,三口之家,否
C8481,女,普通,App自然注册,30,全职主妇,苏州,三口之家,否
C8482,男,普通,App自然注册,42,企业职员,南京,三口之家,否
C8483,女,普通,线下扫码,34,企业职员,北京,三口之家,否
C8484,女,普通,微信小程序,40,自由职业,北京,单身青年,否
C8485,男,普通,外卖平台导流,41,学生,武汉,三口之家,否
C8486,女,银卡,微信小程序,30,企业职员,成都,三口之家,否
C8487,女,普通,App自然注册,34,公务员,天津,单身青年,否
C8488,男,银卡,App自然注册,27,互联网从业,成都,银发族,否
C8489,女,普通,社群裂变,23,其他,重庆,二人世界,否
C8490,女,普通,线下扫码,48,学生,上海,二人世界,否
C8491,女,银卡,地推活动,35,自由职业,深圳,三口之家,否
C8492,男,银卡,App自然注册,44,企业职员,其他,三口之家,否
C8493,女,普通,微信小程序,34,自由职业,成都,三口之家,否
C8494,男,普通,微信小程序,30,自由职业,武汉,单身青年,否
C8495,女,普通,App自然注册,45,企业职员,天津,二人世界,否
C8496,男,普通,外卖平台导流,37,互联网从业,上海,二人世界,否
C8497,男,银卡,社群裂变,43,互联网从业,苏州,三口之家,否
C8498,女,金卡,微信小程序,26,企业职员,青岛,三口之家,否
C8499,男,银卡,微信小程序,48,全职主妇,成都,单身青年,否
C8500,男,普通,微信小程序,32,服务业,郑州,二人世界,否
C8501,女,银卡,App自然注册,29,学生,西安,二人世界,否
C8502,女,普通,App自然注册,48,互联网从业,武汉,单身青年,否
C8503,男,银卡,线下扫码,45,企业职员,武汉,三口之家,否
C8504,女,普通,App自然注册,38,互联网从业,成都,多口之家,否
C8505,女,银卡,微信小程序,32,其他,杭州,单身青年,否
C8506,女,普通,线下扫码,36,服务业,成都,单身青年,否
C8507,女,普通,微信小程序,28,企业职员,武汉,多口之家,否
C8508,女,金卡,社群裂变,32,企业职员,上海,三口之家,是
C8509,女,银卡,微信小程序,27,其他,上海,银发族,否
C8510,男,普通,App自然注册,39,企业职员,杭州,单身青年,否
C8511,男,银卡,微信小程序,35,企业职员,长沙,多口之家,否
C8512,男,银卡,App自然注册,47,自由职业,其他,三口之家,否
C8513,女,银卡,微信小程序,35,全职主妇,苏州,单身青年,否
C8514,女,普通,微信小程序,39,学生,长沙,单身青年,否
C8515,女,普通,线下扫码,29,企业职员,西安,三口之家,否
C8516,男,普通,社群裂变,35,企业职员,西安,三口之家,否
C8517,女,金卡,线下扫码,35,全职主妇,上海,三口之家,是
C8518,女,普通,微信小程序,29,学生,杭州,单身青年,否
C8519,男,普通,微信小程序,28,企业职员,其他,三口之家,否
C8520,男,银卡,微信小程序,44,服务业,武汉,三口之家,否
C8521,男,银卡,微信小程序,32,自由职业,深圳,三口之家,否
C8522,男,普通,微信小程序,38,其他,西安,银发族,否
C8523,女,普通,线下扫码,35,互联网从业,苏州,三口之家,否
C8524,女,普通,地推活动,23,其他,广州,单身青年,否
C8525,男,金卡,线下扫码,35,互联网从业,西安,单身青年,是
C8526,男,普通,社群裂变,34,服务业,广州,二人世界,否
C8527,女,金卡,微信小程序,38,互联网从业,成都,三口之家,否
C8528,男,普通,地推活动,28,学生,郑州,二人世界,否
C8529,女,银卡,线下扫码,22,服务业,苏州,多口之家,否
C8530,男,普通,微信小程序,45,互联网从业,广州,多口之家,否
C8531,女,普通,微信小程序,29,自由职业,其他,银发族,否
C8532,男,普通,线下扫码,22,服务业,西安,三口之家,否
C8533,男,银卡,线下扫码,27,全职主妇,成都,单身青年,否
C8534,男,银卡,微信小程序,36,全职主妇,上海,二人世界,否
C8535,女,普通,App自然注册,31,企业职员,长沙,多口之家,否
C8536,女,普通,社群裂变,30,学生,北京,二人世界,否
C8537,女,普通,App自然注册,46,学生,成都,单身青年,否
C8538,女,普通,微信小程序,26,互联网从业,北京,单身青年,否
C8539,女,普通,App自然注册,36,企业职员,郑州,二人世界,否
C8540,男,普通,线下扫码,22,互联网从业,重庆,单身青年,否
C8541,女,普通,社群裂变,31,服务业,成都,多口之家,否
C8542,女,普通,线下扫码,39,服务业,北京,二人世界,否
C8543,女,普通,微信小程序,27,企业职员,长沙,二人世界,否
C8544,女,普通,微信小程序,46,全职主妇,南京,二人世界,否
C8545,女,普通,App自然注册,46,企业职员,深圳,二人世界,否
C8546,女,普通,线下扫码,28,其他,深圳,银发族,否
C8547,女,普通,社群裂变,33,互联网从业,西安,多口之家,否
C8548,女,普通,线下扫码,43,互联网从业,天津,多口之家,否
C8549,女,金卡,外卖平台导流,39,互联网从业,武汉,单身青年,否
C8550,女,金卡,App自然注册,39,企业职员,武汉,单身青年,否
C8551,女,银卡,微信小程序,29,服务业,其他,多口之家,否
C8552,男,普通,地推活动,22,公务员,南京,三口之家,否
C8553,男,普通,微信小程序,32,自由职业,武汉,三口之家,否
C8554,男,银卡,微信小程序,39,自由职业,其他,二人世界,否
C8555,男,普通,社群裂变,37,自由职业,上海,三口之家,否
C8556,女,银卡,App自然注册,22,互联网从业,苏州,多口之家,否
C8557,男,普通,线下扫码,45,互联网从业,其他,多口之家,否
C8558,女,普通,外卖平台导流,38,全职主妇,上海,三口之家,否
C8559,女,普通,外卖平台导流,39,互联网从业,其他,三口之家,否
C8560,男,银卡,地推活动,40,企业职员,北京,多口之家,否
C8561,男,银卡,微信小程序,24,自由职业,南京,三口之家,否
C8562,女,普通,App自然注册,35,全职主妇,广州,二人世界,否
C8563,女,普通,外卖平台导流,42,自由职业,武汉,多口之家,否
C8564,女,普通,线下扫码,33,公务员,北京,二人世界,否
C8565,男,金卡,App自然注册,43,其他,北京,二人世界,是
C8566,女,普通,线下扫码,37,服务业,郑州,三口之家,否
C8567,女,银卡,外卖平台导流,34,全职主妇,其他,单身青年,否
C8568,女,普通,微信小程序,38,自由职业,北京,多口之家,否
C8569,男,普通,App自然注册,31,自由职业,北京,多口之家,否
C8570,男,普通,微信小程序,32,全职主妇,北京,银发族,否
C8571,女,普通,线下扫码,35,服务业,武汉,二人世界,否
C8572,男,普通,线下扫码,30,服务业,深圳,三口之家,否
C8573,女,普通,地推活动,38,服务业,重庆,二人世界,否
C8574,女,黑金,微信小程序,39,全职主妇,上海,单身青年,是
C8575,女,金卡,外卖平台导流,30,企业职员,杭州,单身青年,否
C8576,女,金卡,线下扫码,40,自由职业,西安,银发族,是
C8577,女,普通,App自然注册,41,企业职员,杭州,银发族,否
C8578,男,普通,微信小程序,30,学生,杭州,二人世界,否
C8579,男,普通,外卖平台导流,42,其他,成都,单身青年,否
C8580,女,普通,社群裂变,36,服务业,广州,二人世界,否
C8581,女,普通,微信小程序,36,企业职员,成都,单身青年,否
C8582,男,普通,App自然注册,43,企业职员,其他,三口之家,否
C8583,男,银卡,地推活动,37,互联网从业,广州,单身青年,否
C8584,女,银卡,App自然注册,34,自由职业,成都,三口之家,否
C8585,男,银卡,线下扫码,40,学生,郑州,多口之家,否
C8586,男,普通,App自然注册,29,企业职员,西安,银发族,否
C8587,男,银卡,社群裂变,23,互联网从业,其他,三口之家,否
C8588,男,普通,App自然注册,34,自由职业,广州,多口之家,否
C8589,女,普通,线下扫码,41,服务业,南京,银发族,否
C8590,男,银卡,微信小程序,42,自由职业,成都,二人世界,否
C8591,男,普通,微信小程序,44,全职主妇,天津,三口之家,否
C8592,男,普通,微信小程序,31,企业职员,长沙,三口之家,否
C8593,男,银卡,App自然注册,35,服务业,深圳,多口之家,否
C8594,女,银卡,线下扫码,33,互联网从业,深圳,多口之家,否
C8595,女,银卡,线下扫码,29,自由职业,南京,单身青年,否
C8596,男,普通,外卖平台导流,47,公务员,其他,三口之家,否
C8597,男,普通,社群裂变,31,全职主妇,上海,多口之家,否
C8598,男,普通,外卖平台导流,22,互联网从业,广州,三口之家,否
C8599,男,普通,微信小程序,38,其他,青岛,银发族,否
C8600,女,银卡,微信小程序,43,企业职员,深圳,二人世界,否
C8601,男,银卡,微信小程序,38,自由职业,广州,单身青年,否
C8602,男,银卡,App自然注册,35,学生,成都,三口之家,否
C8603,女,普通,App自然注册,38,互联网从业,上海,单身青年,否
C8604,男,普通,微信小程序,34,自由职业,武汉,单身青年,否
C8605,男,金卡,线下扫码,36,企业职员,成都,单身青年,是
C8606,女,普通,外卖平台导流,48,互联网从业,青岛,三口之家,否
C8607,女,普通,App自然注册,29,服务业,广州,多口之家,否
C8608,女,银卡,App自然注册,48,企业职员,上海,多口之家,否
C8609,男,普通,外卖平台导流,22,自由职业,天津,三口之家,否
C8610,男,普通,App自然注册,23,互联网从业,郑州,单身青年,否
C8611,女,黑金,外卖平台导流,42,服务业,天津,三口之家,是
C8612,女,普通,微信小程序,30,企业职员,杭州,三口之家,否
C8613,女,普通,App自然注册,32,企业职员,深圳,单身青年,否
C8614,男,普通,微信小程序,41,其他,成都,二人世界,否
C8615,男,普通,App自然注册,27,自由职业,北京,单身青年,否
C8616,女,金卡,微信小程序,33,互联网从业,重庆,单身青年,是
C8617,男,银卡,外卖平台导流,36,全职主妇,广州,单身青年,否
C8618,男,银卡,App自然注册,26,其他,长沙,三口之家,否
C8619,女,普通,微信小程序,41,全职主妇,西安,三口之家,否
C8620,男,金卡,App自然注册,32,企业职员,上海,银发族,否
C8621,男,普通,App自然注册,32,学生,北京,单身青年,否
C8622,男,普通,外卖平台导流,37,企业职员,西安,单身青年,否
C8623,女,普通,微信小程序,27,自由职业,上海,三口之家,否
C8624,女,普通,外卖平台导流,42,企业职员,北京,多口之家,否
C8625,女,普通,地推活动,39,企业职员,南京,三口之家,否
C8626,男,普通,微信小程序,40,服务业,武汉,单身青年,否
C8627,女,银卡,微信小程序,38,企业职员,北京,二人世界,否
C8628,女,金卡,微信小程序,40,企业职员,杭州,多口之家,否
C8629,女,银卡,App自然注册,32,企业职员,西安,三口之家,否
C8630,男,普通,线下扫码,37,学生,天津,银发族,否
C8631,女,普通,微信小程序,48,全职主妇,广州,单身青年,否
C8632,女,普通,线下扫码,42,企业职员,南京,多口之家,否
C8633,男,银卡,微信小程序,36,全职主妇,天津,二人世界,否
C8634,男,普通,App自然注册,24,全职主妇,北京,银发族,否
C8635,男,普通,App自然注册,25,互联网从业,郑州,银发族,否
C8636,女,普通,微信小程序,31,其他,深圳,三口之家,否
C8637,男,普通,微信小程序,31,企业职员,广州,单身青年,否
C8638,男,普通,外卖平台导流,39,企业职员,深圳,单身青年,否
C8639,男,普通,线下扫码,41,企业职员,上海,单身青年,否
C8640,男,普通,线下扫码,43,企业职员,南京,二人世界,否
C8641,女,黑金,微信小程序,22,全职主妇,长沙,单身青年,是
C8642,男,银卡,微信小程序,37,企业职员,上海,二人世界,否
C8643,女,金卡,微信小程序,43,互联网从业,上海,多口之家,否
C8644,女,普通,线下扫码,32,学生,深圳,多口之家,否
C8645,男,普通,微信小程序,38,企业职员,南京,单身青年,否
C8646,男,金卡,微信小程序,40,互联网从业,北京,单身青年,是
C8647,女,普通,外卖平台导流,40,公务员,北京,三口之家,否
C8648,女,银卡,地推活动,47,服务业,南京,单身青年,否
C8649,女,普通,微信小程序,40,其他,其他,三口之家,否
C8650,男,普通,线下扫码,35,企业职员,上海,单身青年,否
C8651,女,普通,微信小程序,39,企业职员,西安,三口之家,否
C8652,女,普通,微信小程序,23,其他,天津,三口之家,否
C8653,男,普通,线下扫码,36,企业职员,北京,单身青年,否
C8654,女,银卡,App自然注册,24,服务业,其他,三口之家,否
C8655,女,银卡,App自然注册,40,企业职员,北京,单身青年,否
C8656,男,普通,App自然注册,38,互联网从业,上海,三口之家,否
C8657,女,普通,微信小程序,41,全职主妇,北京,单身青年,否
C8658,女,普通,App自然注册,34,自由职业,武汉,三口之家,否
C8659,男,银卡,微信小程序,46,企业职员,天津,二人世界,否
C8660,女,普通,线下扫码,41,服务业,南京,单身青年,否
C8661,男,普通,地推活动,35,其他,北京,三口之家,否
C8662,男,普通,微信小程序,44,互联网从业,南京,二人世界,否
C8663,男,普通,外卖平台导流,40,服务业,长沙,单身青年,否
C8664,女,银卡,微信小程序,25,服务业,其他,三口之家,否
C8665,女,普通,微信小程序,37,服务业,重庆,二人世界,否
C8666,男,普通,线下扫码,44,公务员,北京,银发族,否
C8667,男,普通,微信小程序,36,全职主妇,重庆,三口之家,否
C8668,男,银卡,外卖平台导流,36,学生,成都,单身青年,否
C8669,女,金卡,微信小程序,34,其他,长沙,三口之家,是
C8670,女,普通,微信小程序,24,其他,上海,二人世界,否
C8671,男,普通,外卖平台导流,40,互联网从业,上海,三口之家,否
C8672,女,金卡,App自然注册,30,企业职员,上海,二人世界,是
C8673,女,普通,微信小程序,42,企业职员,北京,单身青年,否
C8674,女,银卡,App自然注册,36,企业职员,南京,三口之家,否
C8675,女,银卡,微信小程序,31,学生,深圳,银发族,否
C8676,女,银卡,地推活动,29,企业职员,青岛,多口之家,否
C8677,女,普通,微信小程序,29,企业职员,武汉,二人世界,否
C8678,女,普通,外卖平台导流,31,其他,上海,三口之家,否
C8679,男,普通,线下扫码,44,服务业,广州,单身青年,否
C8680,女,普通,微信小程序,29,企业职员,长沙,三口之家,否
C8681,女,普通,线下扫码,43,服务业,重庆,二人世界,否
C8682,女,银卡,App自然注册,48,互联网从业,杭州,三口之家,否
C8683,男,普通,微信小程序,31,企业职员,上海,单身青年,否
C8684,女,银卡,App自然注册,41,互联网从业,北京,三口之家,否
C8685,男,普通,微信小程序,26,企业职员,青岛,三口之家,否
C8686,男,银卡,地推活动,26,自由职业,深圳,三口之家,否
C8687,男,普通,App自然注册,30,服务业,杭州,多口之家,否
C8688,女,普通,社群裂变,34,企业职员,武汉,三口之家,否
C8689,男,普通,微信小程序,30,企业职员,长沙,银发族,否
C8690,女,普通,微信小程序,35,全职主妇,成都,二人世界,否
C8691,男,普通,微信小程序,31,自由职业,西安,银发族,否
C8692,女,银卡,地推活动,32,自由职业,北京,三口之家,否
C8693,男,普通,App自然注册,23,企业职员,上海,银发族,否
C8694,女,银卡,线下扫码,33,企业职员,广州,银发族,否
C8695,女,普通,App自然注册,27,全职主妇,西安,银发族,否
C8696,女,普通,社群裂变,30,自由职业,成都,多口之家,否
C8697,女,普通,微信小程序,47,企业职员,广州,单身青年,否
C8698,男,普通,社群裂变,46,企业职员,深圳,单身青年,否
C8699,男,银卡,社群裂变,36,其他,深圳,三口之家,否
C8700,男,普通,社群裂变,41,其他,深圳,二人世界,否
C8701,女,银卡,App自然注册,43,互联网从业,广州,单身青年,否
C8702,女,银卡,微信小程序,33,互联网从业,苏州,三口之家,否
C8703,男,普通,App自然注册,31,全职主妇,西安,三口之家,否
C8704,女,普通,微信小程序,37,服务业,武汉,三口之家,否
C8705,女,金卡,App自然注册,38,全职主妇,北京,三口之家,是
C8706,男,普通,微信小程序,40,服务业,深圳,三口之家,否
C8707,女,普通,外卖平台导流,27,自由职业,北京,多口之家,否
C8708,女,普通,App自然注册,35,学生,北京,多口之家,否
C8709,男,金卡,线下扫码,34,其他,苏州,多口之家,否
C8710,女,普通,地推活动,37,其他,其他,多口之家,否
C8711,男,普通,地推活动,27,全职主妇,南京,多口之家,否
C8712,男,普通,外卖平台导流,33,自由职业,长沙,二人世界,否
C8713,男,普通,线下扫码,33,自由职业,上海,多口之家,否
C8714,男,普通,外卖平台导流,28,全职主妇,长沙,三口之家,否
C8715,男,普通,社群裂变,45,自由职业,深圳,多口之家,否
C8716,男,普通,微信小程序,30,学生,其他,二人世界,否
C8717,女,银卡,外卖平台导流,38,互联网从业,郑州,单身青年,否
C8718,女,金卡,微信小程序,48,企业职员,青岛,三口之家,是
C8719,女,银卡,App自然注册,36,企业职员,北京,单身青年,否
C8720,男,普通,社群裂变,40,全职主妇,其他,单身青年,否
C8721,男,普通,App自然注册,45,公务员,郑州,单身青年,否
C8722,男,普通,线下扫码,38,企业职员,上海,二人世界,否
C8723,男,普通,社群裂变,29,学生,上海,二人世界,否
C8724,女,普通,微信小程序,23,学生,北京,三口之家,否
C8725,男,金卡,微信小程序,39,全职主妇,深圳,二人世界,是
C8726,男,普通,微信小程序,25,企业职员,北京,三口之家,否
C8727,女,银卡,App自然注册,44,自由职业,北京,单身青年,否
C8728,女,普通,微信小程序,33,全职主妇,广州,三口之家,否
C8729,男,金卡,微信小程序,27,全职主妇,北京,多口之家,是
C8730,男,银卡,微信小程序,43,互联网从业,青岛,三口之家,否
C8731,女,普通,外卖平台导流,37,其他,武汉,三口之家,否
C8732,男,普通,线下扫码,29,学生,南京,单身青年,否
C8733,女,普通,App自然注册,43,互联网从业,上海,二人世界,否
C8734,男,普通,App自然注册,37,自由职业,上海,三口之家,否
C8735,男,普通,App自然注册,40,互联网从业,杭州,单身青年,否
C8736,男,普通,App自然注册,45,学生,北京,三口之家,否
C8737,女,普通,微信小程序,31,自由职业,广州,三口之家,否
C8738,女,黑金,地推活动,31,企业职员,上海,二人世界,是
C8739,女,银卡,App自然注册,23,公务员,郑州,银发族,否
C8740,女,普通,App自然注册,28,学生,成都,三口之家,否
C8741,女,银卡,App自然注册,28,其他,西安,单身青年,否
C8742,女,普通,社群裂变,23,服务业,北京,多口之家,否
C8743,男,普通,微信小程序,26,全职主妇,重庆,三口之家,否
C8744,男,普通,外卖平台导流,31,企业职员,北京,二人世界,否
C8745,女,银卡,外卖平台导流,33,互联网从业,其他,银发族,否
C8746,男,银卡,外卖平台导流,34,全职主妇,上海,单身青年,否
C8747,女,银卡,外卖平台导流,24,全职主妇,北京,二人世界,否
C8748,男,普通,App自然注册,29,互联网从业,重庆,单身青年,否
C8749,女,银卡,外卖平台导流,31,互联网从业,其他,三口之家,否
C8750,女,普通,微信小程序,46,互联网从业,深圳,银发族,否
C8751,男,银卡,App自然注册,33,企业职员,成都,三口之家,否
C8752,男,普通,地推活动,31,全职主妇,上海,二人世界,否
C8753,女,普通,App自然注册,27,其他,郑州,银发族,否
C8754,男,普通,外卖平台导流,35,学生,长沙,三口之家,否
C8755,女,普通,App自然注册,27,企业职员,西安,单身青年,否
C8756,女,普通,微信小程序,47,互联网从业,长沙,单身青年,否
C8757,男,银卡,App自然注册,30,公务员,郑州,三口之家,否
C8758,女,普通,线下扫码,36,企业职员,其他,三口之家,否
C8759,女,普通,外卖平台导流,34,企业职员,苏州,二人世界,否
C8760,女,普通,微信小程序,39,其他,其他,多口之家,否
C8761,女,普通,社群裂变,40,全职主妇,上海,三口之家,否
C8762,女,普通,线下扫码,28,企业职员,其他,多口之家,否
C8763,女,普通,地推活动,23,其他,西安,二人世界,否
C8764,女,金卡,线下扫码,38,其他,上海,二人世界,是
C8765,男,普通,外卖平台导流,29,互联网从业,北京,多口之家,否
C8766,男,普通,地推活动,25,其他,北京,二人世界,否
C8767,女,金卡,社群裂变,37,全职主妇,深圳,单身青年,是
C8768,女,银卡,App自然注册,26,自由职业,其他,银发族,否
C8769,男,普通,地推活动,40,企业职员,武汉,三口之家,否
C8770,男,普通,微信小程序,37,公务员,上海,单身青年,否
C8771,女,普通,App自然注册,25,自由职业,武汉,银发族,否
C8772,女,普通,微信小程序,39,其他,深圳,三口之家,否
C8773,男,金卡,微信小程序,40,公务员,广州,三口之家,是
C8774,男,普通,微信小程序,38,企业职员,成都,二人世界,否
C8775,女,普通,线下扫码,39,公务员,深圳,单身青年,否
C8776,女,黑金,App自然注册,36,学生,其他,单身青年,是
C8777,男,普通,线下扫码,29,全职主妇,广州,三口之家,否
C8778,男,普通,App自然注册,26,企业职员,郑州,银发族,否
C8779,男,银卡,线下扫码,31,企业职员,郑州,二人世界,否
C8780,男,银卡,微信小程序,47,企业职员,重庆,三口之家,否
C8781,男,普通,社群裂变,28,企业职员,广州,三口之家,否
C8782,男,银卡,线下扫码,48,公务员,北京,多口之家,否
C8783,女,金卡,微信小程序,37,企业职员,杭州,单身青年,否
C8784,女,普通,微信小程序,42,企业职员,北京,单身青年,否
C8785,女,普通,微信小程序,36,企业职员,重庆,单身青年,否
C8786,男,普通,App自然注册,40,全职主妇,青岛,银发族,否
C8787,女,普通,社群裂变,38,企业职员,苏州,银发族,否
C8788,女,普通,App自然注册,35,企业职员,深圳,单身青年,否
C8789,男,银卡,外卖平台导流,37,服务业,深圳,三口之家,否
C8790,女,普通,微信小程序,48,企业职员,广州,多口之家,否
C8791,女,普通,线下扫码,28,企业职员,杭州,银发族,否
C8792,男,普通,线下扫码,35,服务业,郑州,单身青年,否
C8793,女,银卡,App自然注册,38,企业职员,深圳,三口之家,否
C8794,女,金卡,外卖平台导流,34,企业职员,西安,二人世界,否
C8795,男,普通,App自然注册,39,全职主妇,北京,二人世界,否
C8796,男,普通,App自然注册,42,全职主妇,上海,三口之家,否
C8797,男,黑金,App自然注册,38,全职主妇,南京,单身青年,是
C8798,女,普通,微信小程序,34,自由职业,武汉,银发族,否
C8799,女,普通,线下扫码,34,互联网从业,深圳,三口之家,否
C8800,女,普通,App自然注册,33,服务业,苏州,三口之家,否
C8801,男,黑金,微信小程序,33,互联网从业,重庆,银发族,是
C8802,男,普通,外卖平台导流,35,公务员,北京,单身青年,否
C8803,男,普通,微信小程序,34,企业职员,广州,三口之家,否
C8804,男,普通,微信小程序,41,其他,长沙,二人世界,否
C8805,男,银卡,地推活动,28,服务业,重庆,三口之家,否
C8806,男,金卡,App自然注册,30,全职主妇,上海,多口之家,否
C8807,女,普通,外卖平台导流,31,学生,苏州,三口之家,否
C8808,男,银卡,地推活动,43,企业职员,杭州,单身青年,否
C8809,男,金卡,外卖平台导流,29,公务员,杭州,三口之家,是
C8810,女,普通,App自然注册,26,服务业,南京,银发族,否
C8811,女,普通,社群裂变,47,学生,成都,多口之家,否
C8812,女,普通,外卖平台导流,34,公务员,其他,单身青年,否
C8813,女,普通,外卖平台导流,39,公务员,郑州,银发族,否
C8814,女,普通,微信小程序,36,自由职业,上海,多口之家,否
C8815,女,普通,线下扫码,25,服务业,北京,二人世界,否
C8816,女,银卡,外卖平台导流,40,全职主妇,深圳,三口之家,否
C8817,男,金卡,微信小程序,29,学生,西安,三口之家,是
C8818,男,普通,外卖平台导流,40,互联网从业,上海,单身青年,否
C8819,男,普通,微信小程序,33,企业职员,北京,多口之家,否
C8820,男,普通,社群裂变,30,互联网从业,成都,单身青年,否
C8821,女,普通,线下扫码,36,公务员,成都,三口之家,否
C8822,女,普通,App自然注册,34,企业职员,深圳,三口之家,否
C8823,男,普通,微信小程序,40,学生,重庆,银发族,否
C8824,男,普通,外卖平台导流,39,服务业,成都,多口之家,否
C8825,男,普通,App自然注册,44,其他,北京,三口之家,否
C8826,女,普通,微信小程序,30,互联网从业,成都,银发族,否
C8827,女,普通,社群裂变,25,企业职员,武汉,单身青年,否
C8828,女,银卡,微信小程序,36,服务业,深圳,单身青年,否
C8829,男,银卡,微信小程序,43,企业职员,长沙,单身青年,否
C8830,男,普通,微信小程序,35,全职主妇,成都,三口之家,否
C8831,男,银卡,App自然注册,42,互联网从业,深圳,单身青年,否
C8832,女,普通,线下扫码,44,企业职员,长沙,三口之家,否
C8833,男,普通,App自然注册,35,企业职员,青岛,单身青年,否
C8834,女,普通,微信小程序,39,自由职业,上海,三口之家,否
C8835,女,金卡,微信小程序,41,企业职员,广州,二人世界,否
C8836,女,银卡,App自然注册,33,企业职员,长沙,三口之家,否
C8837,男,银卡,地推活动,22,全职主妇,深圳,三口之家,否
C8838,男,普通,线下扫码,36,企业职员,南京,三口之家,否
C8839,女,银卡,微信小程序,38,互联网从业,武汉,三口之家,否
C8840,女,普通,线下扫码,45,全职主妇,成都,银发族,否
C8841,女,银卡,App自然注册,23,其他,天津,二人世界,否
C8842,女,普通,微信小程序,28,企业职员,深圳,三口之家,否
C8843,女,银卡,地推活动,33,企业职员,成都,二人世界,否
C8844,女,银卡,微信小程序,31,公务员,深圳,三口之家,否
C8845,男,普通,外卖平台导流,39,互联网从业,深圳,多口之家,否
C8846,男,金卡,外卖平台导流,36,服务业,北京,单身青年,是
C8847,男,普通,App自然注册,28,学生,杭州,单身青年,否
C8848,男,普通,社群裂变,22,企业职员,北京,单身青年,否
C8849,男,普通,App自然注册,22,互联网从业,西安,单身青年,否
C8850,女,银卡,微信小程序,37,全职主妇,西安,三口之家,否
C8851,男,普通,社群裂变,37,公务员,北京,三口之家,否
C8852,女,普通,线下扫码,22,公务员,上海,单身青年,否
C8853,男,普通,外卖平台导流,39,全职主妇,上海,单身青年,否
C8854,女,金卡,外卖平台导流,35,其他,青岛,单身青年,否
C8855,女,普通,App自然注册,28,企业职员,天津,多口之家,否
C8856,女,普通,线下扫码,37,企业职员,武汉,三口之家,否
C8857,女,银卡,外卖平台导流,37,企业职员,深圳,二人世界,否
C8858,男,普通,微信小程序,35,全职主妇,重庆,多口之家,否
C8859,男,银卡,微信小程序,34,全职主妇,重庆,三口之家,否
C8860,男,银卡,微信小程序,43,互联网从业,上海,三口之家,否
C8861,男,普通,微信小程序,42,企业职员,其他,三口之家,否
C8862,女,金卡,线下扫码,34,自由职业,广州,银发族,否
C8863,男,金卡,微信小程序,28,全职主妇,上海,二人世界,是
C8864,男,黑金,社群裂变,39,服务业,其他,三口之家,是
C8865,女,黑金,社群裂变,45,企业职员,长沙,三口之家,是
C8866,男,普通,微信小程序,27,自由职业,上海,单身青年,否
C8867,女,普通,微信小程序,29,自由职业,深圳,二人世界,否
C8868,女,普通,社群裂变,27,服务业,北京,多口之家,否
C8869,男,普通,App自然注册,45,全职主妇,其他,二人世界,否
C8870,女,普通,线下扫码,34,企业职员,广州,三口之家,否
C8871,男,普通,App自然注册,36,企业职员,北京,多口之家,否
C8872,男,银卡,微信小程序,37,互联网从业,南京,三口之家,否
C8873,女,银卡,社群裂变,38,全职主妇,其他,二人世界,否
C8874,女,普通,App自然注册,24,公务员,天津,三口之家,否
C8875,女,普通,线下扫码,39,全职主妇,深圳,三口之家,否
C8876,女,普通,微信小程序,32,企业职员,广州,单身青年,否
C8877,男,普通,地推活动,33,其他,杭州,二人世界,否
C8878,女,普通,微信小程序,36,企业职员,重庆,三口之家,否
C8879,男,普通,App自然注册,27,全职主妇,武汉,三口之家,否
C8880,女,普通,App自然注册,45,其他,广州,单身青年,否
C8881,女,银卡,线下扫码,33,服务业,西安,三口之家,否
C8882,男,普通,线下扫码,35,企业职员,杭州,二人世界,否
C8883,女,普通,微信小程序,39,其他,武汉,二人世界,否
C8884,男,银卡,线下扫码,32,其他,武汉,单身青年,否
C8885,男,黑金,外卖平台导流,43,自由职业,杭州,多口之家,是
C8886,男,金卡,App自然注册,43,服务业,其他,二人世界,是
C8887,男,普通,线下扫码,43,互联网从业,北京,银发族,否
C8888,男,普通,微信小程序,23,其他,青岛,单身青年,否
C8889,女,金卡,外卖平台导流,34,自由职业,广州,二人世界,否
C8890,男,普通,微信小程序,34,全职主妇,郑州,三口之家,否
C8891,男,普通,地推活动,28,其他,北京,二人世界,否
C8892,女,普通,线下扫码,29,互联网从业,上海,多口之家,否
C8893,男,普通,App自然注册,47,公务员,西安,多口之家,否
C8894,女,银卡,App自然注册,39,企业职员,其他,银发族,否
C8895,女,普通,App自然注册,31,企业职员,广州,三口之家,否
C8896,男,普通,社群裂变,36,互联网从业,上海,单身青年,否
C8897,男,普通,社群裂变,28,企业职员,上海,三口之家,否
C8898,男,普通,线下扫码,40,企业职员,杭州,二人世界,否
C8899,女,银卡,线下扫码,33,企业职员,上海,三口之家,否
C8900,男,金卡,外卖平台导流,44,企业职员,北京,银发族,是
C8901,男,普通,微信小程序,34,自由职业,成都,多口之家,否
C8902,男,银卡,微信小程序,36,服务业,上海,多口之家,否
C8903,女,普通,App自然注册,36,企业职员,其他,多口之家,否
C8904,女,普通,微信小程序,44,企业职员,上海,单身青年,否
C8905,男,银卡,App自然注册,28,企业职员,武汉,单身青年,否
C8906,男,普通,社群裂变,27,学生,其他,三口之家,否
C8907,女,普通,App自然注册,41,其他,长沙,多口之家,否
C8908,男,银卡,外卖平台导流,36,其他,武汉,三口之家,否
C8909,女,黑金,微信小程序,30,公务员,重庆,二人世界,是
C8910,女,银卡,App自然注册,41,互联网从业,深圳,多口之家,否
C8911,女,普通,微信小程序,35,自由职业,重庆,多口之家,否
C8912,女,普通,微信小程序,27,服务业,上海,单身青年,否
C8913,男,普通,App自然注册,37,全职主妇,北京,三口之家,否
C8914,女,银卡,线下扫码,35,学生,上海,单身青年,否
C8915,女,普通,App自然注册,22,企业职员,杭州,三口之家,否
C8916,男,银卡,App自然注册,37,企业职员,北京,三口之家,否
C8917,男,银卡,外卖平台导流,31,互联网从业,上海,单身青年,否
C8918,女,普通,App自然注册,44,企业职员,上海,多口之家,否
C8919,男,金卡,外卖平台导流,30,全职主妇,深圳,单身青年,否
C8920,男,普通,线下扫码,32,互联网从业,上海,三口之家,否
C8921,女,普通,地推活动,34,企业职员,深圳,三口之家,否
C8922,女,普通,线下扫码,41,企业职员,北京,二人世界,否
C8923,女,银卡,App自然注册,33,自由职业,上海,三口之家,否
C8924,女,普通,地推活动,23,学生,南京,三口之家,否
C8925,女,普通,App自然注册,34,全职主妇,深圳,二人世界,否
C8926,男,普通,社群裂变,31,其他,广州,多口之家,否
C8927,女,银卡,线下扫码,31,自由职业,北京,多口之家,否
C8928,女,银卡,App自然注册,33,学生,广州,单身青年,否
C8929,男,银卡,App自然注册,27,互联网从业,苏州,单身青年,否
C8930,女,银卡,社群裂变,33,全职主妇,武汉,三口之家,否
C8931,男,普通,外卖平台导流,30,全职主妇,北京,三口之家,否
C8932,女,银卡,微信小程序,39,全职主妇,北京,三口之家,否
C8933,男,普通,社群裂变,34,全职主妇,杭州,单身青年,否
C8934,女,普通,外卖平台导流,38,全职主妇,深圳,多口之家,否
C8935,男,普通,App自然注册,30,互联网从业,深圳,多口之家,否
C8936,女,普通,微信小程序,39,互联网从业,北京,多口之家,否
C8937,男,普通,App自然注册,33,企业职员,武汉,二人世界,否
C8938,女,银卡,外卖平台导流,38,互联网从业,天津,单身青年,否
C8939,女,银卡,社群裂变,45,企业职员,上海,多口之家,否
C8940,男,普通,外卖平台导流,38,互联网从业,苏州,单身青年,否
C8941,女,银卡,App自然注册,22,公务员,其他,三口之家,否
C8942,女,普通,微信小程序,40,企业职员,北京,三口之家,否
C8943,女,普通,App自然注册,34,自由职业,长沙,单身青年,否
C8944,女,普通,地推活动,33,全职主妇,上海,三口之家,否
C8945,女,普通,App自然注册,26,全职主妇,北京,三口之家,否
C8946,女,普通,线下扫码,29,互联网从业,苏州,单身青年,否
C8947,男,普通,社群裂变,43,互联网从业,成都,三口之家,否
C8948,女,普通,微信小程序,36,自由职业,武汉,多口之家,否
C8949,男,银卡,微信小程序,41,互联网从业,西安,单身青年,否
C8950,女,普通,App自然注册,25,互联网从业,上海,单身青年,否
C8951,女,普通,App自然注册,29,自由职业,青岛,多口之家,否
C8952,女,银卡,微信小程序,28,企业职员,北京,单身青年,否
C8953,男,普通,App自然注册,25,学生,苏州,二人世界,否
C8954,女,金卡,App自然注册,33,互联网从业,上海,二人世界,是
C8955,男,普通,微信小程序,34,公务员,北京,单身青年,否
C8956,女,普通,线下扫码,28,服务业,其他,单身青年,否
C8957,男,银卡,外卖平台导流,32,企业职员,武汉,三口之家,否
C8958,女,金卡,App自然注册,34,企业职员,杭州,三口之家,是
C8959,女,普通,外卖平台导流,33,互联网从业,其他,单身青年,否
C8960,男,普通,社群裂变,36,企业职员,深圳,二人世界,否
C8961,女,银卡,微信小程序,27,公务员,青岛,二人世界,否
C8962,男,普通,App自然注册,26,学生,青岛,单身青年,否
C8963,女,普通,App自然注册,35,公务员,其他,单身青年,否
C8964,女,普通,微信小程序,32,企业职员,长沙,银发族,否
C8965,女,银卡,App自然注册,23,服务业,长沙,三口之家,否
C8966,女,普通,线下扫码,35,公务员,其他,三口之家,否
C8967,男,普通,外卖平台导流,32,互联网从业,北京,二人世界,否
C8968,男,普通,微信小程序,30,服务业,其他,三口之家,否
C8969,男,普通,App自然注册,45,企业职员,广州,三口之家,否
C8970,女,普通,微信小程序,26,其他,上海,三口之家,否
C8971,男,普通,微信小程序,47,服务业,北京,多口之家,否
C8972,男,普通,App自然注册,36,其他,郑州,三口之家,否
C8973,男,普通,App自然注册,25,企业职员,北京,银发族,否
C8974,男,普通,微信小程序,24,企业职员,广州,三口之家,否
C8975,男,普通,社群裂变,38,互联网从业,重庆,单身青年,否
C8976,女,普通,App自然注册,36,互联网从业,青岛,二人世界,否
C8977,女,普通,微信小程序,40,互联网从业,北京,二人世界,否
C8978,男,普通,社群裂变,25,学生,郑州,多口之家,否
C8979,女,普通,社群裂变,31,企业职员,广州,三口之家,否
C8980,男,普通,微信小程序,39,企业职员,长沙,银发族,否
C8981,男,普通,线下扫码,36,全职主妇,苏州,三口之家,否
C8982,女,银卡,线下扫码,29,企业职员,深圳,三口之家,否
C8983,男,黑金,社群裂变,22,自由职业,重庆,三口之家,是
C8984,女,银卡,地推活动,37,全职主妇,其他,三口之家,否
C8985,女,普通,微信小程序,37,企业职员,上海,二人世界,否
C8986,男,普通,外卖平台导流,41,全职主妇,杭州,三口之家,否
C8987,男,银卡,线下扫码,22,互联网从业,成都,二人世界,否
C8988,女,普通,地推活动,30,企业职员,杭州,三口之家,否
C8989,男,普通,线下扫码,41,服务业,成都,二人世界,否
C8990,男,银卡,社群裂变,48,企业职员,其他,银发族,否
C8991,女,普通,线下扫码,38,学生,武汉,单身青年,否
C8992,女,普通,外卖平台导流,33,自由职业,苏州,银发族,否
C8993,男,普通,外卖平台导流,47,企业职员,南京,多口之家,否
C8994,女,普通,外卖平台导流,38,全职主妇,天津,三口之家,否
C8995,男,普通,微信小程序,47,互联网从业,深圳,单身青年,否
C8996,男,普通,App自然注册,40,企业职员,长沙,单身青年,否
C8997,女,普通,线下扫码,41,其他,上海,多口之家,否
C8998,女,普通,App自然注册,34,互联网从业,上海,三口之家,否
C8999,男,普通,微信小程序,31,企业职员,广州,三口之家,否
C9000,女,普通,线下扫码,25,全职主妇,苏州,单身青年,否
C9001,男,普通,App自然注册,30,服务业,广州,三口之家,否
C9002,女,普通,App自然注册,25,服务业,北京,二人世界,否
C9003,男,普通,线下扫码,29,自由职业,西安,单身青年,否
C9004,女,黑金,App自然注册,48,企业职员,重庆,三口之家,是
C9005,男,银卡,外卖平台导流,34,企业职员,成都,单身青年,否
C9006,男,普通,微信小程序,31,互联网从业,西安,三口之家,否
C9007,男,普通,微信小程序,47,企业职员,北京,二人世界,否
C9008,女,普通,地推活动,31,企业职员,长沙,多口之家,否
C9009,男,银卡,微信小程序,31,其他,北京,三口之家,否
C9010,女,银卡,App自然注册,43,全职主妇,广州,银发族,否
C9011,女,普通,微信小程序,44,学生,成都,三口之家,否
C9012,女,普通,线下扫码,22,互联网从业,长沙,二人世界,否
C9013,女,金卡,地推活动,41,公务员,北京,银发族,是
C9014,女,普通,线下扫码,28,互联网从业,西安,多口之家,否
C9015,女,普通,外卖平台导流,46,其他,天津,三口之家,否
C9016,男,普通,App自然注册,33,企业职员,天津,多口之家,否
C9017,男,普通,微信小程序,45,互联网从业,武汉,单身青年,否
C9018,女,普通,线下扫码,28,企业职员,其他,单身青年,否
C9019,男,银卡,外卖平台导流,47,企业职员,杭州,二人世界,否
C9020,男,普通,App自然注册,44,公务员,苏州,单身青年,否
C9021,男,普通,外卖平台导流,37,其他,郑州,单身青年,否
C9022,男,普通,微信小程序,43,互联网从业,广州,二人世界,否
C9023,男,普通,社群裂变,35,企业职员,南京,多口之家,否
C9024,男,普通,App自然注册,23,自由职业,广州,单身青年,否
C9025,女,普通,线下扫码,34,公务员,广州,单身青年,否
C9026,男,普通,微信小程序,30,公务员,北京,三口之家,否
C9027,男,普通,微信小程序,32,企业职员,北京,三口之家,否
C9028,男,普通,社群裂变,33,企业职员,上海,二人世界,否
C9029,男,金卡,微信小程序,31,其他,重庆,三口之家,是
C9030,男,金卡,App自然注册,30,互联网从业,南京,银发族,是
C9031,男,普通,线下扫码,39,企业职员,成都,多口之家,否
C9032,女,银卡,App自然注册,26,企业职员,成都,二人世界,否
C9033,女,普通,社群裂变,27,互联网从业,长沙,单身青年,否
C9034,女,普通,社群裂变,41,自由职业,成都,单身青年,否
C9035,女,普通,线下扫码,34,企业职员,武汉,单身青年,否
C9036,男,普通,线下扫码,34,服务业,北京,多口之家,否
C9037,男,金卡,线下扫码,39,自由职业,西安,三口之家,否
C9038,男,普通,外卖平台导流,29,全职主妇,深圳,三口之家,否
C9039,男,银卡,微信小程序,35,企业职员,西安,三口之家,否
C9040,男,普通,线下扫码,40,企业职员,杭州,银发族,否
C9041,女,银卡,微信小程序,36,企业职员,广州,三口之家,否
C9042,男,银卡,社群裂变,41,全职主妇,苏州,二人世界,否
C9043,男,普通,外卖平台导流,31,互联网从业,武汉,多口之家,否
C9044,男,普通,外卖平台导流,32,互联网从业,长沙,单身青年,否
C9045,女,普通,微信小程序,30,自由职业,深圳,单身青年,否
C9046,女,银卡,App自然注册,32,其他,广州,单身青年,否
C9047,女,普通,外卖平台导流,42,互联网从业,其他,二人世界,否
C9048,女,普通,App自然注册,42,公务员,上海,三口之家,否
C9049,女,普通,线下扫码,28,服务业,上海,单身青年,否
C9050,男,普通,线下扫码,31,全职主妇,其他,二人世界,否
C9051,男,银卡,社群裂变,38,学生,西安,二人世界,否
C9052,男,普通,线下扫码,27,自由职业,重庆,单身青年,否
C9053,男,普通,App自然注册,46,学生,苏州,多口之家,否
C9054,女,普通,社群裂变,48,自由职业,天津,二人世界,否
C9055,男,普通,微信小程序,45,其他,其他,二人世界,否
C9056,男,银卡,微信小程序,29,全职主妇,上海,单身青年,否
C9057,女,普通,线下扫码,23,企业职员,南京,多口之家,否
C9058,男,黑金,微信小程序,34,全职主妇,武汉,二人世界,是
C9059,男,普通,App自然注册,26,全职主妇,杭州,二人世界,否
C9060,女,金卡,外卖平台导流,41,企业职员,南京,银发族,否
C9061,女,金卡,地推活动,27,企业职员,成都,三口之家,否
C9062,女,普通,社群裂变,25,服务业,广州,三口之家,否
C9063,女,普通,线下扫码,33,企业职员,杭州,银发族,否
C9064,男,普通,App自然注册,43,学生,深圳,单身青年,否
C9065,女,普通,社群裂变,36,全职主妇,西安,多口之家,否
C9066,女,普通,微信小程序,38,自由职业,青岛,单身青年,否
C9067,女,普通,微信小程序,43,其他,北京,单身青年,否
C9068,女,普通,App自然注册,34,企业职员,青岛,单身青年,否
C9069,女,银卡,微信小程序,31,互联网从业,成都,单身青年,否
C9070,男,银卡,微信小程序,31,服务业,上海,单身青年,否
C9071,男,普通,微信小程序,36,其他,深圳,单身青年,否
C9072,女,银卡,App自然注册,45,自由职业,北京,单身青年,否
C9073,男,普通,App自然注册,29,服务业,其他,二人世界,否
C9074,女,金卡,App自然注册,29,企业职员,上海,三口之家,否
C9075,女,普通,微信小程序,27,服务业,天津,三口之家,否
C9076,女,银卡,微信小程序,36,服务业,青岛,单身青年,否
C9077,男,普通,App自然注册,30,企业职员,北京,二人世界,否
C9078,男,普通,微信小程序,24,互联网从业,深圳,多口之家,否
C9079,女,普通,App自然注册,35,全职主妇,北京,单身青年,否
C9080,男,普通,App自然注册,33,全职主妇,成都,银发族,否
C9081,女,普通,外卖平台导流,39,自由职业,成都,三口之家,否
C9082,女,普通,微信小程序,22,企业职员,上海,单身青年,否
C9083,女,普通,微信小程序,33,企业职员,武汉,单身青年,否
C9084,女,银卡,微信小程序,40,企业职员,北京,多口之家,否
C9085,男,普通,App自然注册,44,学生,郑州,三口之家,否
C9086,女,普通,线下扫码,35,其他,重庆,单身青年,否
C9087,女,银卡,微信小程序,44,互联网从业,武汉,三口之家,否
C9088,女,银卡,社群裂变,23,服务业,北京,单身青年,否
C9089,女,普通,社群裂变,27,全职主妇,成都,单身青年,否
C9090,女,普通,线下扫码,34,全职主妇,武汉,银发族,否
C9091,男,普通,地推活动,41,其他,天津,多口之家,否
C9092,女,银卡,线下扫码,46,互联网从业,其他,三口之家,否
C9093,女,普通,微信小程序,31,企业职员,其他,多口之家,否
C9094,女,金卡,社群裂变,34,其他,郑州,单身青年,是
C9095,男,普通,App自然注册,33,全职主妇,长沙,二人世界,否
C9096,男,普通,微信小程序,37,学生,深圳,单身青年,否
C9097,女,普通,App自然注册,41,自由职业,深圳,二人世界,否
C9098,女,普通,微信小程序,29,学生,上海,三口之家,否
C9099,女,普通,微信小程序,40,公务员,北京,银发族,否
C9100,男,银卡,社群裂变,36,其他,重庆,单身青年,否
C9101,男,普通,微信小程序,24,互联网从业,广州,多口之家,否
C9102,女,普通,社群裂变,47,企业职员,广州,单身青年,否
C9103,女,普通,外卖平台导流,48,全职主妇,长沙,多口之家,否
C9104,女,银卡,社群裂变,39,企业职员,苏州,三口之家,否
C9105,女,普通,App自然注册,44,企业职员,广州,银发族,否
C9106,男,普通,地推活动,36,互联网从业,天津,三口之家,否
C9107,女,普通,微信小程序,39,企业职员,长沙,单身青年,否
C9108,女,普通,App自然注册,37,企业职员,深圳,单身青年,否
C9109,女,普通,线下扫码,41,全职主妇,南京,二人世界,否
C9110,男,普通,App自然注册,42,企业职员,广州,三口之家,否
C9111,女,金卡,线下扫码,31,企业职员,天津,单身青年,是
C9112,女,普通,App自然注册,30,自由职业,其他,三口之家,否
C9113,男,银卡,外卖平台导流,37,企业职员,北京,三口之家,否
C9114,男,普通,社群裂变,46,其他,苏州,三口之家,否
C9115,女,银卡,外卖平台导流,27,学生,成都,单身青年,否
C9116,男,普通,微信小程序,31,企业职员,重庆,二人世界,否
C9117,女,普通,微信小程序,26,全职主妇,西安,多口之家,否
C9118,女,普通,微信小程序,43,互联网从业,广州,单身青年,否
C9119,女,普通,线下扫码,32,服务业,北京,单身青年,否
C9120,男,普通,外卖平台导流,31,互联网从业,上海,单身青年,否
C9121,女,普通,线下扫码,33,服务业,深圳,三口之家,否
C9122,女,普通,App自然注册,38,全职主妇,杭州,银发族,否
C9123,女,普通,App自然注册,35,全职主妇,郑州,二人世界,否
C9124,男,普通,外卖平台导流,34,服务业,郑州,二人世界,否
C9125,女,金卡,App自然注册,29,企业职员,成都,三口之家,否
C9126,男,普通,社群裂变,27,互联网从业,其他,三口之家,否
C9127,女,银卡,线下扫码,26,企业职员,深圳,二人世界,否
C9128,男,普通,App自然注册,22,全职主妇,杭州,单身青年,否
C9129,女,普通,微信小程序,40,公务员,其他,单身青年,否
C9130,女,普通,App自然注册,38,互联网从业,天津,三口之家,否
C9131,男,普通,线下扫码,34,其他,西安,三口之家,否
C9132,女,普通,线下扫码,41,企业职员,广州,多口之家,否
C9133,男,普通,线下扫码,38,服务业,杭州,三口之家,否
C9134,女,普通,App自然注册,37,公务员,深圳,二人世界,否
C9135,女,普通,线下扫码,31,学生,天津,三口之家,否
C9136,女,普通,微信小程序,22,公务员,南京,二人世界,否
C9137,男,银卡,线下扫码,28,其他,其他,单身青年,否
C9138,男,普通,外卖平台导流,33,企业职员,天津,单身青年,否
C9139,男,普通,线下扫码,42,企业职员,深圳,银发族,否
C9140,男,普通,微信小程序,29,企业职员,苏州,三口之家,否
C9141,男,普通,微信小程序,34,企业职员,广州,单身青年,否
C9142,男,普通,微信小程序,26,学生,苏州,三口之家,否
C9143,男,金卡,微信小程序,27,互联网从业,武汉,二人世界,是
C9144,男,银卡,线下扫码,27,全职主妇,重庆,单身青年,否
C9145,女,银卡,App自然注册,32,公务员,苏州,多口之家,否
C9146,女,普通,地推活动,31,服务业,北京,多口之家,否
C9147,男,普通,App自然注册,34,企业职员,其他,银发族,否
C9148,男,银卡,App自然注册,22,互联网从业,苏州,二人世界,否
C9149,女,普通,微信小程序,31,企业职员,成都,三口之家,否
C9150,男,银卡,社群裂变,29,公务员,重庆,多口之家,否
C9151,女,普通,微信小程序,29,公务员,其他,单身青年,否
C9152,女,银卡,微信小程序,37,互联网从业,广州,单身青年,否
C9153,女,普通,App自然注册,34,其他,武汉,单身青年,否
C9154,男,普通,App自然注册,24,企业职员,上海,多口之家,否
C9155,女,银卡,社群裂变,29,公务员,苏州,多口之家,否
C9156,女,普通,外卖平台导流,39,全职主妇,深圳,三口之家,否
C9157,女,普通,社群裂变,47,自由职业,深圳,单身青年,否
C9158,男,银卡,微信小程序,22,自由职业,长沙,三口之家,否
C9159,女,普通,App自然注册,41,互联网从业,长沙,三口之家,否
C9160,女,普通,线下扫码,24,其他,上海,二人世界,否
C9161,男,银卡,外卖平台导流,34,服务业,天津,单身青年,否
C9162,男,普通,微信小程序,44,全职主妇,上海,单身青年,否
C9163,女,普通,社群裂变,39,服务业,上海,单身青年,否
C9164,女,普通,社群裂变,32,全职主妇,深圳,单身青年,否
C9165,女,银卡,微信小程序,39,互联网从业,南京,二人世界,否
C9166,女,金卡,社群裂变,35,企业职员,西安,多口之家,是
C9167,男,普通,线下扫码,33,企业职员,重庆,单身青年,否
C9168,女,普通,外卖平台导流,29,自由职业,上海,多口之家,否
C9169,女,普通,微信小程序,35,自由职业,西安,单身青年,否
C9170,女,银卡,微信小程序,38,全职主妇,成都,单身青年,否
C9171,女,普通,微信小程序,35,学生,武汉,银发族,否
C9172,女,金卡,外卖平台导流,28,企业职员,广州,三口之家,是
C9173,女,普通,地推活动,43,互联网从业,成都,单身青年,否
C9174,男,普通,线下扫码,42,自由职业,其他,银发族,否
C9175,女,普通,App自然注册,23,学生,上海,二人世界,否
C9176,男,普通,App自然注册,41,公务员,深圳,单身青年,否
C9177,男,普通,线下扫码,44,互联网从业,南京,多口之家,否
C9178,男,普通,外卖平台导流,38,全职主妇,杭州,三口之家,否
C9179,女,普通,App自然注册,36,公务员,上海,二人世界,否
C9180,男,普通,微信小程序,32,学生,南京,三口之家,否
C9181,女,银卡,地推活动,41,企业职员,西安,三口之家,否
C9182,男,普通,外卖平台导流,41,企业职员,西安,三口之家,否
C9183,男,普通,微信小程序,38,自由职业,成都,二人世界,否
C9184,女,银卡,App自然注册,28,全职主妇,重庆,单身青年,否
C9185,女,普通,线下扫码,38,其他,苏州,单身青年,否
C9186,女,普通,线下扫码,29,自由职业,广州,单身青年,否
C9187,女,普通,线下扫码,39,企业职员,杭州,多口之家,否
C9188,女,普通,外卖平台导流,37,公务员,杭州,二人世界,否
C9189,女,普通,线下扫码,26,其他,长沙,二人世界,否
C9190,男,普通,微信小程序,26,互联网从业,广州,三口之家,否
C9191,男,金卡,微信小程序,31,公务员,重庆,单身青年,是
C9192,女,普通,App自然注册,36,企业职员,北京,多口之家,否
C9193,男,普通,App自然注册,32,互联网从业,成都,三口之家,否
C9194,女,银卡,线下扫码,37,服务业,其他,银发族,否
C9195,女,普通,地推活动,36,公务员,杭州,多口之家,否
C9196,女,金卡,App自然注册,37,服务业,重庆,单身青年,是
C9197,男,普通,App自然注册,39,企业职员,广州,单身青年,否
C9198,男,黑金,微信小程序,48,企业职员,成都,单身青年,是
C9199,女,普通,App自然注册,23,全职主妇,杭州,三口之家,否
C9200,女,普通,外卖平台导流,38,企业职员,天津,单身青年,否
C9201,女,金卡,App自然注册,36,公务员,北京,单身青年,否
C9202,男,普通,微信小程序,35,全职主妇,郑州,二人世界,否
C9203,男,金卡,App自然注册,35,全职主妇,南京,三口之家,是
C9204,男,普通,App自然注册,36,互联网从业,长沙,三口之家,否
C9205,女,银卡,App自然注册,43,服务业,天津,银发族,否
C9206,男,普通,社群裂变,39,企业职员,广州,三口之家,否
C9207,男,银卡,外卖平台导流,30,企业职员,广州,多口之家,否
C9208,男,银卡,外卖平台导流,37,互联网从业,杭州,三口之家,否
C9209,女,普通,微信小程序,32,服务业,北京,多口之家,否
C9210,女,普通,外卖平台导流,39,自由职业,其他,多口之家,否
C9211,女,银卡,App自然注册,38,互联网从业,成都,多口之家,否
C9212,女,普通,微信小程序,36,服务业,深圳,二人世界,否
C9213,女,银卡,线下扫码,32,全职主妇,北京,三口之家,否
C9214,男,银卡,社群裂变,32,企业职员,上海,银发族,否
C9215,女,普通,App自然注册,42,企业职员,苏州,银发族,否
C9216,男,普通,App自然注册,28,企业职员,上海,二人世界,否
C9217,男,银卡,线下扫码,25,企业职员,上海,三口之家,否
C9218,女,普通,线下扫码,36,全职主妇,北京,二人世界,否
C9219,男,普通,微信小程序,47,其他,上海,三口之家,否
C9220,男,银卡,地推活动,22,企业职员,西安,二人世界,否
C9221,女,普通,外卖平台导流,33,企业职员,深圳,三口之家,否
C9222,男,普通,App自然注册,32,学生,长沙,三口之家,否
C9223,男,银卡,微信小程序,38,企业职员,武汉,二人世界,否
C9224,男,普通,外卖平台导流,40,服务业,上海,三口之家,否
C9225,女,普通,地推活动,24,学生,成都,三口之家,否
C9226,女,普通,微信小程序,43,互联网从业,郑州,二人世界,否
C9227,女,银卡,App自然注册,30,学生,广州,单身青年,否
C9228,男,金卡,地推活动,38,服务业,上海,多口之家,是
C9229,女,普通,社群裂变,32,学生,上海,二人世界,否
C9230,女,银卡,App自然注册,31,自由职业,广州,银发族,否
C9231,女,银卡,微信小程序,45,互联网从业,天津,单身青年,否
C9232,男,金卡,App自然注册,32,互联网从业,深圳,三口之家,否
C9233,男,普通,微信小程序,36,全职主妇,长沙,二人世界,否
C9234,男,普通,地推活动,33,互联网从业,北京,三口之家,否
C9235,女,普通,微信小程序,44,自由职业,广州,单身青年,否
C9236,男,普通,外卖平台导流,24,自由职业,北京,三口之家,否
C9237,女,金卡,微信小程序,39,服务业,武汉,三口之家,是
C9238,女,金卡,社群裂变,42,互联网从业,青岛,银发族,是
C9239,男,金卡,社群裂变,30,全职主妇,深圳,银发族,是
C9240,男,普通,微信小程序,33,其他,苏州,三口之家,否
C9241,男,普通,微信小程序,41,自由职业,北京,二人世界,否
C9242,女,普通,App自然注册,37,企业职员,武汉,单身青年,否
C9243,女,普通,外卖平台导流,47,全职主妇,天津,单身青年,否
C9244,女,普通,外卖平台导流,41,互联网从业,深圳,三口之家,否
C9245,女,金卡,App自然注册,31,自由职业,深圳,三口之家,是
C9246,男,银卡,社群裂变,30,其他,郑州,单身青年,否
C9247,女,普通,App自然注册,37,全职主妇,广州,三口之家,否
C9248,女,普通,微信小程序,35,互联网从业,深圳,多口之家,否
C9249,女,银卡,外卖平台导流,33,企业职员,广州,二人世界,否
C9250,男,普通,微信小程序,35,自由职业,杭州,三口之家,否
C9251,女,普通,社群裂变,32,其他,北京,多口之家,否
C9252,男,普通,App自然注册,48,企业职员,北京,多口之家,否
C9253,男,银卡,社群裂变,29,企业职员,长沙,二人世界,否
C9254,女,金卡,微信小程序,39,学生,成都,三口之家,是
C9255,男,普通,微信小程序,41,学生,广州,二人世界,否
C9256,女,普通,App自然注册,31,企业职员,广州,三口之家,否
C9257,女,金卡,App自然注册,40,服务业,广州,二人世界,否
C9258,男,银卡,微信小程序,31,服务业,苏州,三口之家,否
C9259,男,金卡,微信小程序,42,全职主妇,南京,单身青年,否
C9260,男,普通,App自然注册,33,企业职员,郑州,多口之家,否
C9261,男,银卡,微信小程序,29,自由职业,重庆,单身青年,否
C9262,女,普通,线下扫码,39,企业职员,上海,三口之家,否
C9263,女,普通,社群裂变,24,全职主妇,北京,二人世界,否
C9264,女,普通,微信小程序,35,企业职员,上海,单身青年,否
C9265,女,普通,线下扫码,34,互联网从业,其他,单身青年,否
C9266,男,普通,微信小程序,38,自由职业,成都,二人世界,否
C9267,女,普通,社群裂变,39,企业职员,上海,多口之家,否
C9268,女,银卡,App自然注册,46,全职主妇,上海,二人世界,否
C9269,女,普通,线下扫码,34,互联网从业,天津,单身青年,否
C9270,女,普通,App自然注册,25,企业职员,北京,多口之家,否
C9271,女,普通,App自然注册,37,互联网从业,其他,单身青年,否
C9272,女,黑金,线下扫码,34,学生,深圳,银发族,是
C9273,女,普通,线下扫码,22,企业职员,北京,单身青年,否
C9274,男,普通,线下扫码,34,互联网从业,杭州,多口之家,否
C9275,女,普通,微信小程序,25,自由职业,广州,单身青年,否
C9276,女,银卡,微信小程序,30,其他,广州,单身青年,否
C9277,女,普通,App自然注册,31,自由职业,其他,银发族,否
C9278,女,普通,App自然注册,35,互联网从业,北京,三口之家,否
C9279,女,金卡,微信小程序,31,自由职业,其他,多口之家,是
C9280,男,普通,App自然注册,39,企业职员,北京,三口之家,否
C9281,男,普通,App自然注册,30,企业职员,重庆,三口之家,否
C9282,女,黑金,App自然注册,39,互联网从业,上海,三口之家,是
C9283,男,普通,线下扫码,35,互联网从业,北京,单身青年,否
C9284,女,银卡,App自然注册,39,服务业,西安,多口之家,否
C9285,女,银卡,线下扫码,28,服务业,杭州,银发族,否
C9286,男,普通,线下扫码,38,企业职员,上海,单身青年,否
C9287,女,普通,App自然注册,36,互联网从业,其他,多口之家,否
C9288,女,银卡,App自然注册,32,互联网从业,杭州,三口之家,否
C9289,女,普通,社群裂变,48,企业职员,武汉,单身青年,否
C9290,男,金卡,线下扫码,32,公务员,西安,三口之家,否
C9291,男,银卡,社群裂变,35,其他,上海,银发族,否
C9292,女,普通,微信小程序,30,企业职员,其他,多口之家,否
C9293,女,银卡,外卖平台导流,40,公务员,杭州,多口之家,否
C9294,女,普通,微信小程序,40,自由职业,长沙,单身青年,否
C9295,女,普通,外卖平台导流,32,公务员,杭州,三口之家,否
C9296,男,普通,App自然注册,31,互联网从业,郑州,银发族,否
C9297,男,普通,线下扫码,37,服务业,深圳,二人世界,否
C9298,男,普通,社群裂变,38,其他,郑州,多口之家,否
C9299,男,普通,地推活动,36,其他,北京,单身青年,否
C9300,女,普通,线下扫码,48,全职主妇,上海,三口之家,否
C9301,女,普通,App自然注册,27,服务业,深圳,二人世界,否
C9302,男,金卡,外卖平台导流,26,服务业,广州,多口之家,否
C9303,男,银卡,线下扫码,30,全职主妇,青岛,二人世界,否
C9304,男,普通,微信小程序,48,企业职员,武汉,三口之家,否
C9305,女,普通,线下扫码,38,公务员,重庆,单身青年,否
C9306,女,银卡,线下扫码,36,服务业,苏州,三口之家,否
C9307,男,银卡,线下扫码,40,公务员,上海,二人世界,否
C9308,女,普通,微信小程序,28,自由职业,武汉,多口之家,否
C9309,女,普通,App自然注册,32,全职主妇,南京,单身青年,否
C9310,女,普通,线下扫码,46,企业职员,广州,多口之家,否
C9311,男,普通,微信小程序,38,全职主妇,重庆,多口之家,否
C9312,女,普通,App自然注册,35,服务业,长沙,三口之家,否
C9313,男,金卡,微信小程序,30,企业职员,苏州,三口之家,否
C9314,男,普通,App自然注册,31,学生,其他,多口之家,否
C9315,女,金卡,社群裂变,29,全职主妇,苏州,三口之家,是
C9316,男,银卡,微信小程序,37,服务业,杭州,银发族,否
C9317,女,普通,社群裂变,37,企业职员,上海,多口之家,否
C9318,男,普通,App自然注册,30,互联网从业,天津,多口之家,否
C9319,女,银卡,微信小程序,40,其他,北京,三口之家,否
C9320,女,普通,社群裂变,28,企业职员,重庆,单身青年,否
C9321,女,普通,App自然注册,23,企业职员,上海,三口之家,否
C9322,女,普通,线下扫码,40,全职主妇,其他,单身青年,否
C9323,女,普通,线下扫码,41,全职主妇,北京,二人世界,否
C9324,男,黑金,外卖平台导流,38,互联网从业,广州,单身青年,是
C9325,男,普通,线下扫码,25,企业职员,苏州,单身青年,否
C9326,女,普通,线下扫码,33,全职主妇,深圳,银发族,否
C9327,女,普通,外卖平台导流,43,企业职员,上海,三口之家,否
C9328,女,普通,外卖平台导流,43,自由职业,上海,三口之家,否
C9329,男,普通,外卖平台导流,35,自由职业,其他,银发族,否
C9330,女,普通,线下扫码,32,自由职业,武汉,二人世界,否
C9331,男,银卡,外卖平台导流,40,企业职员,杭州,三口之家,否
C9332,女,金卡,微信小程序,35,自由职业,重庆,单身青年,否
C9333,男,普通,微信小程序,32,企业职员,郑州,银发族,否
C9334,女,普通,线下扫码,38,服务业,上海,二人世界,否
C9335,男,银卡,线下扫码,39,公务员,杭州,二人世界,否
C9336,男,普通,微信小程序,46,企业职员,北京,单身青年,否
C9337,男,普通,社群裂变,39,企业职员,上海,多口之家,否
C9338,女,普通,线下扫码,42,服务业,天津,二人世界,否
C9339,女,普通,外卖平台导流,35,全职主妇,长沙,多口之家,否
C9340,男,普通,微信小程序,39,学生,上海,单身青年,否
C9341,男,普通,线下扫码,47,学生,上海,三口之家,否
C9342,女,银卡,App自然注册,39,互联网从业,北京,二人世界,否
C9343,女,银卡,线下扫码,26,全职主妇,重庆,单身青年,否
C9344,男,金卡,社群裂变,25,全职主妇,郑州,二人世界,是
C9345,男,普通,微信小程序,32,学生,广州,银发族,否
C9346,男,普通,App自然注册,32,互联网从业,长沙,单身青年,否
C9347,女,银卡,线下扫码,26,自由职业,西安,单身青年,否
C9348,女,普通,微信小程序,28,其他,成都,三口之家,否
C9349,女,普通,外卖平台导流,32,企业职员,郑州,三口之家,否
C9350,女,普通,App自然注册,23,互联网从业,成都,三口之家,否
C9351,男,普通,微信小程序,25,企业职员,武汉,三口之家,否
C9352,女,普通,微信小程序,41,全职主妇,深圳,多口之家,否
C9353,男,普通,线下扫码,29,公务员,上海,单身青年,否
C9354,男,普通,微信小程序,46,服务业,深圳,三口之家,否
C9355,女,普通,线下扫码,37,互联网从业,北京,单身青年,否
C9356,男,普通,社群裂变,22,企业职员,重庆,三口之家,否
C9357,女,金卡,微信小程序,36,公务员,上海,多口之家,是
C9358,女,普通,App自然注册,48,互联网从业,杭州,多口之家,否
C9359,女,金卡,App自然注册,22,公务员,上海,二人世界,是
C9360,女,普通,社群裂变,43,互联网从业,上海,二人世界,否
C9361,女,普通,社群裂变,48,其他,深圳,单身青年,否
C9362,女,银卡,微信小程序,29,服务业,重庆,二人世界,否
C9363,男,普通,外卖平台导流,39,互联网从业,成都,多口之家,否
C9364,男,银卡,线下扫码,25,互联网从业,天津,三口之家,否
C9365,女,普通,线下扫码,26,企业职员,北京,单身青年,否
C9366,女,黑金,微信小程序,39,全职主妇,南京,单身青年,是
C9367,女,黑金,微信小程序,42,企业职员,西安,三口之家,是
C9368,女,普通,线下扫码,35,互联网从业,西安,三口之家,否
C9369,男,银卡,微信小程序,22,自由职业,北京,三口之家,否
C9370,男,金卡,线下扫码,42,企业职员,南京,银发族,否
C9371,男,普通,微信小程序,33,公务员,天津,三口之家,否
C9372,男,普通,微信小程序,30,服务业,武汉,三口之家,否
C9373,女,银卡,外卖平台导流,32,企业职员,杭州,多口之家,否
C9374,男,普通,微信小程序,22,企业职员,北京,三口之家,否
C9375,女,普通,外卖平台导流,44,企业职员,南京,三口之家,否
C9376,男,普通,地推活动,32,企业职员,杭州,三口之家,否
C9377,女,普通,微信小程序,29,互联网从业,深圳,多口之家,否
C9378,男,普通,线下扫码,31,公务员,北京,三口之家,否
C9379,男,普通,地推活动,41,企业职员,广州,二人世界,否
C9380,男,银卡,社群裂变,35,公务员,北京,三口之家,否
C9381,女,普通,社群裂变,38,自由职业,南京,二人世界,否
C9382,女,普通,App自然注册,34,企业职员,北京,单身青年,否
C9383,男,金卡,App自然注册,38,自由职业,其他,二人世界,是
C9384,男,普通,线下扫码,33,服务业,深圳,二人世界,否
C9385,女,普通,App自然注册,33,服务业,上海,三口之家,否
C9386,男,普通,地推活动,40,全职主妇,苏州,银发族,否
C9387,男,普通,微信小程序,36,企业职员,广州,二人世界,否
C9388,女,普通,线下扫码,35,其他,重庆,银发族,否
C9389,女,普通,微信小程序,34,学生,深圳,二人世界,否
C9390,女,普通,线下扫码,42,企业职员,郑州,三口之家,否
C9391,女,普通,App自然注册,43,其他,重庆,单身青年,否
C9392,女,黑金,App自然注册,37,企业职员,苏州,单身青年,是
C9393,女,普通,社群裂变,38,全职主妇,广州,三口之家,否
C9394,女,普通,App自然注册,29,服务业,深圳,二人世界,否
C9395,男,银卡,App自然注册,35,公务员,北京,二人世界,否
C9396,女,银卡,线下扫码,24,学生,深圳,二人世界,否
C9397,女,普通,线下扫码,37,其他,天津,三口之家,否
C9398,女,普通,线下扫码,37,全职主妇,深圳,单身青年,否
C9399,女,普通,App自然注册,23,服务业,成都,单身青年,否
C9400,女,普通,微信小程序,48,全职主妇,成都,三口之家,否
C9401,女,金卡,微信小程序,34,企业职员,西安,多口之家,是
C9402,女,普通,地推活动,32,学生,南京,三口之家,否
C9403,女,普通,微信小程序,34,企业职员,北京,三口之家,否
C9404,男,普通,地推活动,44,全职主妇,北京,单身青年,否
C9405,男,普通,社群裂变,28,企业职员,苏州,银发族,否
C9406,女,普通,外卖平台导流,38,自由职业,上海,单身青年,否
C9407,男,普通,微信小程序,25,全职主妇,南京,银发族,否
C9408,女,普通,微信小程序,42,企业职员,重庆,单身青年,否
C9409,女,普通,微信小程序,40,学生,其他,三口之家,否
C9410,男,普通,微信小程序,24,企业职员,西安,多口之家,否
C9411,男,普通,线下扫码,39,公务员,广州,单身青年,否
C9412,男,银卡,App自然注册,37,服务业,上海,单身青年,否
C9413,女,普通,微信小程序,25,互联网从业,苏州,单身青年,否
C9414,女,普通,App自然注册,30,互联网从业,南京,三口之家,否
C9415,男,银卡,App自然注册,45,企业职员,深圳,单身青年,否
C9416,男,银卡,App自然注册,34,服务业,上海,多口之家,否
C9417,女,银卡,社群裂变,22,互联网从业,西安,银发族,否
C9418,男,金卡,微信小程序,42,企业职员,杭州,二人世界,是
C9419,女,普通,App自然注册,37,互联网从业,南京,二人世界,否
C9420,男,普通,微信小程序,37,企业职员,深圳,三口之家,否
C9421,女,银卡,社群裂变,35,全职主妇,西安,单身青年,否
C9422,男,普通,社群裂变,27,企业职员,北京,单身青年,否
C9423,男,普通,线下扫码,29,互联网从业,重庆,三口之家,否
C9424,男,普通,微信小程序,23,其他,西安,三口之家,否
C9425,男,普通,App自然注册,26,企业职员,深圳,三口之家,否
C9426,女,普通,社群裂变,34,服务业,郑州,二人世界,否
C9427,女,普通,社群裂变,26,全职主妇,青岛,银发族,否
C9428,男,普通,外卖平台导流,48,服务业,杭州,银发族,否
C9429,女,金卡,社群裂变,25,其他,南京,三口之家,是
C9430,男,普通,微信小程序,39,企业职员,成都,银发族,否
C9431,男,普通,微信小程序,31,企业职员,深圳,单身青年,否
C9432,男,金卡,App自然注册,28,企业职员,其他,多口之家,是
C9433,女,普通,App自然注册,26,服务业,北京,三口之家,否
C9434,女,金卡,微信小程序,35,企业职员,武汉,单身青年,否
C9435,男,银卡,线下扫码,31,全职主妇,杭州,二人世界,否
C9436,女,普通,社群裂变,39,自由职业,北京,三口之家,否
C9437,女,普通,外卖平台导流,43,服务业,广州,三口之家,否
C9438,男,普通,线下扫码,48,服务业,杭州,二人世界,否
C9439,男,银卡,外卖平台导流,26,自由职业,青岛,三口之家,否
C9440,女,普通,微信小程序,24,公务员,南京,二人世界,否
C9441,女,银卡,社群裂变,48,学生,成都,三口之家,否
C9442,男,普通,App自然注册,39,服务业,重庆,三口之家,否
C9443,女,银卡,微信小程序,27,企业职员,深圳,银发族,否
C9444,女,普通,社群裂变,29,互联网从业,深圳,二人世界,否
C9445,女,普通,微信小程序,42,全职主妇,北京,单身青年,否
C9446,女,黑金,微信小程序,34,全职主妇,北京,三口之家,是
C9447,女,普通,社群裂变,38,服务业,其他,银发族,否
C9448,女,普通,外卖平台导流,31,全职主妇,北京,三口之家,否
C9449,女,普通,微信小程序,36,学生,上海,单身青年,否
C9450,女,普通,地推活动,28,企业职员,深圳,单身青年,否
C9451,女,普通,App自然注册,39,互联网从业,西安,单身青年,否
C9452,女,银卡,外卖平台导流,27,服务业,苏州,单身青年,否
C9453,女,普通,微信小程序,39,全职主妇,深圳,三口之家,否
C9454,男,普通,微信小程序,38,企业职员,郑州,三口之家,否
C9455,女,普通,App自然注册,38,企业职员,南京,三口之家,否
C9456,男,普通,App自然注册,39,全职主妇,杭州,二人世界,否
C9457,女,金卡,微信小程序,24,企业职员,其他,单身青年,是
C9458,男,普通,外卖平台导流,24,企业职员,天津,单身青年,否
C9459,女,普通,App自然注册,42,自由职业,长沙,三口之家,否
C9460,男,普通,地推活动,31,企业职员,西安,银发族,否
C9461,女,银卡,社群裂变,40,企业职员,北京,三口之家,否
C9462,男,银卡,App自然注册,28,企业职员,武汉,银发族,否
C9463,男,金卡,App自然注册,38,自由职业,杭州,二人世界,是
C9464,女,普通,App自然注册,35,学生,苏州,多口之家,否
C9465,男,普通,线下扫码,40,全职主妇,上海,银发族,否
C9466,女,普通,App自然注册,31,企业职员,杭州,多口之家,否
C9467,男,普通,微信小程序,47,全职主妇,南京,二人世界,否
C9468,女,银卡,社群裂变,37,公务员,成都,单身青年,否
C9469,女,普通,App自然注册,38,互联网从业,苏州,三口之家,否
C9470,女,银卡,线下扫码,38,学生,深圳,三口之家,否
C9471,女,普通,社群裂变,43,企业职员,西安,三口之家,否
C9472,男,普通,外卖平台导流,34,自由职业,上海,单身青年,否
C9473,女,普通,App自然注册,34,自由职业,广州,三口之家,否
C9474,男,普通,社群裂变,40,企业职员,上海,单身青年,否
C9475,男,普通,微信小程序,38,自由职业,长沙,二人世界,否
C9476,女,金卡,App自然注册,28,全职主妇,长沙,单身青年,是
C9477,女,金卡,微信小程序,47,全职主妇,上海,单身青年,否
C9478,女,普通,微信小程序,29,公务员,杭州,单身青年,否
C9479,女,银卡,线下扫码,36,互联网从业,重庆,单身青年,否
C9480,男,银卡,社群裂变,45,服务业,北京,二人世界,否
C9481,男,银卡,社群裂变,39,学生,上海,三口之家,否
C9482,男,普通,App自然注册,40,自由职业,上海,单身青年,否
C9483,女,黑金,线下扫码,28,学生,北京,三口之家,是
C9484,男,普通,线下扫码,32,互联网从业,成都,银发族,否
C9485,男,普通,微信小程序,34,公务员,深圳,三口之家,否
C9486,女,普通,微信小程序,32,其他,杭州,单身青年,否
C9487,男,普通,地推活动,33,互联网从业,苏州,二人世界,否
C9488,女,普通,App自然注册,34,其他,广州,单身青年,否
C9489,男,普通,社群裂变,43,企业职员,西安,二人世界,否
C9490,男,普通,App自然注册,29,企业职员,上海,三口之家,否
C9491,男,普通,外卖平台导流,40,全职主妇,南京,三口之家,否
C9492,女,普通,社群裂变,35,企业职员,深圳,二人世界,否
C9493,女,普通,社群裂变,31,服务业,西安,单身青年,否
C9494,男,银卡,外卖平台导流,25,企业职员,长沙,三口之家,否
C9495,男,普通,微信小程序,41,学生,武汉,三口之家,否
C9496,女,普通,微信小程序,38,企业职员,郑州,三口之家,否
C9497,女,银卡,微信小程序,38,互联网从业,武汉,二人世界,否
C9498,女,普通,微信小程序,34,全职主妇,广州,单身青年,否
C9499,男,银卡,App自然注册,22,全职主妇,重庆,银发族,否
C9500,女,普通,线下扫码,32,企业职员,其他,二人世界,否
C9501,女,银卡,微信小程序,47,全职主妇,上海,三口之家,否
C9502,男,普通,微信小程序,44,互联网从业,武汉,三口之家,否
C9503,男,普通,微信小程序,29,其他,上海,单身青年,否
C9504,男,普通,微信小程序,27,全职主妇,上海,二人世界,否
C9505,男,普通,App自然注册,47,企业职员,南京,银发族,否
C9506,女,普通,外卖平台导流,34,服务业,长沙,三口之家,否
C9507,男,普通,线下扫码,38,其他,上海,三口之家,否
C9508,女,银卡,社群裂变,27,全职主妇,重庆,多口之家,否
C9509,女,普通,App自然注册,48,公务员,苏州,二人世界,否
C9510,女,银卡,微信小程序,41,自由职业,杭州,二人世界,否
C9511,男,普通,App自然注册,33,全职主妇,广州,二人世界,否
C9512,男,普通,地推活动,30,全职主妇,其他,三口之家,否
C9513,男,普通,微信小程序,22,服务业,苏州,三口之家,否
C9514,女,银卡,微信小程序,36,企业职员,上海,二人世界,否
C9515,女,金卡,App自然注册,37,企业职员,重庆,三口之家,否
C9516,女,普通,微信小程序,28,自由职业,北京,多口之家,否
C9517,女,银卡,外卖平台导流,41,企业职员,重庆,单身青年,否
C9518,男,普通,微信小程序,42,企业职员,南京,单身青年,否
C9519,男,普通,社群裂变,32,其他,广州,银发族,否
C9520,女,普通,线下扫码,30,全职主妇,重庆,三口之家,否
C9521,女,普通,微信小程序,32,服务业,深圳,多口之家,否
C9522,女,普通,线下扫码,44,互联网从业,深圳,三口之家,否
C9523,男,普通,App自然注册,25,公务员,上海,三口之家,否
C9524,女,银卡,线下扫码,42,全职主妇,成都,二人世界,否
C9525,女,普通,App自然注册,31,企业职员,杭州,二人世界,否
C9526,男,普通,App自然注册,40,互联网从业,北京,三口之家,否
C9527,女,银卡,App自然注册,44,其他,重庆,三口之家,否
C9528,女,普通,微信小程序,31,企业职员,武汉,单身青年,否
C9529,女,普通,社群裂变,34,全职主妇,北京,多口之家,否
C9530,男,普通,社群裂变,34,企业职员,深圳,三口之家,否
C9531,男,黑金,外卖平台导流,38,企业职员,杭州,三口之家,是
C9532,男,普通,线下扫码,33,服务业,西安,多口之家,否
C9533,男,普通,App自然注册,31,学生,上海,多口之家,否
C9534,男,普通,微信小程序,38,服务业,北京,三口之家,否
C9535,男,金卡,社群裂变,32,企业职员,苏州,多口之家,是
C9536,女,金卡,App自然注册,29,企业职员,南京,三口之家,否
C9537,女,银卡,线下扫码,40,企业职员,青岛,三口之家,否
C9538,女,银卡,微信小程序,27,企业职员,上海,三口之家,否
C9539,男,普通,社群裂变,34,互联网从业,重庆,三口之家,否
C9540,女,银卡,App自然注册,30,企业职员,苏州,银发族,否
C9541,男,银卡,线下扫码,33,互联网从业,北京,多口之家,否
C9542,男,银卡,微信小程序,33,其他,广州,多口之家,否
C9543,男,普通,微信小程序,38,企业职员,武汉,三口之家,否
C9544,女,普通,微信小程序,43,企业职员,上海,三口之家,否
C9545,女,黑金,线下扫码,47,全职主妇,深圳,单身青年,是
C9546,女,黑金,App自然注册,24,全职主妇,郑州,单身青年,是
C9547,女,普通,微信小程序,33,其他,上海,三口之家,否
C9548,男,普通,外卖平台导流,41,全职主妇,其他,三口之家,否
C9549,女,普通,微信小程序,43,互联网从业,成都,二人世界,否
C9550,男,普通,地推活动,30,公务员,西安,三口之家,否
C9551,女,普通,社群裂变,43,企业职员,北京,三口之家,否
C9552,男,普通,社群裂变,38,企业职员,广州,三口之家,否
C9553,女,普通,线下扫码,40,学生,郑州,银发族,否
C9554,女,银卡,外卖平台导流,34,自由职业,长沙,银发族,否
C9555,女,普通,App自然注册,38,其他,深圳,三口之家,否
C9556,女,普通,微信小程序,44,其他,深圳,二人世界,否
C9557,女,普通,社群裂变,34,学生,其他,三口之家,否
C9558,女,普通,App自然注册,42,企业职员,南京,多口之家,否
C9559,男,银卡,App自然注册,28,其他,深圳,三口之家,否
C9560,男,普通,App自然注册,30,服务业,杭州,三口之家,否
C9561,女,金卡,微信小程序,28,学生,上海,二人世界,是
C9562,男,普通,微信小程序,35,学生,杭州,单身青年,否
C9563,女,普通,App自然注册,42,自由职业,青岛,三口之家,否
C9564,女,普通,App自然注册,39,服务业,成都,单身青年,否
C9565,男,普通,地推活动,35,公务员,深圳,银发族,否
C9566,男,普通,微信小程序,39,互联网从业,重庆,三口之家,否
C9567,男,普通,微信小程序,22,企业职员,郑州,多口之家,否
C9568,男,普通,社群裂变,42,全职主妇,杭州,二人世界,否
C9569,女,普通,App自然注册,36,服务业,广州,三口之家,否
C9570,女,银卡,社群裂变,34,其他,北京,银发族,否
C9571,女,普通,地推活动,33,企业职员,苏州,银发族,否
C9572,女,金卡,App自然注册,33,互联网从业,杭州,三口之家,否
C9573,男,普通,微信小程序,22,自由职业,杭州,三口之家,否
C9574,男,银卡,地推活动,42,互联网从业,武汉,单身青年,否
C9575,男,普通,App自然注册,36,互联网从业,青岛,三口之家,否
C9576,男,普通,App自然注册,24,互联网从业,苏州,多口之家,否
C9577,男,普通,外卖平台导流,48,全职主妇,上海,单身青年,否
C9578,女,银卡,App自然注册,30,学生,深圳,二人世界,否
C9579,女,银卡,社群裂变,40,全职主妇,其他,三口之家,否
C9580,女,普通,地推活动,33,互联网从业,其他,三口之家,否
C9581,男,银卡,线下扫码,38,全职主妇,成都,二人世界,否
C9582,男,银卡,外卖平台导流,31,其他,上海,二人世界,否
C9583,男,银卡,社群裂变,33,互联网从业,南京,单身青年,否
C9584,男,普通,微信小程序,42,全职主妇,苏州,三口之家,否
C9585,女,银卡,App自然注册,33,服务业,北京,单身青年,否
C9586,女,普通,线下扫码,35,全职主妇,上海,三口之家,否
C9587,男,普通,App自然注册,42,服务业,西安,二人世界,否
C9588,男,普通,App自然注册,42,互联网从业,杭州,三口之家,否
C9589,女,普通,微信小程序,35,公务员,北京,三口之家,否
C9590,女,普通,App自然注册,38,服务业,西安,银发族,否
C9591,男,普通,App自然注册,34,其他,北京,三口之家,否
C9592,女,普通,微信小程序,23,全职主妇,杭州,单身青年,否
C9593,女,银卡,App自然注册,46,互联网从业,重庆,三口之家,否
C9594,男,银卡,线下扫码,46,互联网从业,广州,三口之家,否
C9595,男,银卡,社群裂变,33,服务业,上海,三口之家,否
C9596,男,普通,微信小程序,43,自由职业,青岛,三口之家,否
C9597,男,普通,微信小程序,33,公务员,上海,二人世界,否
C9598,男,普通,社群裂变,46,企业职员,长沙,二人世界,否
C9599,女,普通,外卖平台导流,35,全职主妇,广州,单身青年,否
C9600,女,普通,微信小程序,28,服务业,武汉,三口之家,否
C9601,男,普通,社群裂变,26,公务员,北京,二人世界,否
C9602,女,普通,微信小程序,30,企业职员,广州,单身青年,否
C9603,女,银卡,微信小程序,38,企业职员,北京,单身青年,否
C9604,女,金卡,社群裂变,38,其他,上海,银发族,否
C9605,男,普通,App自然注册,32,其他,上海,三口之家,否
C9606,男,普通,App自然注册,36,公务员,杭州,多口之家,否
C9607,女,普通,App自然注册,46,企业职员,上海,单身青年,否
C9608,男,普通,线下扫码,32,全职主妇,长沙,银发族,否
C9609,男,普通,线下扫码,24,互联网从业,深圳,单身青年,否
C9610,女,银卡,外卖平台导流,35,企业职员,青岛,多口之家,否
C9611,女,普通,App自然注册,38,企业职员,上海,单身青年,否
C9612,男,普通,App自然注册,22,企业职员,成都,三口之家,否
C9613,女,银卡,App自然注册,30,公务员,广州,三口之家,否
C9614,男,普通,微信小程序,28,企业职员,成都,三口之家,否
C9615,女,普通,微信小程序,48,服务业,青岛,三口之家,否
C9616,男,普通,地推活动,33,其他,重庆,二人世界,否
C9617,男,普通,外卖平台导流,30,其他,南京,银发族,否
C9618,女,普通,App自然注册,40,企业职员,其他,三口之家,否
C9619,男,银卡,社群裂变,47,企业职员,南京,三口之家,否
C9620,男,普通,App自然注册,35,其他,杭州,多口之家,否
C9621,女,普通,App自然注册,22,企业职员,武汉,三口之家,否
C9622,女,普通,外卖平台导流,30,企业职员,上海,单身青年,否
C9623,男,银卡,App自然注册,43,学生,北京,三口之家,否
C9624,女,普通,微信小程序,38,学生,北京,单身青年,否
C9625,女,普通,社群裂变,35,企业职员,其他,单身青年,否
C9626,男,金卡,App自然注册,35,其他,深圳,多口之家,否
C9627,男,金卡,App自然注册,28,全职主妇,苏州,二人世界,否
C9628,男,银卡,App自然注册,40,企业职员,成都,多口之家,否
C9629,女,普通,线下扫码,28,服务业,天津,三口之家,否
C9630,女,普通,外卖平台导流,26,其他,上海,多口之家,否
C9631,女,普通,微信小程序,45,企业职员,青岛,三口之家,否
C9632,男,银卡,微信小程序,36,互联网从业,上海,多口之家,否
C9633,女,普通,外卖平台导流,41,其他,西安,三口之家,否
C9634,女,普通,微信小程序,34,自由职业,其他,银发族,否
C9635,男,普通,App自然注册,33,企业职员,深圳,三口之家,否
C9636,女,普通,微信小程序,31,自由职业,上海,三口之家,否
C9637,女,银卡,微信小程序,31,企业职员,深圳,二人世界,否
C9638,男,普通,App自然注册,34,企业职员,深圳,二人世界,否
C9639,女,普通,App自然注册,22,全职主妇,青岛,二人世界,否
C9640,女,普通,微信小程序,24,全职主妇,成都,银发族,否
C9641,女,普通,线下扫码,26,企业职员,上海,单身青年,否
C9642,男,银卡,社群裂变,48,全职主妇,其他,三口之家,否
C9643,女,普通,外卖平台导流,26,学生,深圳,多口之家,否
C9644,女,普通,App自然注册,36,学生,天津,多口之家,否
C9645,女,银卡,线下扫码,33,企业职员,杭州,银发族,否
C9646,男,普通,App自然注册,22,全职主妇,重庆,三口之家,否
C9647,女,普通,线下扫码,30,全职主妇,北京,单身青年,否
C9648,女,金卡,线下扫码,32,企业职员,成都,单身青年,否
C9649,女,普通,线下扫码,34,公务员,上海,三口之家,否
C9650,男,银卡,地推活动,27,学生,上海,单身青年,否
C9651,男,普通,微信小程序,42,企业职员,成都,多口之家,否
C9652,男,银卡,外卖平台导流,22,互联网从业,苏州,银发族,否
C9653,女,普通,线下扫码,48,企业职员,成都,三口之家,否
C9654,男,普通,线下扫码,30,企业职员,成都,单身青年,否
C9655,男,金卡,线下扫码,42,全职主妇,上海,多口之家,是
C9656,女,普通,社群裂变,37,学生,苏州,三口之家,否
C9657,男,普通,微信小程序,48,全职主妇,南京,单身青年,否
C9658,女,普通,App自然注册,41,服务业,上海,多口之家,否
C9659,男,银卡,外卖平台导流,43,公务员,苏州,二人世界,否
C9660,女,普通,外卖平台导流,27,自由职业,成都,单身青年,否
C9661,女,普通,社群裂变,37,企业职员,北京,三口之家,否
C9662,女,普通,微信小程序,33,互联网从业,西安,多口之家,否
C9663,女,普通,微信小程序,31,互联网从业,青岛,二人世界,否
C9664,男,普通,线下扫码,25,学生,苏州,多口之家,否
C9665,女,普通,App自然注册,38,企业职员,成都,三口之家,否
C9666,女,银卡,App自然注册,32,其他,南京,二人世界,否
C9667,女,普通,微信小程序,39,全职主妇,广州,单身青年,否
C9668,女,普通,社群裂变,27,企业职员,天津,多口之家,否
C9669,女,银卡,App自然注册,41,互联网从业,武汉,三口之家,否
C9670,男,银卡,外卖平台导流,36,互联网从业,深圳,三口之家,否
C9671,女,普通,线下扫码,37,互联网从业,上海,单身青年,否
C9672,女,银卡,微信小程序,31,其他,苏州,三口之家,否
C9673,女,普通,App自然注册,22,公务员,广州,三口之家,否
C9674,女,银卡,线下扫码,40,企业职员,其他,三口之家,否
C9675,女,银卡,App自然注册,34,服务业,广州,多口之家,否
C9676,男,普通,微信小程序,30,企业职员,北京,银发族,否
C9677,女,银卡,线下扫码,28,互联网从业,成都,银发族,否
C9678,女,普通,微信小程序,36,其他,长沙,单身青年,否
C9679,女,普通,微信小程序,38,服务业,西安,多口之家,否
C9680,男,普通,外卖平台导流,34,企业职员,西安,银发族,否
C9681,男,黑金,App自然注册,45,全职主妇,西安,二人世界,是
C9682,女,银卡,线下扫码,31,其他,天津,单身青年,否
C9683,男,普通,微信小程序,40,企业职员,西安,银发族,否
C9684,男,金卡,外卖平台导流,43,学生,成都,三口之家,是
C9685,男,普通,地推活动,40,企业职员,武汉,三口之家,否
C9686,男,普通,微信小程序,32,全职主妇,西安,三口之家,否
C9687,男,普通,App自然注册,40,企业职员,北京,三口之家,否
C9688,女,银卡,社群裂变,29,企业职员,北京,二人世界,否
C9689,男,银卡,线下扫码,25,企业职员,西安,三口之家,否
C9690,男,银卡,App自然注册,25,企业职员,广州,单身青年,否
C9691,女,普通,App自然注册,48,公务员,武汉,三口之家,否
C9692,女,普通,App自然注册,25,企业职员,长沙,二人世界,否
C9693,女,银卡,App自然注册,37,企业职员,其他,银发族,否
C9694,女,黑金,App自然注册,31,全职主妇,杭州,三口之家,是
C9695,女,普通,App自然注册,24,服务业,杭州,二人世界,否
C9696,女,普通,微信小程序,26,公务员,南京,三口之家,否
C9697,女,普通,线下扫码,25,全职主妇,上海,三口之家,否
C9698,女,普通,App自然注册,44,全职主妇,武汉,三口之家,否
C9699,女,普通,微信小程序,32,全职主妇,天津,三口之家,否
C9700,男,金卡,线下扫码,25,企业职员,南京,二人世界,是
C9701,女,银卡,微信小程序,32,全职主妇,杭州,多口之家,否
C9702,女,银卡,微信小程序,27,企业职员,西安,多口之家,否
C9703,女,普通,App自然注册,32,全职主妇,杭州,多口之家,否
C9704,女,银卡,线下扫码,45,全职主妇,广州,单身青年,否
C9705,男,普通,外卖平台导流,38,企业职员,天津,多口之家,否
C9706,女,普通,地推活动,28,互联网从业,天津,单身青年,否
C9707,男,普通,线下扫码,34,公务员,青岛,多口之家,否
C9708,女,普通,外卖平台导流,48,企业职员,郑州,单身青年,否
C9709,男,普通,微信小程序,26,服务业,重庆,二人世界,否
C9710,女,普通,地推活动,31,企业职员,杭州,多口之家,否
C9711,女,普通,App自然注册,33,学生,武汉,三口之家,否
C9712,女,普通,线下扫码,43,学生,上海,三口之家,否
C9713,女,银卡,微信小程序,37,学生,上海,银发族,否
C9714,男,银卡,外卖平台导流,48,全职主妇,杭州,三口之家,否
C9715,女,普通,App自然注册,44,企业职员,苏州,三口之家,否
C9716,男,普通,外卖平台导流,34,企业职员,长沙,单身青年,否
C9717,男,普通,线下扫码,39,企业职员,北京,二人世界,否
C9718,女,银卡,线下扫码,29,学生,北京,三口之家,否
C9719,女,金卡,App自然注册,39,自由职业,其他,单身青年,是
C9720,女,普通,微信小程序,33,其他,成都,三口之家,否
C9721,男,普通,社群裂变,48,互联网从业,武汉,二人世界,否
C9722,女,银卡,微信小程序,33,服务业,深圳,二人世界,否
C9723,女,金卡,外卖平台导流,33,企业职员,北京,银发族,是
C9724,女,金卡,App自然注册,35,服务业,长沙,二人世界,是
C9725,男,金卡,微信小程序,38,全职主妇,重庆,二人世界,否
C9726,男,普通,微信小程序,40,全职主妇,重庆,银发族,否
C9727,男,普通,外卖平台导流,32,企业职员,南京,三口之家,否
C9728,女,普通,微信小程序,29,学生,北京,单身青年,否
C9729,男,普通,App自然注册,44,其他,深圳,三口之家,否
C9730,女,普通,App自然注册,31,学生,其他,二人世界,否
C9731,女,银卡,App自然注册,34,互联网从业,南京,单身青年,否
C9732,女,银卡,App自然注册,35,企业职员,上海,二人世界,否
C9733,女,银卡,外卖平台导流,39,公务员,武汉,单身青年,否
C9734,女,普通,App自然注册,36,企业职员,南京,二人世界,否
C9735,男,普通,社群裂变,22,全职主妇,郑州,三口之家,否
C9736,女,普通,微信小程序,35,自由职业,其他,二人世界,否
C9737,男,普通,外卖平台导流,38,企业职员,北京,三口之家,否
C9738,女,普通,App自然注册,27,互联网从业,天津,银发族,否
C9739,女,金卡,线下扫码,40,全职主妇,长沙,多口之家,是
C9740,女,普通,线下扫码,24,自由职业,郑州,单身青年,否
C9741,男,普通,App自然注册,35,自由职业,北京,三口之家,否
C9742,男,普通,App自然注册,29,互联网从业,长沙,三口之家,否
C9743,男,金卡,地推活动,40,自由职业,北京,三口之家,否
C9744,男,普通,App自然注册,31,自由职业,西安,三口之家,否
C9745,女,普通,App自然注册,30,其他,西安,三口之家,否
C9746,女,普通,社群裂变,22,服务业,长沙,单身青年,否
C9747,女,普通,外卖平台导流,44,企业职员,北京,二人世界,否
C9748,女,普通,微信小程序,25,互联网从业,北京,多口之家,否
C9749,男,银卡,社群裂变,35,公务员,西安,银发族,否
C9750,女,银卡,微信小程序,28,服务业,北京,三口之家,否
C9751,女,普通,线下扫码,36,服务业,武汉,银发族,否
C9752,女,普通,社群裂变,47,企业职员,郑州,三口之家,否
C9753,女,银卡,社群裂变,38,服务业,成都,三口之家,否
C9754,女,银卡,线下扫码,22,互联网从业,其他,三口之家,否
C9755,女,银卡,外卖平台导流,43,服务业,苏州,单身青年,否
C9756,女,银卡,微信小程序,42,全职主妇,西安,三口之家,否
C9757,女,普通,外卖平台导流,29,互联网从业,苏州,三口之家,否
C9758,男,普通,App自然注册,40,全职主妇,武汉,多口之家,否
C9759,男,普通,App自然注册,26,全职主妇,其他,二人世界,否
C9760,女,普通,微信小程序,36,学生,重庆,多口之家,否
C9761,女,普通,外卖平台导流,41,企业职员,上海,三口之家,否
C9762,女,普通,微信小程序,36,企业职员,上海,三口之家,否
C9763,男,普通,微信小程序,44,互联网从业,广州,多口之家,否
C9764,男,普通,外卖平台导流,32,全职主妇,成都,二人世界,否
C9765,女,普通,社群裂变,30,全职主妇,深圳,单身青年,否
C9766,女,金卡,App自然注册,35,企业职员,郑州,二人世界,是
C9767,男,普通,社群裂变,28,企业职员,广州,三口之家,否
C9768,女,银卡,微信小程序,24,服务业,重庆,三口之家,否
C9769,男,普通,线下扫码,25,企业职员,广州,二人世界,否
C9770,女,金卡,线下扫码,37,企业职员,上海,银发族,是
C9771,女,银卡,线下扫码,29,企业职员,苏州,多口之家,否
C9772,女,普通,微信小程序,27,企业职员,广州,多口之家,否
C9773,女,普通,社群裂变,37,全职主妇,其他,单身青年,否
C9774,男,普通,App自然注册,34,服务业,成都,多口之家,否
C9775,女,普通,微信小程序,34,企业职员,北京,二人世界,否
C9776,女,银卡,线下扫码,22,互联网从业,天津,三口之家,否
C9777,男,普通,社群裂变,31,全职主妇,深圳,银发族,否
C9778,女,普通,App自然注册,32,互联网从业,武汉,三口之家,否
C9779,女,银卡,微信小程序,22,全职主妇,郑州,二人世界,否
C9780,女,金卡,App自然注册,41,服务业,其他,二人世界,是
C9781,女,银卡,微信小程序,28,学生,北京,三口之家,否
C9782,女,普通,微信小程序,30,互联网从业,重庆,银发族,否
C9783,男,普通,App自然注册,36,企业职员,其他,三口之家,否
C9784,男,普通,微信小程序,35,互联网从业,青岛,三口之家,否
C9785,女,普通,外卖平台导流,34,公务员,广州,二人世界,否
C9786,女,普通,App自然注册,41,企业职员,深圳,三口之家,否
C9787,男,银卡,线下扫码,32,服务业,天津,银发族,否
C9788,女,银卡,地推活动,32,其他,长沙,多口之家,否
C9789,女,普通,微信小程序,26,全职主妇,成都,三口之家,否
C9790,女,银卡,线下扫码,39,企业职员,北京,三口之家,否
C9791,女,普通,App自然注册,38,全职主妇,广州,二人世界,否
C9792,男,银卡,微信小程序,35,学生,天津,单身青年,否
C9793,女,金卡,微信小程序,26,其他,郑州,单身青年,否
C9794,女,银卡,App自然注册,31,学生,北京,多口之家,否
C9795,女,普通,微信小程序,37,全职主妇,天津,三口之家,否
C9796,男,普通,App自然注册,32,学生,广州,银发族,否
C9797,男,银卡,App自然注册,25,互联网从业,西安,单身青年,否
C9798,男,银卡,微信小程序,27,企业职员,成都,单身青年,否
C9799,男,普通,App自然注册,22,企业职员,上海,三口之家,否
C9800,男,普通,外卖平台导流,43,企业职员,上海,单身青年,否
